2017-01-01T00:01:26+00:00,1.73
2017-01-01T00:03:08+00:00,1.73
2017-01-01T00:04:56+00:00,1.72
2017-01-01T00:06:33+00:00,2.29
2017-01-01T00:08:18+00:00,1.72
2017-01-01T00:10:02+00:00,1.72
2017-01-01T00:11:38+00:00,1.6
2017-01-01T00:13:22+00:00,1.59
2017-01-01T00:15:06+00:00,1.59
2017-01-01T00:16:41+00:00,1.59
2017-01-01T00:18:25+00:00,1.59
2017-01-01T00:20:09+00:00,1.59
2017-01-01T00:21:46+00:00,1.6
2017-01-01T00:23:31+00:00,1.59
2017-01-01T00:25:16+00:00,1.59
2017-01-01T00:26:49+00:00,2.28
2017-01-01T00:28:34+00:00,1.69
2017-01-01T00:30:17+00:00,1.69
2017-01-01T00:31:55+00:00,1.69
2017-01-01T00:33:41+00:00,1.68
2017-01-01T00:35:22+00:00,1.7
2017-01-01T00:36:59+00:00,1.69
2017-01-01T00:38:47+00:00,1.6
2017-01-01T00:40:26+00:00,1.63
2017-01-01T00:42:00+00:00,1.6
2017-01-01T00:43:48+00:00,2.17
2017-01-01T00:45:28+00:00,1.5
2017-01-01T00:47:03+00:00,1.5
2017-01-01T00:48:56+00:00,1.5
2017-01-01T00:50:32+00:00,1.53
2017-01-01T00:52:06+00:00,1.52
2017-01-01T00:53:59+00:00,1.52
2017-01-01T00:55:37+00:00,1.52
2017-01-01T00:57:11+00:00,1.52
2017-01-01T00:59:04+00:00,1.52
2017-01-01T01:00:38+00:00,2.11
2017-01-01T01:02:14+00:00,2.11
2017-01-01T01:04:05+00:00,1.53
2017-01-01T01:05:41+00:00,1.53
2017-01-01T01:07:18+00:00,1.53
2017-01-01T01:09:13+00:00,1.54
2017-01-01T01:10:49+00:00,1.68
2017-01-01T01:12:23+00:00,1.68
2017-01-01T01:14:15+00:00,1.68
2017-01-01T01:15:50+00:00,1.67
2017-01-01T01:17:30+00:00,1.71
2017-01-01T01:19:21+00:00,2.24
2017-01-01T01:20:55+00:00,2.24
2017-01-01T01:22:30+00:00,1.66
2017-01-01T01:24:21+00:00,1.67
2017-01-01T01:25:58+00:00,1.66
2017-01-01T01:27:35+00:00,1.66
2017-01-01T01:29:30+00:00,1.66
2017-01-01T01:31:06+00:00,1.66
2017-01-01T01:32:41+00:00,1.53
2017-01-01T01:34:33+00:00,1.53
2017-01-01T01:36:08+00:00,1.55
2017-01-01T01:37:48+00:00,2.12
2017-01-01T01:39:39+00:00,1.54
2017-01-01T01:41:14+00:00,1.54
2017-01-01T01:42:52+00:00,1.56
2017-01-01T01:44:43+00:00,1.54
2017-01-01T01:46:18+00:00,1.55
2017-01-01T01:47:55+00:00,1.53
2017-01-01T01:49:43+00:00,1.54
2017-01-01T01:51:20+00:00,1.53
2017-01-01T01:52:59+00:00,1.54
2017-01-01T01:54:51+00:00,1.53
2017-01-01T01:56:29+00:00,2.11
2017-01-01T01:58:10+00:00,1.53
2017-01-01T01:59:59+00:00,1.53
2017-01-01T02:01:35+00:00,1.53
2017-01-01T02:03:18+00:00,1.54
2017-01-01T02:05:08+00:00,1.55
2017-01-01T02:06:44+00:00,1.54
2017-01-01T02:08:27+00:00,1.55
2017-01-01T02:10:15+00:00,1.54
2017-01-01T02:11:51+00:00,1.54
2017-01-01T02:13:37+00:00,1.66
2017-01-01T02:15:22+00:00,2.22
2017-01-01T02:16:58+00:00,1.64
2017-01-01T02:18:48+00:00,1.63
2017-01-01T02:20:28+00:00,1.63
2017-01-01T02:22:03+00:00,1.63
2017-01-01T02:23:52+00:00,1.63
2017-01-01T02:25:30+00:00,1.63
2017-01-01T02:27:05+00:00,1.63
2017-01-01T02:29:12+00:00,1.63
2017-01-01T02:30:49+00:00,1.78
2017-01-01T02:32:25+00:00,2.26
2017-01-01T02:34:15+00:00,1.68
2017-01-01T02:35:48+00:00,1.68
2017-01-01T02:37:25+00:00,1.67
2017-01-01T02:39:16+00:00,1.67
2017-01-01T02:40:53+00:00,1.67
2017-01-01T02:42:29+00:00,1.67
2017-01-01T02:44:23+00:00,1.67
2017-01-01T02:45:59+00:00,1.69
2017-01-01T02:47:36+00:00,1.66
2017-01-01T02:49:27+00:00,1.78
2017-01-01T02:51:01+00:00,2.34
2017-01-01T02:52:40+00:00,1.63
2017-01-01T02:54:33+00:00,1.64
2017-01-01T02:56:18+00:00,1.65
2017-01-01T02:57:57+00:00,1.64
2017-01-01T02:59:50+00:00,1.64
2017-01-01T03:01:26+00:00,1.64
2017-01-01T03:03:06+00:00,1.63
2017-01-01T03:04:56+00:00,1.63
2017-01-01T03:06:31+00:00,1.64
2017-01-01T03:08:20+00:00,2.22
2017-01-01T03:10:09+00:00,1.63
2017-01-01T03:11:45+00:00,1.63
2017-01-01T03:13:28+00:00,1.63
2017-01-01T03:15:17+00:00,1.63
2017-01-01T03:16:53+00:00,1.63
2017-01-01T03:18:39+00:00,1.63
2017-01-01T03:20:21+00:00,1.63
2017-01-01T03:21:56+00:00,1.63
2017-01-01T03:23:42+00:00,1.64
2017-01-01T03:25:24+00:00,1.64
2017-01-01T03:26:58+00:00,2.21
2017-01-01T03:28:44+00:00,1.6
2017-01-01T03:30:26+00:00,1.77
2017-01-01T03:31:59+00:00,1.77
2017-01-01T03:33:47+00:00,1.76
2017-01-01T03:35:27+00:00,1.77
2017-01-01T03:37:03+00:00,1.76
2017-01-01T03:38:55+00:00,1.75
2017-01-01T03:40:33+00:00,1.62
2017-01-01T03:42:06+00:00,1.62
2017-01-01T03:43:58+00:00,1.62
2017-01-01T03:45:35+00:00,2.19
2017-01-01T03:47:10+00:00,1.62
2017-01-01T03:49:01+00:00,1.62
2017-01-01T03:50:39+00:00,1.77
2017-01-01T03:52:16+00:00,1.68
2017-01-01T03:54:09+00:00,1.68
2017-01-01T03:55:43+00:00,1.68
2017-01-01T03:57:18+00:00,1.68
2017-01-01T03:59:09+00:00,1.67
2017-01-01T04:00:45+00:00,1.84
2017-01-01T04:02:21+00:00,1.91
2017-01-01T04:04:15+00:00,2.49
2017-01-01T04:05:49+00:00,1.89
2017-01-01T04:07:27+00:00,1.89
2017-01-01T04:09:21+00:00,1.88
2017-01-01T04:10:57+00:00,1.75
2017-01-01T04:12:43+00:00,1.63
2017-01-01T04:14:37+00:00,1.66
2017-01-01T04:16:13+00:00,1.63
2017-01-01T04:17:51+00:00,1.63
2017-01-01T04:19:42+00:00,1.54
2017-01-01T04:21:16+00:00,2.11
2017-01-01T04:22:54+00:00,1.53
2017-01-01T04:24:47+00:00,1.54
2017-01-01T04:26:25+00:00,1.53
2017-01-01T04:28:07+00:00,1.54
2017-01-01T04:29:55+00:00,1.71
2017-01-01T04:31:31+00:00,1.67
2017-01-01T04:33:13+00:00,1.67
2017-01-01T04:35:00+00:00,1.67
2017-01-01T04:36:34+00:00,1.67
2017-01-01T04:38:15+00:00,2.24
2017-01-01T04:40:02+00:00,1.67
2017-01-01T04:41:37+00:00,1.53
2017-01-01T04:43:18+00:00,1.53
2017-01-01T04:45:02+00:00,1.54
2017-01-01T04:46:39+00:00,1.54
2017-01-01T04:48:21+00:00,1.54
2017-01-01T04:50:06+00:00,1.54
2017-01-01T04:51:43+00:00,1.54
2017-01-01T04:53:30+00:00,1.54
2017-01-01T04:55:18+00:00,1.53
2017-01-01T04:57:07+00:00,2.12
2017-01-01T04:58:56+00:00,1.54
2017-01-01T05:00:36+00:00,1.51
2017-01-01T05:02:13+00:00,1.68
2017-01-01T05:04:06+00:00,1.67
2017-01-01T05:06:00+00:00,1.67
2017-01-01T05:07:38+00:00,1.67
2017-01-01T05:09:32+00:00,1.66
2017-01-01T05:11:12+00:00,1.8
2017-01-01T05:12:58+00:00,1.68
2017-01-01T05:15:01+00:00,2.22
2017-01-01T05:16:56+00:00,1.65
2017-01-01T05:19:01+00:00,1.66
2017-01-01T05:20:49+00:00,1.65
2017-01-01T05:22:34+00:00,1.65
2017-01-01T05:24:35+00:00,1.64
2017-01-01T05:26:30+00:00,1.64
2017-01-01T05:28:35+00:00,1.65
2017-01-01T06:34:16+00:00,1.82
2017-01-01T06:36:02+00:00,1.97
2017-01-01T06:37:37+00:00,1.96
2017-01-01T06:39:28+00:00,1.96
2017-01-01T06:41:03+00:00,1.86
2017-01-01T06:42:40+00:00,1.86
2017-01-01T06:44:31+00:00,2.41
2017-01-01T06:46:06+00:00,2.3
2017-01-01T06:47:42+00:00,1.73
2017-01-01T06:49:31+00:00,1.73
2017-01-01T06:51:07+00:00,1.73
2017-01-01T06:53:06+00:00,1.61
2017-01-01T06:54:51+00:00,1.61
2017-01-01T06:56:25+00:00,1.61
2017-01-01T06:58:03+00:00,1.61
2017-01-01T06:59:50+00:00,1.61
2017-01-01T07:01:26+00:00,1.61
2017-01-01T07:03:07+00:00,2.18
2017-01-01T07:04:51+00:00,1.53
2017-01-01T07:06:26+00:00,1.53
2017-01-01T07:08:06+00:00,1.53
2017-01-01T07:09:52+00:00,1.52
2017-01-01T07:11:28+00:00,1.52
2017-01-01T07:13:08+00:00,1.53
2017-01-01T07:14:54+00:00,1.53
2017-01-01T07:16:48+00:00,1.52
2017-01-01T07:18:33+00:00,1.53
2017-01-01T07:20:26+00:00,2.1
2017-01-01T07:22:00+00:00,1.66
2017-01-01T07:23:48+00:00,1.66
2017-01-01T07:25:26+00:00,1.66
2017-01-01T07:27:01+00:00,1.66
2017-01-01T07:29:04+00:00,1.66
2017-01-01T07:30:38+00:00,1.66
2017-01-01T07:32:25+00:00,1.53
2017-01-01T07:34:17+00:00,1.53
2017-01-01T07:35:52+00:00,1.52
2017-01-01T07:37:26+00:00,2.11
2017-01-01T07:39:17+00:00,1.52
2017-01-01T07:40:51+00:00,1.52
2017-01-01T07:42:26+00:00,1.52
2017-01-01T07:44:16+00:00,1.52
2017-01-01T07:45:51+00:00,1.52
2017-01-01T07:47:27+00:00,1.52
2017-01-01T07:49:20+00:00,1.51
2017-01-01T07:50:58+00:00,1.53
2017-01-01T07:52:32+00:00,1.8
2017-01-01T07:54:25+00:00,1.79
2017-01-01T07:56:00+00:00,2.37
2017-01-01T07:57:34+00:00,1.8
2017-01-01T07:59:26+00:00,1.79
2017-01-01T08:01:01+00:00,1.79
2017-01-01T08:02:36+00:00,1.66
2017-01-01T08:04:26+00:00,1.77
2017-01-01T08:06:02+00:00,1.76
2017-01-01T08:07:38+00:00,1.75
2017-01-01T08:09:27+00:00,1.75
2017-01-01T08:11:03+00:00,1.75
2017-01-01T08:12:39+00:00,1.62
2017-01-01T08:14:34+00:00,2.2
2017-01-01T08:16:10+00:00,1.63
2017-01-01T08:17:46+00:00,1.63
2017-01-01T08:19:39+00:00,1.62
2017-01-01T08:21:29+00:00,1.78
2017-01-01T08:23:10+00:00,1.67
2017-01-01T08:24:56+00:00,1.65
2017-01-01T08:26:31+00:00,1.66
2017-01-01T08:28:12+00:00,1.65
2017-01-01T08:29:59+00:00,1.66
2017-01-01T08:31:52+00:00,2.22
2017-01-01T08:33:39+00:00,1.52
2017-01-01T08:35:22+00:00,1.52
2017-01-01T08:36:56+00:00,1.52
2017-01-01T08:38:43+00:00,1.52
2017-01-01T08:40:24+00:00,1.52
2017-01-01T08:41:59+00:00,1.52
2017-01-01T08:43:47+00:00,1.52
2017-01-01T08:45:26+00:00,1.53
2017-01-01T08:47:02+00:00,1.53
2017-01-01T08:48:48+00:00,2.11
2017-01-01T08:50:25+00:00,1.53
2017-01-01T08:52:09+00:00,1.53
2017-01-01T08:54:02+00:00,1.5
2017-01-01T08:55:42+00:00,1.51
2017-01-01T08:57:18+00:00,1.5
2017-01-01T08:59:14+00:00,1.66
2017-01-01T09:00:49+00:00,1.66
2017-01-01T09:02:24+00:00,1.65
2017-01-01T09:04:19+00:00,1.65
2017-01-01T09:05:55+00:00,2.22
2017-01-01T09:07:34+00:00,1.65
2017-01-01T09:09:26+00:00,1.51
2017-01-01T09:11:01+00:00,1.51
2017-01-01T09:12:37+00:00,1.66
2017-01-01T09:14:29+00:00,1.66
2017-01-01T09:16:05+00:00,1.65
2017-01-01T09:17:42+00:00,1.76
2017-01-01T09:19:37+00:00,1.76
2017-01-01T09:21:33+00:00,1.74
2017-01-01T09:23:14+00:00,1.75
2017-01-01T09:25:01+00:00,2.3
2017-01-01T09:26:37+00:00,1.74
2017-01-01T09:28:20+00:00,1.71
2017-01-01T09:30:04+00:00,1.88
2017-01-01T09:31:39+00:00,1.87
2017-01-01T09:33:21+00:00,1.75
2017-01-01T09:35:04+00:00,1.75
2017-01-01T09:36:39+00:00,1.75
2017-01-01T09:38:23+00:00,1.74
2017-01-01T09:40:09+00:00,1.61
2017-01-01T09:41:43+00:00,2.17
2017-01-01T09:43:23+00:00,1.61
2017-01-01T09:45:10+00:00,1.61
2017-01-01T09:46:45+00:00,1.61
2017-01-01T09:48:31+00:00,1.61
2017-01-01T09:50:16+00:00,1.73
2017-01-01T09:52:00+00:00,1.72
2017-01-01T09:53:48+00:00,1.72
2017-01-01T09:55:28+00:00,1.71
2017-01-01T09:57:05+00:00,1.71
2017-01-01T09:58:55+00:00,1.7
2017-01-01T10:00:33+00:00,2.25
2017-01-01T10:02:10+00:00,1.68
2017-01-01T10:04:03+00:00,1.68
2017-01-01T10:05:39+00:00,1.84
2017-01-01T10:07:17+00:00,1.83
2017-01-01T10:09:10+00:00,1.74
2017-01-01T10:10:47+00:00,1.74
2017-01-01T10:12:23+00:00,1.75
2017-01-01T10:14:18+00:00,1.72
2017-01-01T10:15:56+00:00,1.61
2017-01-01T10:17:33+00:00,1.52
2017-01-01T10:19:23+00:00,2.1
2017-01-01T10:20:58+00:00,1.52
2017-01-01T10:22:33+00:00,1.52
2017-01-01T10:24:27+00:00,1.52
2017-01-01T10:26:04+00:00,1.52
2017-01-01T10:27:42+00:00,1.53
2017-01-01T10:29:43+00:00,1.53
2017-01-01T10:32:02+00:00,1.69
2017-01-01T10:34:22+00:00,1.67
2017-01-01T10:36:50+00:00,1.64
2017-01-01T10:39:01+00:00,1.63
2017-01-01T10:41:44+00:00,1.79
2017-01-01T10:43:38+00:00,1.78
2017-01-01T10:45:30+00:00,1.78
2017-01-01T10:47:23+00:00,1.78
2017-01-01T10:49:18+00:00,1.65
2017-01-01T10:50:57+00:00,1.68
2017-01-01T10:52:36+00:00,1.65
2017-01-01T10:54:31+00:00,2.11
2017-01-01T10:56:09+00:00,1.53
2017-01-01T10:57:50+00:00,1.54
2017-01-01T10:59:45+00:00,1.53
2017-01-01T11:01:23+00:00,1.54
2017-01-01T11:03:09+00:00,1.53
2017-01-01T11:05:01+00:00,1.53
2017-01-01T11:06:41+00:00,1.52
2017-01-01T11:08:35+00:00,1.53
2017-01-01T11:10:25+00:00,1.67
2017-01-01T11:12:17+00:00,2.24
2017-01-01T11:14:21+00:00,1.66
2017-01-01T11:15:59+00:00,1.67
2017-01-01T11:17:44+00:00,1.65
2017-01-01T11:19:42+00:00,1.66
2017-01-01T11:21:19+00:00,1.53
2017-01-01T11:23:00+00:00,1.53
2017-01-01T11:24:56+00:00,1.53
2017-01-01T11:26:35+00:00,1.56
2017-01-01T11:28:19+00:00,1.53
2017-01-01T11:30:20+00:00,2.1
2017-01-01T11:32:21+00:00,1.53
2017-01-01T11:34:25+00:00,1.56
2017-01-01T11:36:13+00:00,1.53
2017-01-01T11:37:59+00:00,1.63
2017-01-01T11:39:58+00:00,1.61
2017-01-01T11:41:39+00:00,1.76
2017-01-01T11:43:29+00:00,1.77
2017-01-01T11:45:21+00:00,1.76
2017-01-01T11:47:04+00:00,2.33
2017-01-01T11:48:59+00:00,1.75
2017-01-01T11:50:47+00:00,1.75
2017-01-01T11:52:30+00:00,1.78
2017-01-01T11:54:29+00:00,1.67
2017-01-01T11:56:10+00:00,1.67
2017-01-01T11:57:53+00:00,1.67
2017-01-01T11:59:48+00:00,1.67
2017-01-01T12:01:30+00:00,1.66
2017-01-01T12:03:15+00:00,1.67
2017-01-01T12:05:22+00:00,2.23
2017-01-01T12:07:05+00:00,1.66
2017-01-01T12:08:59+00:00,1.65
2017-01-01T12:11:04+00:00,1.7
2017-01-01T12:13:03+00:00,1.8
2017-01-01T12:14:59+00:00,1.66
2017-01-01T12:16:41+00:00,1.66
2017-01-01T12:18:31+00:00,1.66
2017-01-01T12:20:28+00:00,1.66
2017-01-01T12:22:08+00:00,2.23
2017-01-01T12:24:01+00:00,1.53
2017-01-01T12:25:52+00:00,1.64
2017-01-01T12:27:29+00:00,1.64
2017-01-01T12:29:24+00:00,1.65
2017-01-01T12:30:59+00:00,1.63
2017-01-01T12:32:38+00:00,1.63
2017-01-01T12:34:27+00:00,1.63
2017-01-01T12:36:03+00:00,1.65
2017-01-01T12:37:41+00:00,1.63
2017-01-01T12:39:35+00:00,1.62
2017-01-01T12:41:20+00:00,2.2
2017-01-01T12:42:59+00:00,1.61
2017-01-01T12:44:50+00:00,1.76
2017-01-01T12:46:25+00:00,1.76
2017-01-01T12:48:04+00:00,1.76
2017-01-01T12:49:54+00:00,1.76
2017-01-01T12:51:29+00:00,1.75
2017-01-01T12:53:11+00:00,1.75
2017-01-01T12:54:57+00:00,1.62
2017-01-01T12:56:32+00:00,1.62
2017-01-01T12:58:14+00:00,2.19
2017-01-01T13:00:29+00:00,1.62
2017-01-01T13:02:04+00:00,1.61
2017-01-01T13:03:54+00:00,1.61
2017-01-01T13:05:38+00:00,1.61
2017-01-01T13:07:15+00:00,1.62
2017-01-01T13:09:07+00:00,1.61
2017-01-01T13:10:43+00:00,1.62
2017-01-01T13:12:21+00:00,1.61
2017-01-01T13:14:13+00:00,1.77
2017-01-01T13:15:48+00:00,1.76
2017-01-01T13:17:21+00:00,2.32
2017-01-01T13:19:13+00:00,1.75
2017-01-01T13:20:50+00:00,1.74
2017-01-01T13:22:26+00:00,1.74
2017-01-01T13:24:21+00:00,1.74
2017-01-01T13:25:55+00:00,1.85
2017-01-01T13:27:30+00:00,1.75
2017-01-01T13:29:21+00:00,1.75
2017-01-01T13:31:14+00:00,1.77
2017-01-01T13:32:55+00:00,1.72
2017-01-01T13:34:47+00:00,2.45
2017-01-01T13:36:23+00:00,1.75
2017-01-01T13:38:03+00:00,1.75
2017-01-01T13:39:50+00:00,1.75
2017-01-01T13:41:24+00:00,1.75
2017-01-01T13:43:03+00:00,1.75
2017-01-01T13:44:51+00:00,1.51
2017-01-01T13:46:26+00:00,1.52
2017-01-01T13:48:04+00:00,1.52
2017-01-01T13:49:52+00:00,1.52
2017-01-01T13:51:28+00:00,2.09
2017-01-01T13:53:08+00:00,1.52
2017-01-01T13:54:56+00:00,1.52
2017-01-01T13:56:32+00:00,1.52
2017-01-01T13:58:12+00:00,1.52
2017-01-01T13:59:58+00:00,1.52
2017-01-01T14:01:32+00:00,1.52
2017-01-01T14:03:14+00:00,1.52
2017-01-01T14:05:00+00:00,1.54
2017-01-01T14:06:35+00:00,1.66
2017-01-01T14:08:16+00:00,2.22
2017-01-01T14:10:03+00:00,1.65
2017-01-01T14:11:38+00:00,1.65
2017-01-01T14:13:19+00:00,1.64
2017-01-01T14:15:03+00:00,1.53
2017-01-01T14:16:37+00:00,1.52
2017-01-01T14:18:19+00:00,1.52
2017-01-01T14:20:04+00:00,1.52
2017-01-01T14:22:00+00:00,1.51
2017-01-01T14:23:45+00:00,1.52
2017-01-01T14:25:27+00:00,2.09
2017-01-01T14:27:03+00:00,1.51
2017-01-01T14:28:52+00:00,1.51
2017-01-01T14:30:30+00:00,1.52
2017-01-01T14:32:05+00:00,1.51
2017-01-01T14:33:54+00:00,1.51
2017-01-01T14:35:30+00:00,1.64
2017-01-01T14:37:07+00:00,1.78
2017-01-01T14:38:57+00:00,1.77
2017-01-01T14:40:34+00:00,1.77
2017-01-01T14:42:09+00:00,1.76
2017-01-01T14:43:58+00:00,2.34
2017-01-01T14:45:37+00:00,1.76
2017-01-01T14:47:12+00:00,1.63
2017-01-01T14:49:02+00:00,1.63
2017-01-01T14:50:38+00:00,1.63
2017-01-01T14:52:17+00:00,1.63
2017-01-01T14:54:10+00:00,1.63
2017-01-01T14:55:45+00:00,1.62
2017-01-01T14:57:22+00:00,1.5
2017-01-01T14:59:13+00:00,1.51
2017-01-01T15:00:48+00:00,2.08
2017-01-01T15:02:22+00:00,2.08
2017-01-01T15:04:17+00:00,1.51
2017-01-01T15:05:52+00:00,1.5
2017-01-01T15:07:37+00:00,1.48
2017-01-01T15:09:29+00:00,1.64
2017-01-01T15:11:04+00:00,1.64
2017-01-01T15:12:39+00:00,1.64
2017-01-01T15:14:32+00:00,1.75
2017-01-01T15:16:10+00:00,1.74
2017-01-01T15:17:50+00:00,1.74
2017-01-01T15:19:39+00:00,2.17
2017-01-01T15:21:13+00:00,1.6
2017-01-01T15:22:51+00:00,1.6
2017-01-01T15:24:41+00:00,1.6
2017-01-01T15:26:17+00:00,1.59
2017-01-01T15:27:55+00:00,1.59
2017-01-01T15:29:43+00:00,1.59
2017-01-01T15:31:19+00:00,1.59
2017-01-01T15:32:57+00:00,1.5
2017-01-01T15:35:06+00:00,1.49
2017-01-01T15:36:42+00:00,1.5
2017-01-01T15:38:24+00:00,2.09
2017-01-01T15:40:12+00:00,1.65
2017-01-01T15:41:46+00:00,1.64
2017-01-01T15:43:45+00:00,1.76
2017-01-01T15:45:25+00:00,1.75
2017-01-01T15:46:59+00:00,1.74
2017-01-01T15:48:46+00:00,1.75
2017-01-01T15:50:26+00:00,1.61
2017-01-01T15:52:01+00:00,0.0
2017-01-01T15:53:55+00:00,1.61
2017-01-01T15:55:34+00:00,2.19
2017-01-01T15:57:08+00:00,1.76
2017-01-01T15:58:59+00:00,1.75
2017-01-01T16:00:37+00:00,1.74
2017-01-01T16:02:14+00:00,1.74
2017-01-01T16:04:15+00:00,1.73
2017-01-01T16:05:51+00:00,1.73
2017-01-01T16:07:28+00:00,1.73
2017-01-01T16:09:22+00:00,1.88
2017-01-01T16:10:58+00:00,1.87
2017-01-01T16:12:36+00:00,1.86
2017-01-01T16:14:28+00:00,2.42
2017-01-01T16:16:04+00:00,1.85
2017-01-01T16:17:41+00:00,1.73
2017-01-01T16:19:34+00:00,1.72
2017-01-01T16:21:10+00:00,1.59
2017-01-01T16:22:51+00:00,1.6
2017-01-01T16:24:39+00:00,1.6
2017-01-01T16:26:23+00:00,1.59
2017-01-01T16:28:01+00:00,1.6
2017-01-01T16:30:09+00:00,1.61
2017-01-01T16:31:43+00:00,1.6
2017-01-01T16:33:26+00:00,2.16
2017-01-01T16:35:08+00:00,1.6
2017-01-01T16:36:43+00:00,1.6
2017-01-01T16:38:27+00:00,1.59
2017-01-01T16:40:10+00:00,1.59
2017-01-01T16:41:47+00:00,1.62
2017-01-01T16:43:31+00:00,1.64
2017-01-01T16:45:14+00:00,1.64
2017-01-01T16:46:48+00:00,1.63
2017-01-01T16:48:32+00:00,1.64
2017-01-01T16:50:14+00:00,2.21
2017-01-01T16:51:50+00:00,2.22
2017-01-01T16:53:37+00:00,1.51
2017-01-01T16:55:18+00:00,1.51
2017-01-01T16:56:53+00:00,1.51
2017-01-01T16:58:39+00:00,1.51
2017-01-01T17:00:20+00:00,1.51
2017-01-01T17:01:56+00:00,1.63
2017-01-01T17:03:44+00:00,1.62
2017-01-01T17:05:26+00:00,1.61
2017-01-01T17:07:01+00:00,1.61
2017-01-01T17:08:47+00:00,2.18
2017-01-01T17:10:30+00:00,1.6
2017-01-01T17:12:08+00:00,1.61
2017-01-01T17:13:58+00:00,1.74
2017-01-01T17:15:34+00:00,1.74
2017-01-01T17:17:11+00:00,1.74
2017-01-01T17:19:03+00:00,1.88
2017-01-01T17:20:41+00:00,1.78
2017-01-01T17:22:17+00:00,1.78
2017-01-01T17:24:09+00:00,1.66
2017-01-01T17:25:43+00:00,2.22
2017-01-01T17:27:19+00:00,2.21
2017-01-01T17:29:10+00:00,1.65
2017-01-01T17:30:47+00:00,1.64
2017-01-01T17:32:24+00:00,1.64
2017-01-01T17:34:14+00:00,1.63
2017-01-01T17:35:48+00:00,1.63
2017-01-01T17:37:24+00:00,1.63
2017-01-01T17:39:13+00:00,1.51
2017-01-01T17:40:49+00:00,1.51
2017-01-01T17:42:33+00:00,1.51
2017-01-01T17:44:24+00:00,2.21
2017-01-01T17:46:02+00:00,1.64
2017-01-01T17:47:38+00:00,1.63
2017-01-01T17:49:32+00:00,1.64
2017-01-01T17:51:08+00:00,1.64
2017-01-01T17:53:09+00:00,1.63
2017-01-01T17:54:58+00:00,1.51
2017-01-01T17:56:36+00:00,1.5
2017-01-01T17:58:19+00:00,1.51
2017-01-01T18:00:06+00:00,1.52
2017-01-01T18:01:42+00:00,1.5
2017-01-01T18:03:27+00:00,2.07
2017-01-01T18:05:12+00:00,1.5
2017-01-01T18:06:47+00:00,1.5
2017-01-01T18:08:31+00:00,1.5
2017-01-01T18:10:15+00:00,1.5
2017-01-01T18:11:50+00:00,1.5
2017-01-01T18:13:35+00:00,1.5
2017-01-01T18:15:17+00:00,1.64
2017-01-01T18:16:55+00:00,1.64
2017-01-01T18:18:42+00:00,1.65
2017-01-01T18:20:25+00:00,1.63
2017-01-01T18:22:00+00:00,2.2
2017-01-01T18:23:46+00:00,2.2
2017-01-01T18:25:28+00:00,1.51
2017-01-01T18:27:05+00:00,1.51
2017-01-01T18:28:55+00:00,1.51
2017-01-01T18:30:34+00:00,1.5
2017-01-01T18:32:11+00:00,1.5
2017-01-01T18:34:03+00:00,1.51
2017-01-01T18:35:42+00:00,1.51
2017-01-01T18:37:16+00:00,1.51
2017-01-01T18:39:05+00:00,1.65
2017-01-01T18:40:41+00:00,1.64
2017-01-01T18:42:17+00:00,2.21
2017-01-01T18:44:10+00:00,1.65
2017-01-01T18:45:47+00:00,1.64
2017-01-01T18:47:27+00:00,1.61
2017-01-01T18:49:19+00:00,1.88
2017-01-01T18:50:55+00:00,1.87
2017-01-01T18:52:31+00:00,1.87
2017-01-01T18:54:25+00:00,1.86
2017-01-01T18:55:59+00:00,1.96
2017-01-01T18:57:42+00:00,1.96
2017-01-01T18:59:32+00:00,1.7
2017-01-01T19:01:08+00:00,2.26
2017-01-01T19:02:43+00:00,2.26
2017-01-01T19:04:37+00:00,1.7
2017-01-01T19:06:12+00:00,1.69
2017-01-01T19:07:50+00:00,1.6
2017-01-01T19:09:39+00:00,1.6
2017-01-01T19:11:15+00:00,1.6
2017-01-01T19:12:51+00:00,1.6
2017-01-01T19:14:42+00:00,1.59
2017-01-01T19:16:17+00:00,1.6
2017-01-01T19:17:55+00:00,1.6
2017-01-01T19:19:44+00:00,1.72
2017-01-01T19:21:25+00:00,2.29
2017-01-01T19:23:07+00:00,1.72
2017-01-01T19:24:55+00:00,1.72
2017-01-01T19:26:32+00:00,1.73
2017-01-01T19:28:13+00:00,1.72
2017-01-01T19:30:06+00:00,1.58
2017-01-01T19:31:41+00:00,1.59
2017-01-01T19:33:23+00:00,1.59
2017-01-01T19:35:09+00:00,1.59
2017-01-01T19:36:47+00:00,1.59
2017-01-01T19:38:31+00:00,1.59
2017-01-01T19:40:13+00:00,2.15
2017-01-01T19:41:47+00:00,1.62
2017-01-01T19:43:32+00:00,1.58
2017-01-01T19:45:15+00:00,1.59
2017-01-01T19:46:52+00:00,1.59
2017-01-01T19:48:37+00:00,1.59
2017-01-01T19:50:21+00:00,1.72
2017-01-01T19:51:56+00:00,1.72
2017-01-01T19:53:45+00:00,1.71
2017-01-01T19:55:26+00:00,1.71
2017-01-01T19:57:02+00:00,1.63
2017-01-01T19:58:52+00:00,2.34
2017-01-01T20:00:31+00:00,1.64
2017-01-01T20:02:10+00:00,1.64
2017-01-01T20:04:16+00:00,1.63
2017-01-01T20:05:52+00:00,1.63
2017-01-01T20:07:33+00:00,1.63
2017-01-01T20:09:27+00:00,1.63
2017-01-01T20:11:04+00:00,1.66
2017-01-01T20:12:43+00:00,1.63
2017-01-01T20:14:36+00:00,1.62
2017-01-01T20:16:15+00:00,2.18
2017-01-01T20:17:55+00:00,1.62
2017-01-01T20:19:46+00:00,1.49
2017-01-01T20:21:22+00:00,1.52
2017-01-01T20:23:12+00:00,1.48
2017-01-01T20:25:03+00:00,1.64
2017-01-01T20:26:37+00:00,1.64
2017-01-01T20:28:21+00:00,1.64
2017-01-01T20:30:07+00:00,1.64
2017-01-01T20:31:44+00:00,1.64
2017-01-01T20:33:27+00:00,2.21
2017-01-01T20:35:10+00:00,1.51
2017-01-01T20:36:46+00:00,1.62
2017-01-01T20:38:31+00:00,1.61
2017-01-01T20:40:13+00:00,1.62
2017-01-01T20:41:48+00:00,1.61
2017-01-01T20:43:33+00:00,1.61
2017-01-01T20:45:19+00:00,1.63
2017-01-01T20:47:01+00:00,1.61
2017-01-01T20:48:47+00:00,1.61
2017-01-01T20:50:28+00:00,2.18
2017-01-01T20:52:03+00:00,1.62
2017-01-01T20:53:50+00:00,1.66
2017-01-01T20:55:31+00:00,1.65
2017-01-01T20:57:05+00:00,1.65
2017-01-01T20:58:54+00:00,1.65
2017-01-01T21:00:31+00:00,1.64
2017-01-01T21:02:17+00:00,1.64
2017-01-01T21:04:10+00:00,1.64
2017-01-01T21:05:46+00:00,1.51
2017-01-01T21:07:22+00:00,1.52
2017-01-01T21:09:16+00:00,2.09
2017-01-01T21:10:53+00:00,1.51
2017-01-01T21:12:34+00:00,1.51
2017-01-01T21:14:28+00:00,1.51
2017-01-01T21:16:11+00:00,1.5
2017-01-01T21:17:51+00:00,1.51
2017-01-01T21:19:39+00:00,1.65
2017-01-01T21:21:26+00:00,1.65
2017-01-01T21:23:09+00:00,1.65
2017-01-01T21:24:54+00:00,1.78
2017-01-01T21:26:30+00:00,2.34
2017-01-01T21:28:12+00:00,1.8
2017-01-01T21:30:00+00:00,1.76
2017-01-01T21:31:37+00:00,1.76
2017-01-01T21:33:21+00:00,1.79
2017-01-01T21:35:08+00:00,1.62
2017-01-01T21:36:45+00:00,1.63
2017-01-01T21:38:32+00:00,1.64
2017-01-01T21:40:14+00:00,1.51
2017-01-01T21:41:54+00:00,1.51
2017-01-01T21:43:38+00:00,2.1
2017-01-01T21:45:20+00:00,1.51
2017-01-01T21:46:55+00:00,1.51
2017-01-01T21:48:42+00:00,1.51
2017-01-01T21:50:23+00:00,1.51
2017-01-01T21:51:59+00:00,1.51
2017-01-01T21:53:49+00:00,1.51
2017-01-01T21:55:27+00:00,1.51
2017-01-01T21:57:03+00:00,1.51
2017-01-01T21:58:51+00:00,1.52
2017-01-01T22:00:32+00:00,2.24
2017-01-01T22:02:09+00:00,2.22
2017-01-01T22:04:02+00:00,1.65
2017-01-01T22:05:48+00:00,1.84
2017-01-01T22:07:23+00:00,1.75
2017-01-01T22:09:17+00:00,1.75
2017-01-01T22:10:57+00:00,1.62
2017-01-01T22:12:36+00:00,1.62
2017-01-01T22:14:28+00:00,1.63
2017-01-01T22:16:07+00:00,1.62
2017-01-01T22:17:48+00:00,2.21
2017-01-01T22:19:41+00:00,1.62
2017-01-01T22:21:18+00:00,1.62
2017-01-01T22:22:59+00:00,1.61
2017-01-01T22:24:48+00:00,1.72
2017-01-01T22:26:22+00:00,1.72
2017-01-01T22:28:03+00:00,1.72
2017-01-01T22:29:51+00:00,1.71
2017-01-01T22:31:28+00:00,1.71
2017-01-01T22:33:08+00:00,1.67
2017-01-01T22:34:57+00:00,1.85
2017-01-01T22:36:33+00:00,2.41
2017-01-01T22:38:12+00:00,1.83
2017-01-01T22:40:00+00:00,1.98
2017-01-01T22:41:38+00:00,1.88
2017-01-01T22:43:21+00:00,1.88
2017-01-01T22:45:06+00:00,1.75
2017-01-01T22:46:44+00:00,1.74
2017-01-01T22:48:32+00:00,1.74
2017-01-01T22:50:17+00:00,1.73
2017-01-01T22:51:52+00:00,1.74
2017-01-01T22:53:41+00:00,1.74
2017-01-01T22:55:24+00:00,2.31
2017-01-01T22:57:04+00:00,1.73
2017-01-01T22:58:58+00:00,1.72
2017-01-01T23:00:41+00:00,1.61
2017-01-01T23:02:19+00:00,1.6
2017-01-01T23:04:12+00:00,1.6
2017-01-01T23:05:48+00:00,1.6
2017-01-01T23:07:27+00:00,1.52
2017-01-01T23:09:20+00:00,1.52
2017-01-01T23:10:57+00:00,1.52
2017-01-01T23:12:47+00:00,2.11
2017-01-01T23:14:39+00:00,1.52
2017-01-01T23:16:16+00:00,1.52
2017-01-01T23:17:54+00:00,1.52
2017-01-01T23:19:44+00:00,1.53
2017-01-01T23:21:20+00:00,1.53
2017-01-01T23:23:03+00:00,1.52
2017-01-01T23:24:53+00:00,1.53
2017-01-01T23:26:29+00:00,1.52
2017-01-01T23:28:11+00:00,1.52
2017-01-01T23:30:01+00:00,2.1
2017-01-01T23:31:37+00:00,1.52
2017-01-01T23:33:19+00:00,1.52
2017-01-01T23:35:07+00:00,1.52
2017-01-01T23:36:41+00:00,1.52
2017-01-01T23:38:25+00:00,1.53
2017-01-01T23:40:11+00:00,1.53
2017-01-01T23:41:47+00:00,1.53
2017-01-01T23:43:35+00:00,1.53
2017-01-01T23:45:22+00:00,2.11
2017-01-01T23:46:59+00:00,2.1
2017-01-01T23:48:48+00:00,1.52
2017-01-01T23:50:43+00:00,1.51
2017-01-01T23:52:21+00:00,1.52
2017-01-01T23:54:14+00:00,1.52
2017-01-01T23:55:52+00:00,1.65
2017-01-01T23:57:32+00:00,1.65
2017-01-01T23:59:23+00:00,1.81
2017-01-02T00:00:59+00:00,1.79
2017-01-02T00:02:37+00:00,2.37
2017-01-02T00:04:28+00:00,1.78
2017-01-02T00:06:05+00:00,1.64
2017-01-02T00:07:43+00:00,1.64
2017-01-02T00:09:37+00:00,1.64
2017-01-02T00:11:16+00:00,1.79
2017-01-02T00:12:57+00:00,1.74
2017-01-02T00:14:48+00:00,1.74
2017-01-02T00:16:30+00:00,1.74
2017-01-02T00:18:17+00:00,1.73
2017-01-02T00:20:04+00:00,1.72
2017-01-02T00:21:39+00:00,2.18
2017-01-02T00:23:23+00:00,1.6
2017-01-02T00:25:08+00:00,1.61
2017-01-02T00:26:44+00:00,1.58
2017-01-02T00:28:28+00:00,1.74
2017-01-02T00:30:31+00:00,1.65
2017-01-02T00:32:06+00:00,1.64
2017-01-02T00:34:00+00:00,1.64
2017-01-02T00:35:39+00:00,1.64
2017-01-02T00:37:15+00:00,1.64
2017-01-02T00:39:10+00:00,1.5
2017-01-02T00:40:59+00:00,1.5
2017-01-02T00:42:39+00:00,1.5
2017-01-02T00:44:34+00:00,1.5
2017-01-02T00:46:12+00:00,1.51
2017-01-02T00:47:49+00:00,1.51
2017-01-02T00:49:43+00:00,1.52
2017-01-02T00:51:21+00:00,1.51
2017-01-02T00:53:02+00:00,1.52
2017-01-02T00:54:57+00:00,1.52
2017-01-02T00:56:32+00:00,2.09
2017-01-02T00:58:14+00:00,1.65
2017-01-02T01:00:01+00:00,1.65
2017-01-02T01:01:36+00:00,1.65
2017-01-02T01:03:23+00:00,1.65
2017-01-02T01:05:08+00:00,1.65
2017-01-02T01:06:44+00:00,1.65
2017-01-02T01:08:34+00:00,1.53
2017-01-02T01:10:19+00:00,1.51
2017-01-02T01:11:55+00:00,1.51
2017-01-02T01:13:40+00:00,1.52
2017-01-02T01:15:24+00:00,2.11
2017-01-02T01:17:01+00:00,1.52
2017-01-02T01:18:51+00:00,1.52
2017-01-02T01:20:31+00:00,1.77
2017-01-02T01:22:10+00:00,1.77
2017-01-02T01:24:02+00:00,1.76
2017-01-02T01:25:39+00:00,1.76
2017-01-02T01:27:17+00:00,1.75
2017-01-02T01:29:12+00:00,1.75
2017-01-02T01:30:49+00:00,1.75
2017-01-02T01:32:28+00:00,2.29
2017-01-02T01:34:20+00:00,2.44
2017-01-02T01:35:55+00:00,1.87
2017-01-02T01:37:30+00:00,1.87
2017-01-02T01:39:21+00:00,1.86
2017-01-02T01:40:57+00:00,1.75
2017-01-02T01:42:32+00:00,1.75
2017-01-02T01:44:25+00:00,1.62
2017-01-02T01:46:01+00:00,1.63
2017-01-02T01:47:42+00:00,1.63
2017-01-02T01:49:33+00:00,1.63
2017-01-02T01:51:09+00:00,2.23
2017-01-02T01:52:45+00:00,2.2
2017-01-02T01:54:37+00:00,1.64
2017-01-02T01:56:13+00:00,1.62
2017-01-02T01:57:50+00:00,1.62
2017-01-02T01:59:41+00:00,1.62
2017-01-02T02:01:17+00:00,1.73
2017-01-02T02:02:54+00:00,1.73
2017-01-02T02:04:41+00:00,1.72
2017-01-02T02:06:16+00:00,1.69
2017-01-02T02:07:57+00:00,1.85
2017-01-02T02:09:47+00:00,1.84
2017-01-02T02:11:26+00:00,2.41
2017-01-02T02:13:05+00:00,1.83
2017-01-02T02:14:51+00:00,1.84
2017-01-02T02:16:29+00:00,1.85
2017-01-02T02:18:12+00:00,1.61
2017-01-02T02:20:01+00:00,1.62
2017-01-02T02:21:36+00:00,1.53
2017-01-02T02:23:16+00:00,1.53
2017-01-02T02:25:00+00:00,1.53
2017-01-02T02:26:38+00:00,1.53
2017-01-02T02:28:24+00:00,2.12
2017-01-02T02:30:09+00:00,1.53
2017-01-02T02:31:47+00:00,1.53
2017-01-02T02:33:31+00:00,1.53
2017-01-02T02:35:14+00:00,1.53
2017-01-02T02:36:56+00:00,1.56
2017-01-02T02:38:43+00:00,1.66
2017-01-02T02:40:24+00:00,1.82
2017-01-02T02:41:59+00:00,1.81
2017-01-02T02:43:49+00:00,1.8
2017-01-02T02:45:32+00:00,1.81
2017-01-02T02:47:07+00:00,2.37
2017-01-02T02:49:02+00:00,1.66
2017-01-02T02:50:41+00:00,1.66
2017-01-02T02:52:28+00:00,1.66
2017-01-02T02:54:20+00:00,1.66
2017-01-02T02:55:57+00:00,1.65
2017-01-02T02:57:33+00:00,1.65
2017-01-02T02:59:24+00:00,1.67
2017-01-02T03:01:00+00:00,1.65
2017-01-02T03:02:39+00:00,1.53
2017-01-02T03:04:34+00:00,1.53
2017-01-02T03:06:12+00:00,2.11
2017-01-02T03:07:55+00:00,1.53
2017-01-02T03:09:44+00:00,1.53
2017-01-02T03:11:22+00:00,1.55
2017-01-02T03:13:06+00:00,1.68
2017-01-02T03:15:04+00:00,1.67
2017-01-02T03:16:41+00:00,1.67
2017-01-02T03:18:23+00:00,1.67
2017-01-02T03:20:07+00:00,1.66
2017-01-02T03:21:43+00:00,1.66
2017-01-02T03:23:24+00:00,2.11
2017-01-02T03:25:10+00:00,1.53
2017-01-02T03:26:47+00:00,1.53
2017-01-02T03:28:33+00:00,1.53
2017-01-02T03:30:17+00:00,1.53
2017-01-02T03:31:52+00:00,1.54
2017-01-02T03:33:38+00:00,1.53
2017-01-02T03:35:22+00:00,1.53
2017-01-02T03:37:02+00:00,1.54
2017-01-02T03:38:52+00:00,1.53
2017-01-02T03:40:36+00:00,1.53
2017-01-02T03:42:13+00:00,2.11
2017-01-02T03:44:04+00:00,1.67
2017-01-02T03:45:40+00:00,1.67
2017-01-02T03:47:17+00:00,1.79
2017-01-02T03:49:12+00:00,1.77
2017-01-02T03:50:48+00:00,1.77
2017-01-02T03:52:25+00:00,1.77
2017-01-02T03:54:17+00:00,1.63
2017-01-02T03:55:51+00:00,1.63
2017-01-02T03:57:28+00:00,1.63
2017-01-02T03:59:19+00:00,1.62
2017-01-02T04:00:54+00:00,2.36
2017-01-02T04:02:30+00:00,2.33
2017-01-02T04:04:25+00:00,1.76
2017-01-02T04:06:05+00:00,1.66
2017-01-02T04:07:43+00:00,1.65
2017-01-02T04:09:35+00:00,1.65
2017-01-02T04:11:10+00:00,1.66
2017-01-02T04:12:47+00:00,1.65
2017-01-02T04:14:40+00:00,1.65
2017-01-02T04:16:17+00:00,1.65
2017-01-02T04:17:55+00:00,1.79
2017-01-02T04:19:43+00:00,2.36
2017-01-02T04:21:18+00:00,2.35
2017-01-02T04:23:02+00:00,1.65
2017-01-02T04:24:51+00:00,1.65
2017-01-02T04:26:28+00:00,1.67
2017-01-02T04:28:10+00:00,1.64
2017-01-02T04:29:58+00:00,1.63
2017-01-02T04:31:35+00:00,1.63
2017-01-02T04:33:15+00:00,1.63
2017-01-02T04:35:01+00:00,1.61
2017-01-02T04:36:36+00:00,1.62
2017-01-02T04:38:18+00:00,1.62
2017-01-02T04:40:04+00:00,1.62
2017-01-02T04:41:40+00:00,2.19
2017-01-02T04:43:26+00:00,1.62
2017-01-02T04:45:15+00:00,1.62
2017-01-02T04:46:51+00:00,1.64
2017-01-02T04:48:34+00:00,1.76
2017-01-02T04:50:20+00:00,1.75
2017-01-02T04:51:58+00:00,1.75
2017-01-02T04:53:46+00:00,1.75
2017-01-02T04:55:25+00:00,1.75
2017-01-02T04:57:10+00:00,1.72
2017-01-02T04:59:25+00:00,1.62
2017-01-02T05:07:13+00:00,1.61
2017-01-02T05:09:08+00:00,1.62
2017-01-02T05:11:00+00:00,1.62
2017-01-02T05:13:01+00:00,1.61
2017-01-02T05:24:43+00:00,1.89
2017-01-02T05:26:35+00:00,1.9
2017-01-02T05:28:39+00:00,1.66
2017-01-02T05:31:02+00:00,1.66
2017-01-02T05:45:01+00:00,1.63
2017-01-02T05:47:31+00:00,1.62
2017-01-02T05:50:17+00:00,1.64
2017-01-02T05:53:06+00:00,1.66
2017-01-02T09:06:45+00:00,1.52
2017-01-02T09:08:29+00:00,1.52
2017-01-02T09:10:13+00:00,1.53
2017-01-02T09:11:47+00:00,1.53
2017-01-02T09:13:29+00:00,1.63
2017-01-02T09:15:13+00:00,1.63
2017-01-02T09:16:48+00:00,1.62
2017-01-02T09:18:31+00:00,1.62
2017-01-02T09:20:12+00:00,2.18
2017-01-02T09:21:47+00:00,1.62
2017-01-02T09:23:30+00:00,1.62
2017-01-02T09:25:10+00:00,1.76
2017-01-02T09:26:44+00:00,1.73
2017-01-02T09:28:27+00:00,1.89
2017-01-02T09:30:12+00:00,1.79
2017-01-02T09:31:46+00:00,1.79
2017-01-02T09:33:29+00:00,1.78
2017-01-02T09:35:11+00:00,1.79
2017-01-02T09:36:46+00:00,2.36
2017-01-02T09:38:28+00:00,1.65
2017-01-02T09:40:12+00:00,1.65
2017-01-02T09:41:45+00:00,1.67
2017-01-02T09:43:26+00:00,1.93
2017-01-02T09:45:11+00:00,1.91
2017-01-02T09:46:45+00:00,1.91
2017-01-02T09:48:26+00:00,1.92
2017-01-02T09:50:13+00:00,1.91
2017-01-02T09:51:49+00:00,1.94
2017-01-02T09:53:33+00:00,1.92
2017-01-02T09:55:14+00:00,2.48
2017-01-02T09:56:49+00:00,1.91
2017-01-02T09:58:33+00:00,1.66
2017-01-02T10:00:14+00:00,1.66
2017-01-02T10:01:53+00:00,1.66
2017-01-02T10:03:49+00:00,1.67
2017-01-02T10:05:31+00:00,1.66
2017-01-02T10:07:07+00:00,1.66
2017-01-02T10:08:56+00:00,1.52
2017-01-02T10:10:39+00:00,1.53
2017-01-02T10:12:15+00:00,2.11
2017-01-02T10:14:06+00:00,1.53
2017-01-02T10:15:45+00:00,1.52
2017-01-02T10:17:21+00:00,1.68
2017-01-02T10:19:14+00:00,1.69
2017-01-02T10:20:58+00:00,1.67
2017-01-02T10:22:34+00:00,1.69
2017-01-02T10:24:25+00:00,1.67
2017-01-02T10:26:01+00:00,1.67
2017-01-02T10:27:36+00:00,1.64
2017-01-02T10:29:29+00:00,1.81
2017-01-02T10:31:59+00:00,1.8
2017-01-02T10:34:21+00:00,1.82
2017-01-02T10:36:45+00:00,1.8
2017-01-02T10:38:54+00:00,1.65
2017-01-02T10:41:34+00:00,1.65
2017-01-02T10:43:38+00:00,1.65
2017-01-02T10:45:27+00:00,1.64
2017-01-02T10:47:06+00:00,1.64
2017-01-02T10:49:00+00:00,2.21
2017-01-02T10:50:39+00:00,1.64
2017-01-02T10:52:16+00:00,1.64
2017-01-02T10:54:09+00:00,1.65
2017-01-02T10:55:48+00:00,1.77
2017-01-02T10:57:25+00:00,1.74
2017-01-02T10:59:20+00:00,1.71
2017-01-02T11:00:57+00:00,1.84
2017-01-02T11:02:40+00:00,1.86
2017-01-02T11:04:36+00:00,1.85
2017-01-02T11:06:23+00:00,2.41
2017-01-02T11:08:05+00:00,2.4
2017-01-02T11:09:58+00:00,1.83
2017-01-02T11:11:38+00:00,1.7
2017-01-02T11:13:29+00:00,1.7
2017-01-02T11:15:27+00:00,1.7
2017-01-02T11:17:06+00:00,1.74
2017-01-02T11:19:01+00:00,1.61
2017-01-02T11:20:41+00:00,1.6
2017-01-02T11:22:18+00:00,1.6
2017-01-02T11:24:13+00:00,1.61
2017-01-02T11:25:49+00:00,2.17
2017-01-02T11:27:25+00:00,1.6
2017-01-02T11:29:19+00:00,1.63
2017-01-02T11:30:58+00:00,1.61
2017-01-02T11:32:49+00:00,1.76
2017-01-02T11:35:25+00:00,1.73
2017-01-02T11:37:08+00:00,1.74
2017-01-02T11:38:58+00:00,1.73
2017-01-02T11:40:44+00:00,1.73
2017-01-02T11:42:25+00:00,1.6
2017-01-02T11:44:21+00:00,2.16
2017-01-02T11:46:04+00:00,1.63
2017-01-02T11:47:45+00:00,1.6
2017-01-02T11:49:42+00:00,1.62
2017-01-02T11:51:22+00:00,1.61
2017-01-02T11:53:06+00:00,1.6
2017-01-02T11:54:57+00:00,1.52
2017-01-02T11:56:55+00:00,1.52
2017-01-02T11:58:42+00:00,1.51
2017-01-02T12:00:31+00:00,1.51
2017-01-02T12:02:13+00:00,2.25
2017-01-02T12:04:07+00:00,1.79
2017-01-02T12:05:55+00:00,1.79
2017-01-02T12:07:40+00:00,1.78
2017-01-02T12:09:41+00:00,1.78
2017-01-02T12:11:46+00:00,1.77
2017-01-02T12:13:42+00:00,1.77
2017-01-02T12:15:34+00:00,1.63
2017-01-02T12:17:14+00:00,1.63
2017-01-02T12:19:07+00:00,1.63
2017-01-02T12:20:56+00:00,2.2
2017-01-02T12:22:36+00:00,1.63
2017-01-02T12:24:30+00:00,1.63
2017-01-02T12:26:13+00:00,1.5
2017-01-02T12:28:10+00:00,1.5
2017-01-02T12:29:58+00:00,1.54
2017-01-02T12:31:34+00:00,1.51
2017-01-02T12:33:15+00:00,1.51
2017-01-02T12:35:04+00:00,1.5
2017-01-02T12:36:39+00:00,1.66
2017-01-02T12:38:23+00:00,2.24
2017-01-02T12:40:08+00:00,2.23
2017-01-02T12:41:43+00:00,1.67
2017-01-02T12:43:26+00:00,1.68
2017-01-02T12:45:12+00:00,1.65
2017-01-02T12:46:49+00:00,1.52
2017-01-02T12:48:34+00:00,1.52
2017-01-02T12:50:15+00:00,1.64
2017-01-02T12:51:51+00:00,1.63
2017-01-02T12:53:37+00:00,1.62
2017-01-02T12:55:20+00:00,1.62
2017-01-02T12:56:55+00:00,2.2
2017-01-02T12:58:39+00:00,2.19
2017-01-02T13:01:20+00:00,1.62
2017-01-02T13:02:58+00:00,1.62
2017-01-02T13:04:49+00:00,1.61
2017-01-02T13:06:25+00:00,1.61
2017-01-02T13:08:05+00:00,1.59
2017-01-02T13:09:53+00:00,1.66
2017-01-02T13:11:28+00:00,1.65
2017-01-02T13:13:19+00:00,1.66
2017-01-02T13:15:05+00:00,1.65
2017-01-02T13:16:40+00:00,2.22
2017-01-02T13:18:21+00:00,1.65
2017-01-02T13:20:04+00:00,1.53
2017-01-02T13:21:47+00:00,1.52
2017-01-02T13:23:29+00:00,1.52
2017-01-02T13:25:13+00:00,1.51
2017-01-02T13:26:49+00:00,1.54
2017-01-02T13:28:36+00:00,1.66
2017-01-02T13:30:19+00:00,1.67
2017-01-02T13:32:09+00:00,1.66
2017-01-02T13:33:55+00:00,1.65
2017-01-02T13:35:35+00:00,2.22
2017-01-02T13:37:14+00:00,1.65
2017-01-02T13:39:03+00:00,1.63
2017-01-02T13:40:40+00:00,1.77
2017-01-02T13:42:13+00:00,1.77
2017-01-02T13:44:01+00:00,1.78
2017-01-02T13:45:37+00:00,1.77
2017-01-02T13:47:09+00:00,1.78
2017-01-02T13:48:57+00:00,1.76
2017-01-02T13:50:34+00:00,1.51
2017-01-02T13:52:08+00:00,1.51
2017-01-02T13:53:55+00:00,1.51
2017-01-02T13:55:32+00:00,2.08
2017-01-02T13:57:07+00:00,1.51
2017-01-02T13:58:53+00:00,1.52
2017-01-02T14:00:30+00:00,1.62
2017-01-02T14:02:05+00:00,1.63
2017-01-02T14:03:50+00:00,1.64
2017-01-02T14:05:31+00:00,1.63
2017-01-02T14:07:05+00:00,1.63
2017-01-02T14:08:51+00:00,1.63
2017-01-02T14:10:31+00:00,1.62
2017-01-02T14:12:05+00:00,1.62
2017-01-02T14:13:50+00:00,2.2
2017-01-02T14:15:30+00:00,2.19
2017-01-02T14:17:04+00:00,1.62
2017-01-02T14:18:50+00:00,1.62
2017-01-02T14:20:31+00:00,1.61
2017-01-02T14:22:06+00:00,1.63
2017-01-02T14:23:53+00:00,1.62
2017-01-02T14:25:31+00:00,1.62
2017-01-02T14:27:05+00:00,1.62
2017-01-02T14:28:52+00:00,1.63
2017-01-02T14:30:29+00:00,1.73
2017-01-02T14:32:03+00:00,1.61
2017-01-02T14:33:49+00:00,2.19
2017-01-02T14:35:28+00:00,1.61
2017-01-02T14:37:02+00:00,1.6
2017-01-02T14:38:47+00:00,1.59
2017-01-02T14:40:25+00:00,1.7
2017-01-02T14:41:59+00:00,1.7
2017-01-02T14:43:42+00:00,1.7
2017-01-02T14:45:24+00:00,1.69
2017-01-02T14:46:57+00:00,1.69
2017-01-02T14:48:40+00:00,1.69
2017-01-02T14:50:23+00:00,1.83
2017-01-02T14:51:57+00:00,1.97
2017-01-02T14:53:44+00:00,2.54
2017-01-02T14:55:25+00:00,1.96
2017-01-02T14:56:59+00:00,1.96
2017-01-02T14:58:45+00:00,1.86
2017-01-02T15:00:24+00:00,1.64
2017-01-02T15:01:59+00:00,1.63
2017-01-02T15:03:42+00:00,1.64
2017-01-02T15:05:25+00:00,1.66
2017-01-02T15:06:59+00:00,1.63
2017-01-02T15:08:45+00:00,1.63
2017-01-02T15:10:35+00:00,1.63
2017-01-02T15:12:10+00:00,2.2
2017-01-02T15:13:59+00:00,1.51
2017-01-02T15:15:37+00:00,1.51
2017-01-02T15:17:11+00:00,1.51
2017-01-02T15:18:58+00:00,1.51
2017-01-02T15:20:44+00:00,1.49
2017-01-02T15:22:17+00:00,1.5
2017-01-02T15:24:05+00:00,1.64
2017-01-02T15:25:39+00:00,1.63
2017-01-02T15:27:12+00:00,1.64
2017-01-02T15:29:02+00:00,1.64
2017-01-02T15:30:37+00:00,2.22
2017-01-02T15:32:12+00:00,2.2
2017-01-02T15:34:03+00:00,1.5
2017-01-02T15:35:37+00:00,1.5
2017-01-02T15:37:10+00:00,1.51
2017-01-02T15:39:00+00:00,1.5
2017-01-02T15:40:36+00:00,1.5
2017-01-02T15:42:11+00:00,1.51
2017-01-02T15:44:00+00:00,1.5
2017-01-02T15:45:36+00:00,1.5
2017-01-02T15:47:10+00:00,1.51
2017-01-02T15:48:58+00:00,1.5
2017-01-02T15:50:33+00:00,2.08
2017-01-02T15:52:07+00:00,1.51
2017-01-02T15:53:54+00:00,1.5
2017-01-02T15:55:33+00:00,1.5
2017-01-02T15:57:07+00:00,1.51
2017-01-02T15:58:53+00:00,1.5
2017-01-02T16:00:36+00:00,1.5
2017-01-02T16:02:11+00:00,1.5
2017-01-02T16:04:00+00:00,1.5
2017-01-02T16:05:39+00:00,1.48
2017-01-02T16:07:12+00:00,1.63
2017-01-02T16:09:02+00:00,2.2
2017-01-02T16:10:40+00:00,1.65
2017-01-02T16:12:15+00:00,1.63
2017-01-02T16:14:07+00:00,1.78
2017-01-02T16:15:43+00:00,1.77
2017-01-02T16:17:19+00:00,1.64
2017-01-02T16:19:10+00:00,1.63
2017-01-02T16:20:45+00:00,1.63
2017-01-02T16:22:19+00:00,1.63
2017-01-02T16:24:08+00:00,1.63
2017-01-02T16:25:43+00:00,2.21
2017-01-02T16:27:19+00:00,2.31
2017-01-02T16:29:20+00:00,1.73
2017-01-02T16:30:53+00:00,1.72
2017-01-02T16:32:29+00:00,1.72
2017-01-02T16:34:22+00:00,1.71
2017-01-02T16:35:56+00:00,1.59
2017-01-02T16:37:33+00:00,1.6
2017-01-02T16:39:27+00:00,1.73
2017-01-02T16:41:02+00:00,1.73
2017-01-02T16:42:39+00:00,1.73
2017-01-02T16:44:28+00:00,2.3
2017-01-02T16:46:05+00:00,1.64
2017-01-02T16:47:46+00:00,1.63
2017-01-02T16:49:35+00:00,1.5
2017-01-02T16:51:10+00:00,1.5
2017-01-02T16:52:47+00:00,1.51
2017-01-02T16:54:38+00:00,1.5
2017-01-02T16:56:12+00:00,1.5
2017-01-02T16:57:49+00:00,1.52
2017-01-02T16:59:40+00:00,1.5
2017-01-02T17:01:15+00:00,1.49
2017-01-02T17:02:53+00:00,2.06
2017-01-02T17:04:45+00:00,1.51
2017-01-02T17:06:21+00:00,1.51
2017-01-02T17:08:01+00:00,1.51
2017-01-02T17:09:48+00:00,1.5
2017-01-02T17:11:24+00:00,1.51
2017-01-02T17:13:05+00:00,1.61
2017-01-02T17:14:53+00:00,1.62
2017-01-02T17:16:30+00:00,1.62
2017-01-02T17:18:09+00:00,1.62
2017-01-02T17:19:57+00:00,2.19
2017-01-02T17:21:32+00:00,1.61
2017-01-02T17:23:12+00:00,1.62
2017-01-02T17:24:58+00:00,1.61
2017-01-02T17:26:34+00:00,1.6
2017-01-02T17:28:15+00:00,1.61
2017-01-02T17:30:12+00:00,1.61
2017-01-02T17:31:47+00:00,1.6
2017-01-02T17:33:29+00:00,1.61
2017-01-02T17:35:12+00:00,1.76
2017-01-02T17:36:48+00:00,2.32
2017-01-02T17:38:35+00:00,1.74
2017-01-02T17:40:20+00:00,1.74
2017-01-02T17:41:57+00:00,1.73
2017-01-02T17:43:46+00:00,1.73
2017-01-02T17:45:27+00:00,1.73
2017-01-02T17:47:02+00:00,1.73
2017-01-02T17:48:50+00:00,1.7
2017-01-02T17:50:29+00:00,1.86
2017-01-02T17:52:05+00:00,1.86
2017-01-02T17:53:55+00:00,2.43
2017-01-02T17:55:36+00:00,1.84
2017-01-02T17:57:13+00:00,1.73
2017-01-02T17:59:05+00:00,1.72
2017-01-02T18:00:43+00:00,1.59
2017-01-02T18:02:17+00:00,1.6
2017-01-02T18:04:10+00:00,1.6
2017-01-02T18:05:48+00:00,1.59
2017-01-02T18:07:24+00:00,1.6
2017-01-02T18:09:17+00:00,1.59
2017-01-02T18:10:53+00:00,2.18
2017-01-02T18:12:31+00:00,1.6
2017-01-02T18:14:24+00:00,1.51
2017-01-02T18:16:01+00:00,1.62
2017-01-02T18:17:37+00:00,1.61
2017-01-02T18:19:30+00:00,1.62
2017-01-02T18:21:05+00:00,1.76
2017-01-02T18:22:41+00:00,1.76
2017-01-02T18:24:35+00:00,1.74
2017-01-02T18:26:10+00:00,2.32
2017-01-02T18:27:47+00:00,2.32
2017-01-02T18:29:37+00:00,1.73
2017-01-02T18:31:14+00:00,1.62
2017-01-02T18:32:51+00:00,1.51
2017-01-02T18:34:43+00:00,1.51
2017-01-02T18:36:19+00:00,1.51
2017-01-02T18:37:57+00:00,1.51
2017-01-02T18:39:46+00:00,1.5
2017-01-02T18:41:22+00:00,1.51
2017-01-02T18:43:00+00:00,1.51
2017-01-02T18:44:48+00:00,2.09
2017-01-02T18:46:23+00:00,1.51
2017-01-02T18:48:02+00:00,1.51
2017-01-02T18:49:53+00:00,1.51
2017-01-02T18:51:28+00:00,1.51
2017-01-02T18:53:09+00:00,1.51
2017-01-02T18:54:56+00:00,1.49
2017-01-02T18:56:32+00:00,1.8
2017-01-02T18:58:12+00:00,1.79
2017-01-02T19:00:00+00:00,1.78
2017-01-02T19:01:36+00:00,2.35
2017-01-02T19:03:16+00:00,2.35
2017-01-02T19:05:11+00:00,1.77
2017-01-02T19:06:46+00:00,1.64
2017-01-02T19:08:28+00:00,1.63
2017-01-02T19:10:15+00:00,1.64
2017-01-02T19:11:51+00:00,1.63
2017-01-02T19:13:38+00:00,1.63
2017-01-02T19:15:20+00:00,1.63
2017-01-02T19:16:55+00:00,1.64
2017-01-02T19:18:41+00:00,1.51
2017-01-02T19:20:21+00:00,2.09
2017-01-02T19:21:57+00:00,1.51
2017-01-02T19:23:47+00:00,1.51
2017-01-02T19:25:27+00:00,1.51
2017-01-02T19:27:02+00:00,1.49
2017-01-02T19:28:47+00:00,1.65
2017-01-02T19:30:28+00:00,1.65
2017-01-02T19:32:03+00:00,1.65
2017-01-02T19:33:52+00:00,1.64
2017-01-02T19:35:32+00:00,1.65
2017-01-02T19:37:06+00:00,1.65
2017-01-02T19:38:55+00:00,2.08
2017-01-02T19:40:31+00:00,1.51
2017-01-02T19:42:06+00:00,1.51
2017-01-02T19:43:54+00:00,1.51
2017-01-02T19:45:36+00:00,1.54
2017-01-02T19:47:11+00:00,1.51
2017-01-02T19:48:59+00:00,1.52
2017-01-02T19:50:38+00:00,1.53
2017-01-02T19:52:12+00:00,1.51
2017-01-02T19:54:03+00:00,1.51
2017-01-02T19:55:38+00:00,2.09
2017-01-02T19:57:14+00:00,1.51
2017-01-02T19:59:06+00:00,1.51
2017-01-02T20:00:42+00:00,1.51
2017-01-02T20:02:17+00:00,1.49
2017-01-02T20:04:09+00:00,1.77
2017-01-02T20:05:48+00:00,1.75
2017-01-02T20:07:22+00:00,1.74
2017-01-02T20:09:17+00:00,1.74
2017-01-02T20:10:52+00:00,1.74
2017-01-02T20:12:28+00:00,2.32
2017-01-02T20:14:39+00:00,1.6
2017-01-02T20:16:16+00:00,1.6
2017-01-02T20:17:55+00:00,1.75
2017-01-02T20:19:43+00:00,1.75
2017-01-02T20:21:18+00:00,1.73
2017-01-02T20:22:57+00:00,1.65
2017-01-02T20:24:48+00:00,1.75
2017-01-02T20:26:23+00:00,1.74
2017-01-02T20:28:02+00:00,1.74
2017-01-02T20:29:51+00:00,1.74
2017-01-02T20:31:25+00:00,2.31
2017-01-02T20:33:06+00:00,1.71
2017-01-02T20:34:53+00:00,1.87
2017-01-02T20:36:28+00:00,1.86
2017-01-02T20:38:06+00:00,1.86
2017-01-02T20:39:52+00:00,1.74
2017-01-02T20:41:27+00:00,1.74
2017-01-02T20:43:09+00:00,1.74
2017-01-02T20:44:58+00:00,1.61
2017-01-02T20:46:34+00:00,1.63
2017-01-02T20:48:15+00:00,1.6
2017-01-02T20:50:03+00:00,2.18
2017-01-02T20:51:39+00:00,1.61
2017-01-02T20:53:22+00:00,1.61
2017-01-02T20:55:06+00:00,1.6
2017-01-02T20:56:42+00:00,1.6
2017-01-02T20:58:24+00:00,1.6
2017-01-02T21:00:09+00:00,1.61
2017-01-02T21:01:45+00:00,1.63
2017-01-02T21:03:27+00:00,1.61
2017-01-02T21:05:11+00:00,1.57
2017-01-02T21:06:47+00:00,1.57
2017-01-02T21:08:43+00:00,2.3
2017-01-02T21:10:26+00:00,1.73
2017-01-02T21:12:02+00:00,1.73
2017-01-02T21:13:49+00:00,1.74
2017-01-02T21:15:27+00:00,1.73
2017-01-02T21:17:03+00:00,1.6
2017-01-02T21:18:50+00:00,1.6
2017-01-02T21:20:32+00:00,1.6
2017-01-02T21:22:06+00:00,1.6
2017-01-02T21:23:57+00:00,1.52
2017-01-02T21:25:32+00:00,1.52
2017-01-02T21:27:08+00:00,2.13
2017-01-02T21:28:58+00:00,1.52
2017-01-02T21:30:38+00:00,1.54
2017-01-02T21:32:17+00:00,1.52
2017-01-02T21:34:08+00:00,1.53
2017-01-02T21:35:46+00:00,1.51
2017-01-02T21:37:31+00:00,1.51
2017-01-02T21:39:25+00:00,1.8
2017-01-02T21:40:59+00:00,1.79
2017-01-02T21:42:36+00:00,1.79
2017-01-02T21:44:28+00:00,2.36
2017-01-02T21:46:04+00:00,1.78
2017-01-02T21:47:40+00:00,1.77
2017-01-02T21:49:33+00:00,1.64
2017-01-02T21:51:08+00:00,1.64
2017-01-02T21:52:46+00:00,1.77
2017-01-02T21:54:55+00:00,1.74
2017-01-02T21:56:31+00:00,1.73
2017-01-02T21:58:22+00:00,1.74
2017-01-02T22:00:06+00:00,1.73
2017-01-02T22:01:40+00:00,2.18
2017-01-02T22:03:24+00:00,1.6
2017-01-02T22:05:14+00:00,1.6
2017-01-02T22:06:49+00:00,1.61
2017-01-02T22:08:35+00:00,1.58
2017-01-02T22:10:16+00:00,1.65
2017-01-02T22:11:50+00:00,1.66
2017-01-02T22:13:33+00:00,1.63
2017-01-02T22:15:20+00:00,1.63
2017-01-02T22:16:57+00:00,1.63
2017-01-02T22:18:43+00:00,1.63
2017-01-02T22:20:23+00:00,2.09
2017-01-02T22:21:57+00:00,1.5
2017-01-02T22:23:44+00:00,1.5
2017-01-02T22:25:22+00:00,1.5
2017-01-02T22:26:57+00:00,1.5
2017-01-02T22:28:45+00:00,1.5
2017-01-02T22:30:25+00:00,1.53
2017-01-02T22:32:00+00:00,1.51
2017-01-02T22:33:52+00:00,1.5
2017-01-02T22:35:31+00:00,1.5
2017-01-02T22:37:06+00:00,2.08
2017-01-02T22:38:57+00:00,1.51
2017-01-02T22:40:34+00:00,1.64
2017-01-02T22:42:10+00:00,1.65
2017-01-02T22:44:02+00:00,1.64
2017-01-02T22:45:40+00:00,1.63
2017-01-02T22:47:14+00:00,1.63
2017-01-02T22:49:04+00:00,1.63
2017-01-02T22:50:40+00:00,1.51
2017-01-02T22:52:14+00:00,1.5
2017-01-02T22:54:05+00:00,1.5
2017-01-02T22:55:40+00:00,1.5
2017-01-02T22:57:16+00:00,2.07
2017-01-02T22:59:07+00:00,1.49
2017-01-02T23:00:43+00:00,1.65
2017-01-02T23:02:18+00:00,1.65
2017-01-02T23:04:08+00:00,1.64
2017-01-02T23:05:45+00:00,1.64
2017-01-02T23:07:20+00:00,1.63
2017-01-02T23:09:11+00:00,1.63
2017-01-02T23:10:47+00:00,1.79
2017-01-02T23:12:32+00:00,1.76
2017-01-02T23:14:25+00:00,1.76
2017-01-02T23:15:59+00:00,2.33
2017-01-02T23:17:35+00:00,1.76
2017-01-02T23:19:25+00:00,1.75
2017-01-02T23:20:59+00:00,1.62
2017-01-02T23:22:34+00:00,1.5
2017-01-02T23:24:25+00:00,1.5
2017-01-02T23:25:59+00:00,1.5
2017-01-02T23:27:34+00:00,1.51
2017-01-02T23:29:24+00:00,1.5
2017-01-02T23:30:59+00:00,1.5
2017-01-02T23:32:35+00:00,1.51
2017-01-02T23:34:27+00:00,2.17
2017-01-02T23:36:02+00:00,1.61
2017-01-02T23:37:36+00:00,1.61
2017-01-02T23:39:27+00:00,1.61
2017-01-02T23:41:02+00:00,1.69
2017-01-02T23:42:40+00:00,1.84
2017-01-02T23:44:32+00:00,1.83
2017-01-02T23:46:07+00:00,1.85
2017-01-02T23:47:43+00:00,1.83
2017-01-02T23:49:35+00:00,1.82
2017-01-02T23:51:12+00:00,1.82
2017-01-02T23:52:48+00:00,2.26
2017-01-02T23:54:36+00:00,1.69
2017-01-02T23:56:12+00:00,1.68
2017-01-02T23:57:47+00:00,1.68
2017-01-02T23:59:36+00:00,1.59
2017-01-03T00:01:11+00:00,1.6
2017-01-03T00:02:46+00:00,1.6
2017-01-03T00:04:36+00:00,1.6
2017-01-03T00:06:11+00:00,1.6
2017-01-03T00:07:49+00:00,1.6
2017-01-03T00:09:41+00:00,1.6
2017-01-03T00:11:16+00:00,2.19
2017-01-03T00:12:53+00:00,1.6
2017-01-03T00:14:44+00:00,1.57
2017-01-03T00:16:19+00:00,1.57
2017-01-03T00:17:58+00:00,1.73
2017-01-03T00:19:49+00:00,1.73
2017-01-03T00:21:23+00:00,1.89
2017-01-03T00:23:01+00:00,1.87
2017-01-03T00:24:52+00:00,1.86
2017-01-03T00:26:26+00:00,1.73
2017-01-03T00:28:05+00:00,1.72
2017-01-03T00:29:56+00:00,2.29
2017-01-03T00:31:30+00:00,1.71
2017-01-03T00:33:16+00:00,1.63
2017-01-03T00:35:03+00:00,1.63
2017-01-03T00:36:38+00:00,1.63
2017-01-03T00:38:23+00:00,1.64
2017-01-03T00:40:07+00:00,1.63
2017-01-03T00:41:42+00:00,1.63
2017-01-03T00:43:25+00:00,1.51
2017-01-03T00:45:10+00:00,1.52
2017-01-03T00:46:57+00:00,2.22
2017-01-03T00:48:42+00:00,1.65
2017-01-03T00:50:23+00:00,1.64
2017-01-03T00:51:59+00:00,1.64
2017-01-03T00:53:45+00:00,1.63
2017-01-03T00:55:24+00:00,1.64
2017-01-03T00:57:10+00:00,1.5
2017-01-03T00:59:01+00:00,1.51
2017-01-03T01:00:38+00:00,1.5
2017-01-03T01:02:13+00:00,1.54
2017-01-03T01:04:07+00:00,2.09
2017-01-03T01:05:43+00:00,1.51
2017-01-03T01:07:20+00:00,1.52
2017-01-03T01:09:13+00:00,1.52
2017-01-03T01:10:51+00:00,1.57
2017-01-03T01:12:27+00:00,1.53
2017-01-03T01:14:19+00:00,1.53
2017-01-03T01:15:56+00:00,1.54
2017-01-03T01:17:34+00:00,1.51
2017-01-03T01:19:27+00:00,1.67
2017-01-03T01:21:02+00:00,2.26
2017-01-03T01:22:37+00:00,1.71
2017-01-03T01:24:30+00:00,1.66
2017-01-03T01:26:05+00:00,1.66
2017-01-03T01:27:40+00:00,1.8
2017-01-03T01:29:35+00:00,1.63
2017-01-03T01:31:10+00:00,1.63
2017-01-03T01:32:46+00:00,1.63
2017-01-03T01:34:38+00:00,1.63
2017-01-03T01:36:11+00:00,1.63
2017-01-03T01:37:48+00:00,1.62
2017-01-03T01:39:38+00:00,2.2
2017-01-03T01:41:14+00:00,1.62
2017-01-03T01:42:54+00:00,1.77
2017-01-03T01:44:44+00:00,1.67
2017-01-03T01:46:18+00:00,1.68
2017-01-03T01:48:05+00:00,1.66
2017-01-03T01:49:52+00:00,1.64
2017-01-03T01:51:27+00:00,1.8
2017-01-03T01:53:09+00:00,1.8
2017-01-03T01:54:56+00:00,1.79
2017-01-03T01:56:41+00:00,1.79
2017-01-03T01:58:24+00:00,2.36
2017-01-03T02:00:11+00:00,1.78
2017-01-03T02:01:48+00:00,1.65
2017-01-03T02:03:33+00:00,1.54
2017-01-03T02:05:16+00:00,1.55
2017-01-03T02:06:51+00:00,1.53
2017-01-03T02:08:37+00:00,1.53
2017-01-03T02:10:21+00:00,1.54
2017-01-03T02:11:57+00:00,1.53
2017-01-03T02:13:43+00:00,1.54
2017-01-03T02:15:28+00:00,2.11
2017-01-03T02:17:04+00:00,1.53
2017-01-03T02:18:53+00:00,1.54
2017-01-03T02:20:38+00:00,1.53
2017-01-03T02:22:19+00:00,1.51
2017-01-03T02:24:10+00:00,1.66
2017-01-03T02:25:45+00:00,1.66
2017-01-03T02:27:23+00:00,1.66
2017-01-03T02:29:17+00:00,1.66
2017-01-03T02:30:51+00:00,1.69
2017-01-03T02:32:26+00:00,1.66
2017-01-03T02:34:18+00:00,2.11
2017-01-03T02:35:54+00:00,1.53
2017-01-03T02:37:29+00:00,1.53
2017-01-03T02:39:19+00:00,1.53
2017-01-03T02:40:54+00:00,1.6
2017-01-03T02:42:31+00:00,1.62
2017-01-03T02:44:23+00:00,1.62
2017-01-03T02:45:57+00:00,1.62
2017-01-03T02:47:32+00:00,1.62
2017-01-03T02:49:23+00:00,1.61
2017-01-03T02:51:18+00:00,1.64
2017-01-03T02:53:05+00:00,2.18
2017-01-03T02:54:53+00:00,1.76
2017-01-03T02:56:28+00:00,1.78
2017-01-03T02:58:07+00:00,1.74
2017-01-03T02:59:57+00:00,1.75
2017-01-03T03:01:33+00:00,1.74
2017-01-03T03:03:12+00:00,1.89
2017-01-03T03:05:02+00:00,1.77
2017-01-03T03:06:37+00:00,1.75
2017-01-03T03:08:18+00:00,1.74
2017-01-03T03:10:07+00:00,2.31
2017-01-03T03:11:41+00:00,2.3
2017-01-03T03:13:24+00:00,1.73
2017-01-03T03:15:09+00:00,1.73
2017-01-03T03:16:45+00:00,1.83
2017-01-03T03:18:27+00:00,1.83
2017-01-03T03:20:14+00:00,1.83
2017-01-03T03:21:48+00:00,1.83
2017-01-03T03:23:31+00:00,1.82
2017-01-03T03:25:17+00:00,1.71
2017-01-03T03:26:51+00:00,1.67
2017-01-03T03:28:36+00:00,1.84
2017-01-03T03:30:17+00:00,2.39
2017-01-03T03:31:51+00:00,1.82
2017-01-03T03:33:37+00:00,1.74
2017-01-03T03:35:18+00:00,1.73
2017-01-03T03:36:53+00:00,1.74
2017-01-03T03:38:38+00:00,1.52
2017-01-03T03:40:19+00:00,1.52
2017-01-03T03:42:04+00:00,1.53
2017-01-03T03:43:51+00:00,1.52
2017-01-03T03:45:29+00:00,1.52
2017-01-03T03:47:05+00:00,2.1
2017-01-03T03:48:52+00:00,2.09
2017-01-03T03:50:32+00:00,1.52
2017-01-03T03:52:08+00:00,1.52
2017-01-03T03:53:55+00:00,1.52
2017-01-03T03:55:49+00:00,1.53
2017-01-03T03:57:24+00:00,1.52
2017-01-03T03:59:18+00:00,1.51
2017-01-03T04:00:54+00:00,1.66
2017-01-03T04:02:29+00:00,1.65
2017-01-03T04:04:20+00:00,1.65
2017-01-03T04:05:57+00:00,2.23
2017-01-03T04:07:38+00:00,1.65
2017-01-03T04:09:28+00:00,1.65
2017-01-03T04:11:02+00:00,1.52
2017-01-03T04:12:38+00:00,1.52
2017-01-03T04:14:30+00:00,1.52
2017-01-03T04:16:05+00:00,1.53
2017-01-03T04:17:40+00:00,1.52
2017-01-03T04:19:31+00:00,1.53
2017-01-03T04:21:04+00:00,1.53
2017-01-03T04:22:42+00:00,1.53
2017-01-03T04:24:33+00:00,2.24
2017-01-03T04:26:08+00:00,1.66
2017-01-03T04:27:44+00:00,1.67
2017-01-03T04:29:38+00:00,1.66
2017-01-03T04:31:12+00:00,1.66
2017-01-03T04:32:47+00:00,1.66
2017-01-03T04:34:37+00:00,1.79
2017-01-03T04:36:10+00:00,1.79
2017-01-03T04:37:48+00:00,1.79
2017-01-03T04:39:40+00:00,1.78
2017-01-03T04:41:14+00:00,1.81
2017-01-03T04:42:49+00:00,2.36
2017-01-03T04:44:39+00:00,1.52
2017-01-03T04:46:13+00:00,1.53
2017-01-03T04:47:50+00:00,1.53
2017-01-03T04:49:39+00:00,1.53
2017-01-03T04:51:15+00:00,1.53
2017-01-03T04:52:50+00:00,1.53
2017-01-03T04:54:42+00:00,1.53
2017-01-03T04:56:16+00:00,1.53
2017-01-03T04:57:55+00:00,1.52
2017-01-03T04:59:48+00:00,1.53
2017-01-03T05:01:35+00:00,1.53
2017-01-03T05:03:54+00:00,1.64
2017-01-03T05:09:06+00:00,1.76
2017-01-03T05:10:48+00:00,1.76
2017-01-03T05:12:23+00:00,1.76
2017-01-03T05:14:28+00:00,1.76
2017-01-03T05:16:04+00:00,1.73
2017-01-03T05:17:44+00:00,1.63
2017-01-03T05:19:37+00:00,1.62
2017-01-03T05:21:14+00:00,2.13
2017-01-03T05:23:00+00:00,1.53
2017-01-03T05:24:59+00:00,1.53
2017-01-03T05:26:44+00:00,1.54
2017-01-03T05:28:31+00:00,1.52
2017-01-03T05:30:22+00:00,1.53
2017-01-03T05:32:07+00:00,1.53
2017-01-03T05:34:16+00:00,1.53
2017-01-03T05:36:12+00:00,1.53
2017-01-03T13:09:23+00:00,1.65
2017-01-03T13:11:07+00:00,2.1
2017-01-03T13:12:46+00:00,1.52
2017-01-03T13:14:39+00:00,1.53
2017-01-03T13:16:15+00:00,1.52
2017-01-03T13:17:52+00:00,1.52
2017-01-03T13:19:47+00:00,1.52
2017-01-03T13:21:23+00:00,1.54
2017-01-03T13:23:01+00:00,1.52
2017-01-03T13:24:56+00:00,1.55
2017-01-03T13:26:38+00:00,1.52
2017-01-03T13:28:29+00:00,1.52
2017-01-03T13:30:20+00:00,2.12
2017-01-03T13:32:10+00:00,1.65
2017-01-03T13:34:09+00:00,1.65
2017-01-03T13:35:51+00:00,1.68
2017-01-03T13:37:26+00:00,1.68
2017-01-03T13:39:14+00:00,1.66
2017-01-03T13:40:52+00:00,1.61
2017-01-03T13:42:27+00:00,1.52
2017-01-03T13:44:28+00:00,1.52
2017-01-03T13:46:03+00:00,1.51
2017-01-03T13:47:38+00:00,2.09
2017-01-03T13:49:29+00:00,1.52
2017-01-03T13:51:05+00:00,1.68
2017-01-03T13:52:40+00:00,1.68
2017-01-03T13:54:31+00:00,1.67
2017-01-03T13:56:04+00:00,1.66
2017-01-03T13:57:39+00:00,1.66
2017-01-03T13:59:32+00:00,1.66
2017-01-03T14:01:07+00:00,1.66
2017-01-03T14:02:43+00:00,1.75
2017-01-03T14:04:34+00:00,2.35
2017-01-03T14:06:10+00:00,1.88
2017-01-03T14:07:46+00:00,1.88
2017-01-03T14:09:39+00:00,1.87
2017-01-03T14:11:14+00:00,1.87
2017-01-03T14:12:49+00:00,1.84
2017-01-03T14:14:42+00:00,1.62
2017-01-03T14:16:20+00:00,1.62
2017-01-03T14:17:56+00:00,1.65
2017-01-03T14:19:47+00:00,1.67
2017-01-03T14:21:21+00:00,2.27
2017-01-03T14:22:58+00:00,2.23
2017-01-03T14:24:58+00:00,1.58
2017-01-03T14:26:32+00:00,1.57
2017-01-03T14:28:08+00:00,1.57
2017-01-03T14:30:00+00:00,1.6
2017-01-03T14:31:35+00:00,1.65
2017-01-03T14:33:11+00:00,1.64
2017-01-03T14:35:04+00:00,1.81
2017-01-03T14:36:38+00:00,1.78
2017-01-03T14:38:28+00:00,1.76
2017-01-03T14:40:14+00:00,1.76
2017-01-03T14:41:48+00:00,2.36
2017-01-03T14:43:29+00:00,1.67
2017-01-03T14:45:16+00:00,1.55
2017-01-03T14:46:52+00:00,1.57
2017-01-03T14:48:31+00:00,1.54
2017-01-03T14:50:17+00:00,1.54
2017-01-03T14:51:52+00:00,1.55
2017-01-03T14:53:33+00:00,1.55
2017-01-03T14:55:18+00:00,1.54
2017-01-03T14:56:53+00:00,1.55
2017-01-03T14:58:34+00:00,1.56
2017-01-03T15:00:23+00:00,1.53
2017-01-03T15:01:59+00:00,2.16
2017-01-03T15:03:42+00:00,1.74
2017-01-03T15:05:28+00:00,1.73
2017-01-03T15:07:03+00:00,1.73
2017-01-03T15:08:46+00:00,1.73
2017-01-03T15:10:28+00:00,1.72
2017-01-03T15:12:02+00:00,1.73
2017-01-03T15:13:48+00:00,1.81
2017-01-03T15:15:51+00:00,1.78
2017-01-03T15:17:26+00:00,1.78
2017-01-03T15:19:14+00:00,2.35
2017-01-03T15:21:12+00:00,1.78
2017-01-03T15:22:48+00:00,1.77
2017-01-03T15:24:40+00:00,1.76
2017-01-03T15:26:15+00:00,1.77
2017-01-03T15:27:51+00:00,1.76
2017-01-03T15:29:43+00:00,1.77
2017-01-03T15:31:19+00:00,1.76
2017-01-03T15:32:57+00:00,1.76
2017-01-03T15:34:49+00:00,1.87
2017-01-03T15:36:25+00:00,1.87
2017-01-03T15:38:00+00:00,2.43
2017-01-03T15:39:52+00:00,1.85
2017-01-03T15:41:28+00:00,1.85
2017-01-03T15:43:04+00:00,1.85
2017-01-03T15:44:55+00:00,1.77
2017-01-03T15:46:31+00:00,1.64
2017-01-03T15:48:06+00:00,1.64
2017-01-03T15:49:56+00:00,1.64
2017-01-03T15:51:30+00:00,1.63
2017-01-03T15:53:08+00:00,1.64
2017-01-03T15:54:56+00:00,1.76
2017-01-03T15:56:31+00:00,2.32
2017-01-03T15:58:07+00:00,1.74
2017-01-03T15:59:58+00:00,1.74
2017-01-03T16:01:33+00:00,1.64
2017-01-03T16:03:10+00:00,1.65
2017-01-03T16:05:00+00:00,1.72
2017-01-03T16:06:36+00:00,1.69
2017-01-03T16:08:14+00:00,1.89
2017-01-03T16:10:04+00:00,1.85
2017-01-03T16:11:40+00:00,1.85
2017-01-03T16:13:18+00:00,2.34
2017-01-03T16:15:07+00:00,1.68
2017-01-03T16:16:42+00:00,1.68
2017-01-03T16:18:20+00:00,1.55
2017-01-03T16:20:09+00:00,1.55
2017-01-03T16:21:44+00:00,1.55
2017-01-03T16:23:22+00:00,1.55
2017-01-03T16:25:10+00:00,1.55
2017-01-03T16:26:46+00:00,1.55
2017-01-03T16:28:26+00:00,1.55
2017-01-03T16:30:15+00:00,1.57
2017-01-03T16:31:50+00:00,2.13
2017-01-03T16:33:31+00:00,1.57
2017-01-03T16:35:49+00:00,1.79
2017-01-03T16:37:23+00:00,1.8
2017-01-03T16:39:11+00:00,1.75
2017-01-03T16:40:51+00:00,1.9
2017-01-03T16:42:36+00:00,1.89
2017-01-03T16:44:25+00:00,1.89
2017-01-03T16:46:02+00:00,1.81
2017-01-03T16:47:36+00:00,1.8
2017-01-03T16:49:48+00:00,2.24
2017-01-03T16:51:23+00:00,1.67
2017-01-03T16:52:59+00:00,1.66
2017-01-03T16:55:00+00:00,1.66
2017-01-03T16:56:36+00:00,1.66
2017-01-03T16:58:11+00:00,1.55
2017-01-03T17:00:02+00:00,1.55
2017-01-03T17:01:37+00:00,1.54
2017-01-03T17:03:12+00:00,1.54
2017-01-03T17:05:03+00:00,1.67
2017-01-03T17:06:38+00:00,2.2
2017-01-03T17:08:15+00:00,1.62
2017-01-03T17:10:05+00:00,1.63
2017-01-03T17:11:39+00:00,1.63
2017-01-03T17:13:18+00:00,1.63
2017-01-03T17:15:10+00:00,2.02
2017-01-03T17:16:45+00:00,1.92
2017-01-03T17:18:24+00:00,1.93
2017-01-03T17:20:12+00:00,1.93
2017-01-03T17:21:47+00:00,1.93
2017-01-03T17:23:27+00:00,1.54
2017-01-03T17:25:14+00:00,2.14
2017-01-03T17:26:49+00:00,1.68
2017-01-03T17:28:28+00:00,1.84
2017-01-03T17:30:15+00:00,1.79
2017-01-03T17:31:50+00:00,1.77
2017-01-03T17:33:32+00:00,1.78
2017-01-03T17:35:18+00:00,1.83
2017-01-03T17:36:54+00:00,1.73
2017-01-03T17:38:35+00:00,1.73
2017-01-03T17:40:20+00:00,1.73
2017-01-03T17:41:54+00:00,1.78
2017-01-03T17:43:36+00:00,2.27
2017-01-03T17:45:22+00:00,1.59
2017-01-03T17:46:57+00:00,1.63
2017-01-03T17:48:36+00:00,1.79
2017-01-03T17:50:53+00:00,1.8
2017-01-03T17:52:27+00:00,1.77
2017-01-03T17:54:16+00:00,1.77
2017-01-03T17:55:55+00:00,1.77
2017-01-03T17:57:30+00:00,2.01
2017-01-03T17:59:18+00:00,1.86
2017-01-03T18:00:57+00:00,2.43
2017-01-03T18:02:32+00:00,1.85
2017-01-03T18:04:19+00:00,1.85
2017-01-03T18:06:00+00:00,1.93
2017-01-03T18:07:34+00:00,1.78
2017-01-03T18:09:22+00:00,1.9
2017-01-03T18:11:01+00:00,1.94
2017-01-03T18:12:37+00:00,1.82
2017-01-03T18:14:26+00:00,1.67
2017-01-03T18:16:04+00:00,1.67
2017-01-03T18:17:39+00:00,1.67
2017-01-03T18:19:31+00:00,1.6
2017-01-03T18:21:07+00:00,1.59
2017-01-03T18:22:43+00:00,2.17
2017-01-03T18:24:36+00:00,1.6
2017-01-03T18:26:10+00:00,1.59
2017-01-03T18:27:45+00:00,1.59
2017-01-03T18:29:35+00:00,1.72
2017-01-03T18:31:09+00:00,1.72
2017-01-03T18:32:45+00:00,1.71
2017-01-03T18:34:37+00:00,1.72
2017-01-03T18:36:12+00:00,1.72
2017-01-03T18:37:49+00:00,1.71
2017-01-03T18:39:39+00:00,1.56
2017-01-03T18:41:14+00:00,2.23
2017-01-03T18:43:10+00:00,1.66
2017-01-03T18:44:59+00:00,1.66
2017-01-03T18:46:35+00:00,1.69
2017-01-03T18:48:11+00:00,1.66
2017-01-03T18:50:04+00:00,1.65
2017-01-03T18:51:38+00:00,1.61
2017-01-03T18:53:14+00:00,1.58
2017-01-03T18:55:05+00:00,1.61
2017-01-03T18:56:39+00:00,1.59
2017-01-03T18:58:17+00:00,1.58
2017-01-03T19:00:16+00:00,2.16
2017-01-03T19:01:50+00:00,3.2
2017-01-03T19:03:53+00:00,3.16
2017-01-03T19:05:37+00:00,1.67
2017-01-03T19:07:13+00:00,1.53
2017-01-03T19:08:57+00:00,1.51
2017-01-03T19:10:40+00:00,1.51
2017-01-03T19:12:14+00:00,1.64
2017-01-03T19:14:00+00:00,1.61
2017-01-03T19:15:41+00:00,1.61
2017-01-03T19:17:18+00:00,1.6
2017-01-03T19:19:02+00:00,2.18
2017-01-03T19:20:44+00:00,1.67
2017-01-03T19:22:19+00:00,1.73
2017-01-03T19:24:03+00:00,1.73
2017-01-03T19:25:44+00:00,1.73
2017-01-03T19:27:18+00:00,1.72
2017-01-03T19:29:04+00:00,1.73
2017-01-03T19:30:47+00:00,1.72
2017-01-03T19:32:23+00:00,1.58
2017-01-03T19:34:12+00:00,1.46
2017-01-03T19:35:50+00:00,1.47
2017-01-03T19:37:26+00:00,2.08
2017-01-03T19:39:14+00:00,1.46
2017-01-03T19:40:52+00:00,1.46
2017-01-03T19:42:28+00:00,1.47
2017-01-03T19:44:15+00:00,1.47
2017-01-03T19:45:54+00:00,1.46
2017-01-03T19:47:36+00:00,1.46
2017-01-03T19:49:41+00:00,1.48
2017-01-03T19:51:16+00:00,1.47
2017-01-03T19:52:53+00:00,1.47
2017-01-03T19:54:47+00:00,1.6
2017-01-03T19:56:24+00:00,2.18
2017-01-03T19:57:59+00:00,1.6
2017-01-03T19:59:51+00:00,1.6
2017-01-03T20:01:26+00:00,1.6
2017-01-03T20:03:02+00:00,1.59
2017-01-03T20:04:54+00:00,1.47
2017-01-03T20:06:31+00:00,1.74
2017-01-03T20:08:20+00:00,1.74
2017-01-03T20:10:13+00:00,1.73
2017-01-03T20:11:51+00:00,1.73
2017-01-03T20:13:32+00:00,1.62
2017-01-03T20:15:19+00:00,2.14
2017-01-03T20:17:00+00:00,1.55
2017-01-03T20:18:43+00:00,1.55
2017-01-03T20:20:39+00:00,1.55
2017-01-03T20:22:15+00:00,1.55
2017-01-03T20:24:01+00:00,1.46
2017-01-03T20:25:47+00:00,1.6
2017-01-03T20:27:23+00:00,1.59
2017-01-03T20:29:24+00:00,1.59
2017-01-03T20:31:04+00:00,1.59
2017-01-03T20:32:40+00:00,1.6
2017-01-03T20:34:35+00:00,2.21
2017-01-03T20:36:12+00:00,1.6
2017-01-03T20:37:49+00:00,1.6
2017-01-03T20:39:43+00:00,1.59
2017-01-03T20:41:19+00:00,1.59
2017-01-03T20:42:56+00:00,1.59
2017-01-03T20:44:47+00:00,1.59
2017-01-03T20:46:23+00:00,1.59
2017-01-03T20:47:59+00:00,1.59
2017-01-03T20:49:52+00:00,1.58
2017-01-03T20:51:28+00:00,1.58
2017-01-03T20:53:07+00:00,2.16
2017-01-03T20:54:56+00:00,1.75
2017-01-03T20:56:31+00:00,1.43
2017-01-03T20:58:08+00:00,1.59
2017-01-03T20:59:57+00:00,1.6
2017-01-03T21:01:33+00:00,1.59
2017-01-03T21:03:11+00:00,1.59
2017-01-03T21:05:02+00:00,1.7
2017-01-03T21:06:38+00:00,1.7
2017-01-03T21:08:18+00:00,1.56
2017-01-03T21:10:10+00:00,1.56
2017-01-03T21:11:46+00:00,1.56
2017-01-03T21:13:26+00:00,2.13
2017-01-03T21:15:19+00:00,1.57
2017-01-03T21:16:57+00:00,1.56
2017-01-03T21:18:39+00:00,1.55
2017-01-03T21:20:27+00:00,1.55
2017-01-03T21:22:03+00:00,1.55
2017-01-03T21:23:47+00:00,1.55
2017-01-03T21:25:34+00:00,1.55
2017-01-03T21:27:09+00:00,1.55
2017-01-03T21:28:55+00:00,1.52
2017-01-03T21:30:38+00:00,1.69
2017-01-03T21:32:14+00:00,2.26
2017-01-03T21:33:59+00:00,1.68
2017-01-03T21:35:43+00:00,1.68
2017-01-03T21:37:21+00:00,1.7
2017-01-03T21:39:11+00:00,1.67
2017-01-03T21:40:52+00:00,1.54
2017-01-03T21:42:29+00:00,1.55
2017-01-03T21:44:17+00:00,1.54
2017-01-03T21:45:55+00:00,1.54
2017-01-03T21:47:31+00:00,1.55
2017-01-03T21:49:24+00:00,1.54
2017-01-03T21:51:02+00:00,2.12
2017-01-03T21:52:37+00:00,1.54
2017-01-03T21:54:33+00:00,1.54
2017-01-03T21:56:08+00:00,1.65
2017-01-03T21:57:43+00:00,1.8
2017-01-03T21:59:34+00:00,1.92
2017-01-03T22:01:10+00:00,1.92
2017-01-03T22:02:47+00:00,1.82
2017-01-03T22:04:41+00:00,1.82
2017-01-03T22:06:17+00:00,1.81
2017-01-03T22:07:56+00:00,1.81
2017-01-03T22:10:07+00:00,2.27
2017-01-03T22:11:44+00:00,1.69
2017-01-03T22:13:21+00:00,1.58
2017-01-03T22:15:14+00:00,1.58
2017-01-03T22:16:51+00:00,1.61
2017-01-03T22:18:35+00:00,1.46
2017-01-03T22:20:25+00:00,1.46
2017-01-03T22:21:59+00:00,1.46
2017-01-03T22:23:40+00:00,1.47
2017-01-03T22:25:27+00:00,1.47
2017-01-03T22:27:02+00:00,2.03
2017-01-03T22:28:44+00:00,1.45
2017-01-03T22:30:26+00:00,1.44
2017-01-03T22:32:02+00:00,1.47
2017-01-03T22:33:42+00:00,1.45
2017-01-03T22:35:28+00:00,1.45
2017-01-03T22:37:03+00:00,1.45
2017-01-03T22:38:43+00:00,1.42
2017-01-03T22:40:30+00:00,1.58
2017-01-03T22:42:05+00:00,1.59
2017-01-03T22:43:48+00:00,1.58
2017-01-03T22:45:34+00:00,2.17
2017-01-03T22:47:10+00:00,1.59
2017-01-03T22:48:53+00:00,1.46
2017-01-03T22:50:37+00:00,1.46
2017-01-03T22:52:14+00:00,1.45
2017-01-03T22:53:58+00:00,1.47
2017-01-03T22:55:40+00:00,1.47
2017-01-03T22:57:15+00:00,1.46
2017-01-03T22:58:59+00:00,1.46
2017-01-03T23:00:46+00:00,1.47
2017-01-03T23:02:19+00:00,1.47
2017-01-03T23:04:03+00:00,2.05
2017-01-03T23:05:46+00:00,1.47
2017-01-03T23:07:21+00:00,1.47
2017-01-03T23:09:08+00:00,1.47
2017-01-03T23:10:51+00:00,1.61
2017-01-03T23:12:45+00:00,1.6
2017-01-03T23:14:39+00:00,1.6
2017-01-03T23:16:15+00:00,1.59
2017-01-03T23:17:51+00:00,1.58
2017-01-03T23:19:44+00:00,1.62
2017-01-03T23:21:20+00:00,1.6
2017-01-03T23:22:56+00:00,2.17
2017-01-03T23:24:48+00:00,1.59
2017-01-03T23:26:23+00:00,1.61
2017-01-03T23:27:59+00:00,1.58
2017-01-03T23:29:51+00:00,1.58
2017-01-03T23:31:26+00:00,1.57
2017-01-03T23:33:02+00:00,1.58
2017-01-03T23:34:56+00:00,1.58
2017-01-03T23:36:31+00:00,1.58
2017-01-03T23:38:08+00:00,1.58
2017-01-03T23:40:00+00:00,2.14
2017-01-03T23:41:34+00:00,1.46
2017-01-03T23:43:13+00:00,1.46
2017-01-03T23:45:06+00:00,1.57
2017-01-03T23:46:41+00:00,1.56
2017-01-03T23:48:19+00:00,1.56
2017-01-03T23:50:08+00:00,1.55
2017-01-03T23:51:43+00:00,1.58
2017-01-03T23:53:22+00:00,1.54
2017-01-03T23:55:10+00:00,1.55
2017-01-03T23:56:44+00:00,1.58
2017-01-03T23:58:23+00:00,2.13
2017-01-04T00:00:14+00:00,1.55
2017-01-04T00:01:49+00:00,1.46
2017-01-04T00:03:27+00:00,1.45
2017-01-04T00:05:14+00:00,1.47
2017-01-04T00:06:51+00:00,1.46
2017-01-04T00:08:33+00:00,1.45
2017-01-04T00:10:20+00:00,1.58
2017-01-04T00:11:55+00:00,1.56
2017-01-04T00:13:36+00:00,1.56
2017-01-04T00:15:22+00:00,1.56
2017-01-04T00:16:59+00:00,2.13
2017-01-04T00:18:45+00:00,1.55
2017-01-04T00:20:27+00:00,1.54
2017-01-04T00:22:03+00:00,1.69
2017-01-04T00:23:47+00:00,1.7
2017-01-04T00:25:33+00:00,1.69
2017-01-04T00:27:09+00:00,1.68
2017-01-04T00:28:52+00:00,1.68
2017-01-04T00:30:36+00:00,1.67
2017-01-04T00:32:11+00:00,1.55
2017-01-04T00:33:56+00:00,1.55
2017-01-04T00:35:39+00:00,2.13
2017-01-04T00:37:14+00:00,1.55
2017-01-04T00:39:00+00:00,1.55
2017-01-04T00:40:46+00:00,1.7
2017-01-04T00:42:21+00:00,1.72
2017-01-04T00:44:07+00:00,1.68
2017-01-04T00:45:48+00:00,1.68
2017-01-04T00:47:24+00:00,1.68
2017-01-04T00:49:11+00:00,1.67
2017-01-04T00:50:54+00:00,1.68
2017-01-04T00:52:33+00:00,1.65
2017-01-04T00:54:25+00:00,2.38
2017-01-04T00:56:03+00:00,1.8
2017-01-04T00:57:40+00:00,1.8
2017-01-04T00:59:30+00:00,1.8
2017-01-04T01:01:05+00:00,1.79
2017-01-04T01:02:42+00:00,1.67
2017-01-04T01:04:32+00:00,1.54
2017-01-04T01:06:09+00:00,1.54
2017-01-04T01:07:44+00:00,1.54
2017-01-04T01:09:37+00:00,1.47
2017-01-04T01:11:12+00:00,1.47
2017-01-04T01:12:47+00:00,2.04
2017-01-04T01:14:39+00:00,1.46
2017-01-04T01:16:16+00:00,1.47
2017-01-04T01:17:50+00:00,1.47
2017-01-04T01:19:41+00:00,1.47
2017-01-04T01:21:18+00:00,1.46
2017-01-04T01:22:53+00:00,1.47
2017-01-04T01:24:55+00:00,1.47
2017-01-04T01:26:29+00:00,1.47
2017-01-04T01:28:06+00:00,1.47
2017-01-04T01:30:06+00:00,1.46
2017-01-04T01:31:42+00:00,2.04
2017-01-04T01:33:21+00:00,1.6
2017-01-04T01:35:11+00:00,1.57
2017-01-04T01:36:47+00:00,1.57
2017-01-04T01:38:25+00:00,1.56
2017-01-04T01:40:14+00:00,1.56
2017-01-04T01:41:49+00:00,1.56
2017-01-04T01:43:30+00:00,1.56
2017-01-04T01:45:20+00:00,1.56
2017-01-04T01:46:56+00:00,1.56
2017-01-04T01:48:38+00:00,1.56
2017-01-04T01:50:24+00:00,2.13
2017-01-04T01:51:58+00:00,1.47
2017-01-04T01:53:39+00:00,1.47
2017-01-04T01:55:26+00:00,1.46
2017-01-04T01:57:03+00:00,1.47
2017-01-04T01:58:47+00:00,1.47
2017-01-04T02:00:35+00:00,1.47
2017-01-04T02:02:11+00:00,1.63
2017-01-04T02:03:53+00:00,1.62
2017-01-04T02:05:40+00:00,1.61
2017-01-04T02:07:24+00:00,1.61
2017-01-04T02:09:10+00:00,2.19
2017-01-04T02:10:51+00:00,1.6
2017-01-04T02:12:26+00:00,1.6
2017-01-04T02:14:14+00:00,1.6
2017-01-04T02:15:52+00:00,1.6
2017-01-04T02:17:29+00:00,1.6
2017-01-04T02:19:16+00:00,1.59
2017-01-04T02:20:58+00:00,1.59
2017-01-04T02:22:32+00:00,1.59
2017-01-04T02:24:22+00:00,1.46
2017-01-04T02:25:59+00:00,1.47
2017-01-04T02:27:35+00:00,2.05
2017-01-04T02:29:26+00:00,1.46
2017-01-04T02:31:05+00:00,1.47
2017-01-04T02:32:44+00:00,1.47
2017-01-04T02:34:40+00:00,1.48
2017-01-04T02:36:15+00:00,1.47
2017-01-04T02:37:50+00:00,1.47
2017-01-04T02:39:47+00:00,1.47
2017-01-04T02:41:24+00:00,1.47
2017-01-04T02:43:01+00:00,1.47
2017-01-04T02:44:56+00:00,1.47
2017-01-04T02:46:32+00:00,2.06
2017-01-04T02:48:08+00:00,1.47
2017-01-04T02:50:00+00:00,1.47
2017-01-04T02:51:38+00:00,1.47
2017-01-04T02:53:14+00:00,1.48
2017-01-04T02:55:02+00:00,1.47
2017-01-04T02:56:37+00:00,1.47
2017-01-04T02:58:15+00:00,1.47
2017-01-04T03:00:06+00:00,1.47
2017-01-04T03:01:41+00:00,1.47
2017-01-04T03:03:21+00:00,2.07
2017-01-04T03:05:12+00:00,1.48
2017-01-04T03:06:47+00:00,1.48
2017-01-04T03:08:24+00:00,1.48
2017-01-04T03:10:14+00:00,1.46
2017-01-04T03:12:09+00:00,1.47
2017-01-04T03:13:53+00:00,1.5
2017-01-04T03:15:39+00:00,1.61
2017-01-04T03:17:15+00:00,1.58
2017-01-04T03:19:01+00:00,1.58
2017-01-04T03:20:45+00:00,1.58
2017-01-04T03:22:21+00:00,2.28
2017-01-04T03:24:04+00:00,1.68
2017-01-04T03:25:46+00:00,1.83
2017-01-04T03:27:21+00:00,1.82
2017-01-04T03:29:04+00:00,1.81
2017-01-04T03:30:47+00:00,1.81
2017-01-04T03:32:22+00:00,1.81
2017-01-04T03:34:08+00:00,1.8
2017-01-04T03:35:50+00:00,1.79
2017-01-04T03:37:25+00:00,1.79
2017-01-04T03:39:11+00:00,1.79
2017-01-04T03:40:52+00:00,2.28
2017-01-04T03:42:28+00:00,2.28
2017-01-04T03:44:13+00:00,1.69
2017-01-04T03:45:52+00:00,1.7
2017-01-04T03:47:26+00:00,1.57
2017-01-04T03:49:15+00:00,1.57
2017-01-04T03:50:53+00:00,1.57
2017-01-04T03:52:29+00:00,1.6
2017-01-04T03:54:19+00:00,1.57
2017-01-04T03:55:57+00:00,1.56
2017-01-04T03:57:31+00:00,1.56
2017-01-04T03:59:20+00:00,1.56
2017-01-04T04:01:03+00:00,2.13
2017-01-04T04:02:39+00:00,1.55
2017-01-04T04:04:29+00:00,1.55
2017-01-04T04:06:07+00:00,1.56
2017-01-04T04:07:45+00:00,1.56
2017-01-04T04:09:47+00:00,1.55
2017-01-04T04:11:41+00:00,1.55
2017-01-04T04:17:30+00:00,2.06
2017-01-04T04:19:31+00:00,1.47
2017-01-04T04:21:16+00:00,1.46
2017-01-04T04:23:13+00:00,1.47
2017-01-04T04:34:34+00:00,1.46
2017-01-04T04:36:24+00:00,2.04
2017-01-04T04:38:17+00:00,1.46
2017-01-04T04:40:36+00:00,1.47
2017-01-04T04:51:41+00:00,1.61
2017-01-04T04:54:00+00:00,2.17
2017-01-04T04:56:09+00:00,1.6
2017-01-04T04:58:18+00:00,1.6
2017-01-04T05:00:52+00:00,1.59
2017-01-04T06:03:03+00:00,1.47
2017-01-04T06:04:40+00:00,1.47
2017-01-04T06:06:34+00:00,2.05
2017-01-04T06:08:11+00:00,1.63
2017-01-04T06:09:49+00:00,1.62
2017-01-04T06:11:40+00:00,1.61
2017-01-04T06:13:16+00:00,1.61
2017-01-04T06:14:55+00:00,1.61
2017-01-04T06:16:45+00:00,1.72
2017-01-04T06:18:22+00:00,1.74
2017-01-04T06:20:01+00:00,1.85
2017-01-04T06:21:51+00:00,1.84
2017-01-04T06:23:26+00:00,1.83
2017-01-04T06:25:05+00:00,1.83
2017-01-04T06:26:55+00:00,2.27
2017-01-04T06:28:30+00:00,1.69
2017-01-04T06:30:10+00:00,1.57
2017-01-04T06:31:57+00:00,1.56
2017-01-04T06:33:31+00:00,1.55
2017-01-04T06:35:11+00:00,1.56
2017-01-04T06:37:00+00:00,1.56
2017-01-04T06:38:34+00:00,1.56
2017-01-04T06:40:15+00:00,1.55
2017-01-04T06:41:59+00:00,1.56
2017-01-04T06:43:35+00:00,1.55
2017-01-04T06:45:16+00:00,2.13
2017-01-04T06:47:04+00:00,1.7
2017-01-04T06:48:38+00:00,1.72
2017-01-04T06:50:21+00:00,1.69
2017-01-04T06:52:10+00:00,1.69
2017-01-04T06:53:45+00:00,1.69
2017-01-04T06:55:41+00:00,1.68
2017-01-04T06:57:23+00:00,1.55
2017-01-04T06:58:58+00:00,1.66
2017-01-04T07:00:46+00:00,1.67
2017-01-04T07:02:30+00:00,1.65
2017-01-04T07:04:04+00:00,1.65
2017-01-04T07:05:52+00:00,2.23
2017-01-04T07:07:34+00:00,1.65
2017-01-04T07:09:11+00:00,1.65
2017-01-04T07:11:02+00:00,1.65
2017-01-04T07:12:41+00:00,1.66
2017-01-04T07:14:15+00:00,1.65
2017-01-04T07:16:05+00:00,1.54
2017-01-04T07:17:44+00:00,1.55
2017-01-04T07:19:19+00:00,1.6
2017-01-04T07:21:13+00:00,1.6
2017-01-04T07:22:50+00:00,1.6
2017-01-04T07:24:26+00:00,2.17
2017-01-04T07:26:17+00:00,1.6
2017-01-04T07:27:54+00:00,1.59
2017-01-04T07:29:29+00:00,1.47
2017-01-04T07:31:23+00:00,1.62
2017-01-04T07:32:58+00:00,1.61
2017-01-04T07:34:33+00:00,1.61
2017-01-04T07:36:26+00:00,1.61
2017-01-04T07:38:01+00:00,1.63
2017-01-04T07:39:39+00:00,1.6
2017-01-04T07:41:31+00:00,1.6
2017-01-04T07:43:07+00:00,2.17
2017-01-04T07:44:44+00:00,1.6
2017-01-04T07:46:38+00:00,1.59
2017-01-04T07:48:15+00:00,1.61
2017-01-04T07:49:54+00:00,1.71
2017-01-04T07:51:45+00:00,1.63
2017-01-04T07:53:22+00:00,1.6
2017-01-04T07:55:06+00:00,1.6
2017-01-04T07:56:57+00:00,1.59
2017-01-04T07:58:32+00:00,1.59
2017-01-04T08:00:17+00:00,1.47
2017-01-04T08:02:07+00:00,2.04
2017-01-04T08:03:44+00:00,1.46
2017-01-04T08:05:29+00:00,1.47
2017-01-04T08:07:18+00:00,1.47
2017-01-04T08:08:56+00:00,1.47
2017-01-04T08:10:43+00:00,1.47
2017-01-04T08:12:27+00:00,1.47
2017-01-04T08:14:04+00:00,1.46
2017-01-04T08:15:55+00:00,1.47
2017-01-04T08:17:34+00:00,1.47
2017-01-04T08:19:11+00:00,1.47
2017-01-04T08:21:01+00:00,2.18
2017-01-04T08:22:39+00:00,1.6
2017-01-04T08:24:13+00:00,1.6
2017-01-04T08:26:04+00:00,1.59
2017-01-04T08:28:01+00:00,1.6
2017-01-04T08:29:37+00:00,1.6
2017-01-04T08:31:32+00:00,1.47
2017-01-04T08:33:08+00:00,1.47
2017-01-04T08:34:44+00:00,1.47
2017-01-04T08:36:37+00:00,1.47
2017-01-04T08:38:11+00:00,2.04
2017-01-04T08:39:48+00:00,1.46
2017-01-04T08:41:41+00:00,1.46
2017-01-04T08:43:16+00:00,1.48
2017-01-04T08:44:53+00:00,1.47
2017-01-04T08:46:44+00:00,1.46
2017-01-04T08:48:21+00:00,1.58
2017-01-04T08:50:00+00:00,1.57
2017-01-04T08:51:54+00:00,1.7
2017-01-04T08:53:28+00:00,1.84
2017-01-04T08:55:09+00:00,1.83
2017-01-04T08:56:58+00:00,2.4
2017-01-04T08:58:33+00:00,1.83
2017-01-04T09:00:15+00:00,1.82
2017-01-04T09:02:12+00:00,1.69
2017-01-04T09:03:49+00:00,1.69
2017-01-04T09:05:33+00:00,1.59
2017-01-04T09:07:19+00:00,1.62
2017-01-04T09:09:04+00:00,1.59
2017-01-04T09:10:51+00:00,1.59
2017-01-04T09:12:35+00:00,1.59
2017-01-04T09:14:13+00:00,2.05
2017-01-04T09:16:01+00:00,1.47
2017-01-04T09:17:42+00:00,1.48
2017-01-04T09:19:17+00:00,1.47
2017-01-04T09:21:09+00:00,1.62
2017-01-04T09:22:48+00:00,1.61
2017-01-04T09:24:23+00:00,1.71
2017-01-04T09:26:18+00:00,1.7
2017-01-04T09:27:54+00:00,1.7
2017-01-04T09:29:30+00:00,1.7
2017-01-04T09:31:23+00:00,1.7
2017-01-04T09:32:58+00:00,2.14
2017-01-04T09:34:35+00:00,1.56
2017-01-04T09:36:28+00:00,1.56
2017-01-04T09:38:03+00:00,1.56
2017-01-04T09:39:39+00:00,1.56
2017-01-04T09:41:32+00:00,1.55
2017-01-04T09:43:09+00:00,1.56
2017-01-04T09:44:44+00:00,1.58
2017-01-04T09:46:38+00:00,1.56
2017-01-04T09:48:13+00:00,1.55
2017-01-04T09:49:48+00:00,1.58
2017-01-04T09:51:41+00:00,2.12
2017-01-04T09:53:16+00:00,1.58
2017-01-04T09:54:53+00:00,1.53
2017-01-04T09:56:44+00:00,1.69
2017-01-04T09:58:20+00:00,1.67
2017-01-04T09:59:59+00:00,1.67
2017-01-04T10:01:51+00:00,1.67
2017-01-04T10:03:28+00:00,1.67
2017-01-04T10:05:08+00:00,1.67
2017-01-04T10:07:00+00:00,1.55
2017-01-04T10:08:38+00:00,1.55
2017-01-04T10:10:33+00:00,2.12
2017-01-04T10:12:21+00:00,1.55
2017-01-04T10:13:59+00:00,1.71
2017-01-04T10:15:47+00:00,1.7
2017-01-04T10:17:32+00:00,1.7
2017-01-04T10:19:09+00:00,1.68
2017-01-04T10:20:57+00:00,1.59
2017-01-04T10:22:38+00:00,1.6
2017-01-04T10:24:14+00:00,1.59
2017-01-04T10:26:08+00:00,1.6
2017-01-04T10:27:47+00:00,2.29
2017-01-04T10:30:00+00:00,1.72
2017-01-04T10:32:36+00:00,1.72
2017-01-04T10:35:05+00:00,1.72
2017-01-04T10:37:37+00:00,1.6
2017-01-04T10:39:47+00:00,1.57
2017-01-04T10:42:21+00:00,1.57
2017-01-04T10:44:10+00:00,2.13
2017-01-04T10:46:19+00:00,1.56
2017-01-04T10:48:04+00:00,1.57
2017-01-04T10:50:03+00:00,1.58
2017-01-04T10:52:08+00:00,1.56
2017-01-04T10:53:46+00:00,1.56
2017-01-04T10:55:43+00:00,1.56
2017-01-04T10:57:29+00:00,1.48
2017-01-04T10:59:07+00:00,1.44
2017-01-04T11:00:57+00:00,2.17
2017-01-04T11:02:43+00:00,1.61
2017-01-04T11:04:27+00:00,1.59
2017-01-04T11:06:28+00:00,1.61
2017-01-04T11:08:12+00:00,1.59
2017-01-04T11:09:56+00:00,1.46
2017-01-04T11:11:53+00:00,1.46
2017-01-04T11:13:38+00:00,1.46
2017-01-04T11:15:26+00:00,1.46
2017-01-04T11:17:16+00:00,1.46
2017-01-04T11:18:54+00:00,2.03
2017-01-04T11:20:43+00:00,1.49
2017-01-04T11:22:49+00:00,1.47
2017-01-04T11:24:26+00:00,1.46
2017-01-04T11:26:23+00:00,1.49
2017-01-04T11:28:03+00:00,1.46
2017-01-04T11:29:53+00:00,1.5
2017-01-04T11:32:20+00:00,1.6
2017-01-04T11:34:28+00:00,1.59
2017-01-04T11:36:25+00:00,2.32
2017-01-04T11:38:08+00:00,1.73
2017-01-04T11:39:49+00:00,1.73
2017-01-04T11:41:44+00:00,1.61
2017-01-04T11:43:23+00:00,1.64
2017-01-04T11:45:08+00:00,1.61
2017-01-04T11:47:03+00:00,1.59
2017-01-04T11:48:43+00:00,1.59
2017-01-04T11:50:32+00:00,1.59
2017-01-04T11:52:25+00:00,1.59
2017-01-04T11:54:05+00:00,2.15
2017-01-04T11:55:56+00:00,1.61
2017-01-04T11:57:43+00:00,1.46
2017-01-04T11:59:28+00:00,1.46
2017-01-04T12:01:17+00:00,1.47
2017-01-04T12:03:22+00:00,1.49
2017-01-04T12:05:06+00:00,1.47
2017-01-04T12:07:06+00:00,1.48
2017-01-04T12:08:50+00:00,1.47
2017-01-04T12:10:47+00:00,1.47
2017-01-04T12:12:46+00:00,2.04
2017-01-04T12:14:38+00:00,1.47
2017-01-04T12:16:33+00:00,1.47
2017-01-04T12:18:19+00:00,1.47
2017-01-04T12:20:03+00:00,1.47
2017-01-04T12:22:03+00:00,1.48
2017-01-04T12:23:47+00:00,1.48
2017-01-04T12:25:35+00:00,1.47
2017-01-04T12:27:26+00:00,1.46
2017-01-04T12:29:07+00:00,2.17
2017-01-04T12:30:55+00:00,1.67
2017-01-04T12:32:38+00:00,1.67
2017-01-04T12:34:15+00:00,1.66
2017-01-04T12:36:06+00:00,1.66
2017-01-04T12:37:47+00:00,1.66
2017-01-04T12:39:23+00:00,1.66
2017-01-04T12:41:17+00:00,1.65
2017-01-04T12:42:52+00:00,1.65
2017-01-04T12:44:28+00:00,1.65
2017-01-04T12:46:23+00:00,1.65
2017-01-04T12:48:00+00:00,2.14
2017-01-04T12:49:37+00:00,2.13
2017-01-04T12:51:31+00:00,1.56
2017-01-04T12:53:10+00:00,1.56
2017-01-04T12:54:47+00:00,1.55
2017-01-04T12:56:42+00:00,1.56
2017-01-04T12:58:19+00:00,1.73
2017-01-04T13:00:50+00:00,1.7
2017-01-04T13:02:36+00:00,1.7
2017-01-04T13:04:12+00:00,1.68
2017-01-04T13:06:00+00:00,1.68
2017-01-04T13:07:45+00:00,2.25
2017-01-04T13:09:20+00:00,1.68
2017-01-04T13:11:09+00:00,1.68
2017-01-04T13:12:45+00:00,1.68
2017-01-04T13:14:21+00:00,1.69
2017-01-04T13:16:13+00:00,1.68
2017-01-04T13:17:48+00:00,1.7
2017-01-04T13:19:25+00:00,1.67
2017-01-04T13:21:18+00:00,1.55
2017-01-04T13:22:53+00:00,1.56
2017-01-04T13:24:28+00:00,1.54
2017-01-04T13:26:20+00:00,2.11
2017-01-04T13:27:56+00:00,1.54
2017-01-04T13:29:31+00:00,1.45
2017-01-04T13:31:24+00:00,1.49
2017-01-04T13:32:58+00:00,1.47
2017-01-04T13:34:35+00:00,1.48
2017-01-04T13:36:37+00:00,1.48
2017-01-04T13:38:11+00:00,1.47
2017-01-04T13:39:47+00:00,1.47
2017-01-04T13:41:39+00:00,1.49
2017-01-04T13:43:14+00:00,2.05
2017-01-04T13:44:50+00:00,1.47
2017-01-04T13:46:40+00:00,1.48
2017-01-04T13:48:14+00:00,1.49
2017-01-04T13:50:14+00:00,1.47
2017-01-04T13:52:00+00:00,1.47
2017-01-04T13:53:36+00:00,1.47
2017-01-04T13:55:16+00:00,1.48
2017-01-04T13:57:04+00:00,1.48
2017-01-04T13:58:38+00:00,1.47
2017-01-04T14:00:20+00:00,1.47
2017-01-04T14:02:08+00:00,2.05
2017-01-04T14:03:44+00:00,1.47
2017-01-04T14:05:24+00:00,1.46
2017-01-04T14:07:12+00:00,1.48
2017-01-04T14:08:46+00:00,1.48
2017-01-04T14:10:29+00:00,1.47
2017-01-04T14:12:12+00:00,1.49
2017-01-04T14:13:46+00:00,1.48
2017-01-04T14:15:29+00:00,1.48
2017-01-04T14:17:14+00:00,1.47
2017-01-04T14:18:48+00:00,2.06
2017-01-04T14:20:30+00:00,1.75
2017-01-04T14:22:15+00:00,1.73
2017-01-04T14:23:49+00:00,1.72
2017-01-04T14:25:31+00:00,1.72
2017-01-04T14:27:17+00:00,1.71
2017-01-04T14:28:50+00:00,1.69
2017-01-04T14:30:32+00:00,1.83
2017-01-04T14:32:15+00:00,1.96
2017-01-04T14:33:51+00:00,1.94
2017-01-04T14:35:34+00:00,1.92
2017-01-04T14:37:17+00:00,2.4
2017-01-04T14:38:51+00:00,2.62
2017-01-04T14:40:34+00:00,2.62
2017-01-04T14:42:16+00:00,4.34
2017-01-04T14:43:52+00:00,1.97
2017-01-04T14:45:36+00:00,1.96
2017-01-04T14:47:20+00:00,1.55
2017-01-04T14:48:56+00:00,1.56
2017-01-04T14:50:41+00:00,1.56
2017-01-04T14:52:23+00:00,1.72
2017-01-04T14:53:56+00:00,2.34
2017-01-04T14:55:40+00:00,1.77
2017-01-04T14:57:23+00:00,1.77
2017-01-04T14:58:57+00:00,1.78
2017-01-04T15:00:44+00:00,1.74
2017-01-04T15:02:26+00:00,1.61
2017-01-04T15:04:01+00:00,1.61
2017-01-04T15:05:48+00:00,1.68
2017-01-04T15:07:31+00:00,1.62
2017-01-04T15:09:07+00:00,1.63
2017-01-04T15:10:54+00:00,1.62
2017-01-04T15:12:34+00:00,2.2
2017-01-04T15:14:12+00:00,1.62
2017-01-04T15:16:02+00:00,1.62
2017-01-04T15:17:43+00:00,1.63
2017-01-04T15:19:18+00:00,1.73
2017-01-04T15:21:09+00:00,1.73
2017-01-04T15:22:46+00:00,1.74
2017-01-04T15:24:21+00:00,1.73
2017-01-04T15:26:13+00:00,1.72
2017-01-04T15:27:49+00:00,1.73
2017-01-04T15:29:24+00:00,1.72
2017-01-04T15:31:17+00:00,2.42
2017-01-04T15:32:52+00:00,1.83
2017-01-04T15:34:28+00:00,1.83
2017-01-04T15:36:22+00:00,1.83
2017-01-04T15:37:57+00:00,1.82
2017-01-04T15:39:33+00:00,1.82
2017-01-04T15:41:26+00:00,1.71
2017-01-04T15:43:02+00:00,1.71
2017-01-04T15:44:39+00:00,1.77
2017-01-04T15:46:34+00:00,1.7
2017-01-04T15:48:09+00:00,1.7
2017-01-04T15:49:45+00:00,2.42
2017-01-04T15:51:39+00:00,1.86
2017-01-04T15:53:15+00:00,1.93
2017-01-04T15:54:51+00:00,1.83
2017-01-04T15:56:43+00:00,1.83
2017-01-04T15:58:18+00:00,1.83
2017-01-04T15:59:56+00:00,1.82
2017-01-04T16:01:48+00:00,1.95
2017-01-04T16:03:27+00:00,1.98
2017-01-04T16:05:09+00:00,1.96
2017-01-04T16:06:58+00:00,1.97
2017-01-04T16:08:33+00:00,2.52
2017-01-04T16:10:13+00:00,1.99
2017-01-04T16:12:03+00:00,1.82
2017-01-04T16:13:44+00:00,1.86
2017-01-04T16:15:28+00:00,1.84
2017-01-04T16:17:14+00:00,1.85
2017-01-04T16:18:53+00:00,1.74
2017-01-04T16:20:40+00:00,1.75
2017-01-04T16:22:24+00:00,1.75
2017-01-04T16:24:00+00:00,1.75
2017-01-04T16:25:47+00:00,2.33
2017-01-04T16:27:31+00:00,1.74
2017-01-04T16:29:09+00:00,1.76
2017-01-04T16:30:59+00:00,1.75
2017-01-04T16:32:39+00:00,1.89
2017-01-04T16:34:16+00:00,1.88
2017-01-04T16:36:08+00:00,1.89
2017-01-04T16:37:45+00:00,1.88
2017-01-04T16:39:23+00:00,1.87
2017-01-04T16:41:16+00:00,2.03
2017-01-04T16:42:53+00:00,2.02
2017-01-04T16:44:30+00:00,2.68
2017-01-04T16:46:25+00:00,2.09
2017-01-04T16:48:01+00:00,2.09
2017-01-04T16:49:43+00:00,3.35
2017-01-04T16:51:35+00:00,1.95
2017-01-04T16:53:11+00:00,1.95
2017-01-04T16:54:48+00:00,1.95
2017-01-04T16:56:39+00:00,1.95
2017-01-04T16:58:16+00:00,1.96
2017-01-04T16:59:54+00:00,1.94
2017-01-04T17:01:48+00:00,2.53
2017-01-04T17:03:24+00:00,1.95
2017-01-04T17:05:03+00:00,1.83
2017-01-04T17:06:54+00:00,1.82
2017-01-04T17:08:30+00:00,1.81
2017-01-04T17:10:10+00:00,1.83
2017-01-04T17:12:00+00:00,1.83
2017-01-04T17:13:35+00:00,2.11
2017-01-04T17:15:19+00:00,2.12
2017-01-04T17:17:10+00:00,2.1
2017-01-04T17:18:49+00:00,2.67
2017-01-04T17:20:32+00:00,2.04
2017-01-04T17:22:19+00:00,1.9
2017-01-04T17:23:56+00:00,1.91
2017-01-04T17:25:41+00:00,1.9
2017-01-04T17:27:24+00:00,1.9
2017-01-04T17:29:01+00:00,1.88
2017-01-04T17:30:47+00:00,1.9
2017-01-04T17:32:31+00:00,1.8
2017-01-04T17:34:07+00:00,1.79
2017-01-04T17:35:58+00:00,1.8
2017-01-04T17:37:39+00:00,1.8
2017-01-04T17:39:15+00:00,2.55
2017-01-04T17:41:09+00:00,1.94
2017-01-04T17:42:47+00:00,2.07
2017-01-04T17:44:22+00:00,2.07
2017-01-04T17:46:15+00:00,2.07
2017-01-04T17:47:53+00:00,2.05
2017-01-04T17:49:35+00:00,2.06
2017-01-04T17:51:29+00:00,2.07
2017-01-04T17:53:05+00:00,1.94
2017-01-04T17:54:43+00:00,1.95
2017-01-04T17:56:36+00:00,1.92
2017-01-04T17:58:12+00:00,2.52
2017-01-04T17:59:49+00:00,1.93
2017-01-04T18:01:43+00:00,2.04
2017-01-04T18:03:20+00:00,1.9
2017-01-04T18:04:59+00:00,1.91
2017-01-04T18:06:51+00:00,1.91
2017-01-04T18:08:29+00:00,1.92
2017-01-04T18:10:11+00:00,1.92
2017-01-04T18:12:00+00:00,1.94
2017-01-04T18:13:37+00:00,2.04
2017-01-04T18:15:20+00:00,2.04
2017-01-04T18:17:10+00:00,2.63
2017-01-04T18:18:47+00:00,2.04
2017-01-04T18:20:32+00:00,2.04
2017-01-04T18:22:19+00:00,2.02
2017-01-04T18:23:54+00:00,1.94
2017-01-04T18:25:40+00:00,1.92
2017-01-04T18:27:24+00:00,1.95
2017-01-04T18:28:59+00:00,1.93
2017-01-04T18:30:48+00:00,1.93
2017-01-04T18:32:29+00:00,1.94
2017-01-04T18:34:05+00:00,1.93
2017-01-04T18:35:53+00:00,2.51
2017-01-04T18:37:35+00:00,1.88
2017-01-04T18:39:11+00:00,1.89
2017-01-04T18:41:03+00:00,1.89
2017-01-04T18:42:43+00:00,1.89
2017-01-04T18:44:40+00:00,2.01
2017-01-04T18:46:33+00:00,2.03
2017-01-04T18:48:08+00:00,2.02
2017-01-04T18:49:46+00:00,2.02
2017-01-04T18:51:40+00:00,2.03
2017-01-04T18:53:18+00:00,2.17
2017-01-04T18:54:58+00:00,2.62
2017-01-04T18:56:50+00:00,2.04
2017-01-04T18:58:25+00:00,1.98
2017-01-04T19:00:06+00:00,1.92
2017-01-04T19:01:55+00:00,1.92
2017-01-04T19:03:34+00:00,2.02
2017-01-04T19:05:16+00:00,2.02
2017-01-04T19:07:12+00:00,2.0
2017-01-04T19:08:48+00:00,2.0
2017-01-04T19:10:32+00:00,1.99
2017-01-04T19:12:19+00:00,2.58
2017-01-04T19:13:55+00:00,2.61
2017-01-04T19:15:39+00:00,2.15
2017-01-04T19:17:25+00:00,2.04
2017-01-04T19:19:03+00:00,2.06
2017-01-04T19:20:48+00:00,1.95
2017-01-04T19:22:35+00:00,1.96
2017-01-04T19:24:12+00:00,1.94
2017-01-04T19:25:58+00:00,1.79
2017-01-04T19:27:40+00:00,1.82
2017-01-04T19:29:16+00:00,1.82
2017-01-04T19:31:10+00:00,2.4
2017-01-04T19:32:46+00:00,1.82
2017-01-04T19:34:23+00:00,1.82
2017-01-04T19:36:15+00:00,1.82
2017-01-04T19:37:51+00:00,1.79
2017-01-04T19:39:30+00:00,1.78
2017-01-04T19:41:26+00:00,1.77
2017-01-04T19:43:02+00:00,1.77
2017-01-04T19:44:39+00:00,1.8
2017-01-04T19:46:34+00:00,1.79
2017-01-04T19:48:11+00:00,2.39
2017-01-04T19:49:47+00:00,1.9
2017-01-04T19:51:42+00:00,1.9
2017-01-04T19:53:17+00:00,1.89
2017-01-04T19:54:52+00:00,1.89
2017-01-04T19:56:43+00:00,1.93
2017-01-04T19:58:20+00:00,1.99
2017-01-04T20:00:02+00:00,1.86
2017-01-04T20:01:54+00:00,1.89
2017-01-04T20:03:31+00:00,1.9
2017-01-04T20:05:13+00:00,1.91
2017-01-04T20:07:02+00:00,2.64
2017-01-04T20:08:38+00:00,2.05
2017-01-04T20:10:19+00:00,2.05
2017-01-04T20:12:06+00:00,2.06
2017-01-04T20:13:43+00:00,2.04
2017-01-04T20:15:27+00:00,2.05
2017-01-04T20:17:15+00:00,2.05
2017-01-04T20:18:51+00:00,2.0
2017-01-04T20:20:37+00:00,1.99
2017-01-04T20:22:21+00:00,1.98
2017-01-04T20:23:59+00:00,2.14
2017-01-04T20:25:45+00:00,2.71
2017-01-04T20:27:28+00:00,2.7
2017-01-04T20:29:05+00:00,1.99
2017-01-04T20:30:53+00:00,1.99
2017-01-04T20:32:37+00:00,1.86
2017-01-04T20:34:13+00:00,1.84
2017-01-04T20:36:04+00:00,1.84
2017-01-04T20:37:41+00:00,1.83
2017-01-04T20:39:17+00:00,1.86
2017-01-04T20:41:11+00:00,1.87
2017-01-04T20:42:49+00:00,1.88
2017-01-04T20:44:25+00:00,2.46
2017-01-04T20:46:17+00:00,1.88
2017-01-04T20:47:55+00:00,1.87
2017-01-04T20:49:32+00:00,1.94
2017-01-04T20:51:25+00:00,1.93
2017-01-04T20:53:03+00:00,1.93
2017-01-04T20:54:41+00:00,1.93
2017-01-04T20:56:37+00:00,2.08
2017-01-04T20:58:13+00:00,2.07
2017-01-04T20:59:50+00:00,2.07
2017-01-04T21:01:44+00:00,2.09
2017-01-04T21:03:21+00:00,2.29
2017-01-04T21:04:59+00:00,2.87
2017-01-04T21:06:50+00:00,2.1
2017-01-04T21:08:25+00:00,2.09
2017-01-04T21:10:06+00:00,2.12
2017-01-04T21:11:56+00:00,2.07
2017-01-04T21:13:34+00:00,1.97
2017-01-04T21:15:15+00:00,1.97
2017-01-04T21:17:07+00:00,1.99
2017-01-04T21:18:42+00:00,1.97
2017-01-04T21:20:26+00:00,1.96
2017-01-04T21:22:15+00:00,2.57
2017-01-04T21:23:52+00:00,2.01
2017-01-04T21:25:35+00:00,1.97
2017-01-04T21:27:22+00:00,1.95
2017-01-04T21:29:01+00:00,2.24
2017-01-04T21:30:52+00:00,2.23
2017-01-04T21:32:36+00:00,2.37
2017-01-04T21:34:23+00:00,2.33
2017-01-04T21:36:17+00:00,2.39
2017-01-04T21:37:55+00:00,2.32
2017-01-04T21:39:32+00:00,2.19
2017-01-04T21:41:26+00:00,2.76
2017-01-04T21:43:04+00:00,2.06
2017-01-04T21:44:42+00:00,2.05
2017-01-04T21:46:37+00:00,2.16
2017-01-04T21:48:13+00:00,2.17
2017-01-04T21:49:49+00:00,2.18
2017-01-04T21:51:40+00:00,2.04
2017-01-04T21:53:16+00:00,2.07
2017-01-04T21:54:54+00:00,2.06
2017-01-04T21:56:48+00:00,2.07
2017-01-04T21:58:23+00:00,2.02
2017-01-04T22:00:15+00:00,2.63
2017-01-04T22:02:05+00:00,2.06
2017-01-04T22:03:42+00:00,1.98
2017-01-04T22:05:24+00:00,1.95
2017-01-04T22:07:11+00:00,2.12
2017-01-04T22:08:47+00:00,2.13
2017-01-04T22:10:31+00:00,2.08
2017-01-04T22:12:37+00:00,2.08
2017-01-04T22:14:14+00:00,2.08
2017-01-04T22:16:06+00:00,2.1
2017-01-04T22:17:46+00:00,2.53
2017-01-04T22:19:22+00:00,1.95
2017-01-04T22:21:16+00:00,1.95
2017-01-04T22:22:53+00:00,1.96
2017-01-04T22:24:30+00:00,2.04
2017-01-04T22:26:23+00:00,2.11
2017-01-04T22:27:58+00:00,2.04
2017-01-04T22:29:39+00:00,2.05
2017-01-04T22:31:31+00:00,1.94
2017-01-04T22:33:06+00:00,1.96
2017-01-04T22:34:44+00:00,1.96
2017-01-04T22:36:36+00:00,2.55
2017-01-04T22:38:14+00:00,2.08
2017-01-04T22:39:52+00:00,2.08
2017-01-04T22:41:46+00:00,2.01
2017-01-04T22:43:24+00:00,1.99
2017-01-04T22:45:05+00:00,1.99
2017-01-04T22:46:56+00:00,1.99
2017-01-04T22:48:32+00:00,1.87
2017-01-04T22:50:14+00:00,1.86
2017-01-04T22:52:05+00:00,1.99
2017-01-04T22:53:42+00:00,2.5
2017-01-04T22:55:25+00:00,1.74
2017-01-04T22:57:14+00:00,1.75
2017-01-04T22:58:49+00:00,1.72
2017-01-04T23:00:34+00:00,1.88
2017-01-04T23:02:19+00:00,1.86
2017-01-04T23:03:56+00:00,1.87
2017-01-04T23:05:42+00:00,1.84
2017-01-04T23:07:35+00:00,1.84
2017-01-04T23:09:13+00:00,1.71
2017-01-04T23:11:06+00:00,2.3
2017-01-04T23:12:42+00:00,2.27
2017-01-04T23:14:18+00:00,1.85
2017-01-04T23:16:06+00:00,1.72
2017-01-04T23:17:45+00:00,1.73
2017-01-04T23:19:21+00:00,1.72
2017-01-04T23:21:10+00:00,1.72
2017-01-04T23:22:47+00:00,1.72
2017-01-04T23:24:26+00:00,1.6
2017-01-04T23:26:19+00:00,1.6
2017-01-04T23:27:55+00:00,1.61
2017-01-04T23:29:32+00:00,1.6
2017-01-04T23:31:25+00:00,2.29
2017-01-04T23:33:02+00:00,1.72
2017-01-04T23:34:38+00:00,1.71
2017-01-04T23:36:30+00:00,1.71
2017-01-04T23:38:05+00:00,1.72
2017-01-04T23:39:42+00:00,1.71
2017-01-04T23:41:34+00:00,1.59
2017-01-04T23:43:12+00:00,1.61
2017-01-04T23:44:49+00:00,1.72
2017-01-04T23:46:40+00:00,1.73
2017-01-04T23:48:16+00:00,1.72
2017-01-04T23:49:52+00:00,2.41
2017-01-04T23:51:44+00:00,1.83
2017-01-04T23:53:19+00:00,1.82
2017-01-04T23:54:56+00:00,1.69
2017-01-04T23:56:48+00:00,1.69
2017-01-04T23:58:23+00:00,1.69
2017-01-05T00:00:24+00:00,1.69
2017-01-05T00:02:14+00:00,1.66
2017-01-05T00:03:49+00:00,1.66
2017-01-05T00:05:35+00:00,1.81
2017-01-05T00:07:20+00:00,2.3
2017-01-05T00:08:57+00:00,1.72
2017-01-05T00:10:42+00:00,1.72
2017-01-05T00:12:25+00:00,1.86
2017-01-05T00:14:01+00:00,2.04
2017-01-05T00:15:51+00:00,1.98
2017-01-05T00:17:34+00:00,1.96
2017-01-05T00:19:09+00:00,1.95
2017-01-05T00:21:00+00:00,1.96
2017-01-05T00:22:40+00:00,1.96
2017-01-05T00:24:18+00:00,1.92
2017-01-05T00:26:20+00:00,2.39
2017-01-05T00:27:56+00:00,1.97
2017-01-05T00:29:31+00:00,1.97
2017-01-05T00:31:23+00:00,1.97
2017-01-05T00:33:00+00:00,1.81
2017-01-05T00:34:36+00:00,1.69
2017-01-05T00:36:31+00:00,1.81
2017-01-05T00:38:08+00:00,1.81
2017-01-05T00:39:43+00:00,1.75
2017-01-05T00:41:36+00:00,1.74
2017-01-05T00:43:17+00:00,1.75
2017-01-05T00:44:55+00:00,2.29
2017-01-05T00:46:46+00:00,1.75
2017-01-05T00:48:21+00:00,1.75
2017-01-05T00:50:01+00:00,1.74
2017-01-05T00:51:55+00:00,1.74
2017-01-05T00:53:32+00:00,1.75
2017-01-05T00:55:13+00:00,1.76
2017-01-05T00:57:02+00:00,1.6
2017-01-05T00:58:35+00:00,1.6
2017-01-05T01:00:18+00:00,1.61
2017-01-05T01:02:06+00:00,1.6
2017-01-05T01:03:41+00:00,2.17
2017-01-05T01:05:24+00:00,1.6
2017-01-05T01:07:08+00:00,1.72
2017-01-05T01:08:44+00:00,1.72
2017-01-05T01:10:25+00:00,1.74
2017-01-05T01:12:12+00:00,1.73
2017-01-05T01:13:49+00:00,1.73
2017-01-05T01:15:34+00:00,1.74
2017-01-05T01:17:18+00:00,1.53
2017-01-05T01:18:54+00:00,1.67
2017-01-05T01:20:38+00:00,1.67
2017-01-05T01:22:21+00:00,2.24
2017-01-05T01:23:56+00:00,1.66
2017-01-05T01:25:41+00:00,1.66
2017-01-05T01:27:25+00:00,1.66
2017-01-05T01:29:01+00:00,1.54
2017-01-05T01:30:45+00:00,1.53
2017-01-05T01:32:28+00:00,1.68
2017-01-05T01:34:05+00:00,1.68
2017-01-05T01:35:50+00:00,1.78
2017-01-05T01:37:28+00:00,1.9
2017-01-05T01:39:03+00:00,2.47
2017-01-05T01:40:48+00:00,2.46
2017-01-05T01:42:28+00:00,1.88
2017-01-05T01:44:05+00:00,1.89
2017-01-05T01:45:54+00:00,1.87
2017-01-05T01:47:35+00:00,1.75
2017-01-05T01:49:12+00:00,1.72
2017-01-05T01:51:05+00:00,1.88
2017-01-05T01:52:40+00:00,1.88
2017-01-05T01:54:15+00:00,1.66
2017-01-05T01:56:03+00:00,1.66
2017-01-05T01:57:40+00:00,1.66
