2017-01-01T00:01:35+00:00,8.17
2017-01-01T00:03:19+00:00,10.93
2017-01-01T00:05:05+00:00,10.59
2017-01-01T00:06:43+00:00,10.5
2017-01-01T00:08:29+00:00,8.6
2017-01-01T00:10:12+00:00,8.74
2017-01-01T00:11:49+00:00,9.16
2017-01-01T00:13:33+00:00,8.42
2017-01-01T00:15:15+00:00,8.38
2017-01-01T00:16:51+00:00,10.0
2017-01-01T00:18:37+00:00,10.91
2017-01-01T00:20:19+00:00,10.75
2017-01-01T00:21:55+00:00,11.02
2017-01-01T00:23:43+00:00,12.07
2017-01-01T00:25:25+00:00,10.88
2017-01-01T00:26:59+00:00,9.79
2017-01-01T00:28:46+00:00,9.58
2017-01-01T00:30:27+00:00,9.21
2017-01-01T00:32:04+00:00,8.55
2017-01-01T00:33:53+00:00,8.5
2017-01-01T00:35:33+00:00,9.22
2017-01-01T00:37:09+00:00,10.16
2017-01-01T00:39:00+00:00,10.35
2017-01-01T00:40:36+00:00,9.71
2017-01-01T00:42:10+00:00,10.23
2017-01-01T00:44:00+00:00,9.73
2017-01-01T00:45:37+00:00,9.0
2017-01-01T00:47:12+00:00,8.81
2017-01-01T00:49:08+00:00,10.18
2017-01-01T00:50:42+00:00,10.7
2017-01-01T00:52:16+00:00,9.4
2017-01-01T00:54:11+00:00,9.5
2017-01-01T00:55:47+00:00,10.64
2017-01-01T00:57:23+00:00,10.59
2017-01-01T00:59:23+00:00,8.69
2017-01-01T01:00:57+00:00,8.62
2017-01-01T01:02:33+00:00,9.66
2017-01-01T01:04:25+00:00,9.47
2017-01-01T01:06:02+00:00,9.64
2017-01-01T01:07:39+00:00,10.36
2017-01-01T01:09:32+00:00,10.76
2017-01-01T01:11:07+00:00,10.89
2017-01-01T01:12:44+00:00,11.52
2017-01-01T01:14:34+00:00,12.19
2017-01-01T01:16:09+00:00,12.16
2017-01-01T01:17:51+00:00,11.13
2017-01-01T01:19:40+00:00,12.46
2017-01-01T01:21:14+00:00,12.29
2017-01-01T01:22:51+00:00,11.68
2017-01-01T01:24:40+00:00,11.77
2017-01-01T01:26:16+00:00,12.55
2017-01-01T01:27:56+00:00,12.65
2017-01-01T01:29:48+00:00,11.43
2017-01-01T01:31:25+00:00,10.86
2017-01-01T01:33:03+00:00,11.93
2017-01-01T01:34:52+00:00,10.69
2017-01-01T01:36:27+00:00,10.33
2017-01-01T01:38:11+00:00,11.09
2017-01-01T01:39:58+00:00,9.1
2017-01-01T01:41:33+00:00,8.2
2017-01-01T01:43:14+00:00,9.38
2017-01-01T01:45:02+00:00,10.66
2017-01-01T01:46:37+00:00,9.9
2017-01-01T01:48:29+00:00,8.58
2017-01-01T01:50:12+00:00,9.09
2017-01-01T01:51:48+00:00,9.44
2017-01-01T01:53:36+00:00,8.81
2017-01-01T01:55:20+00:00,8.66
2017-01-01T01:56:58+00:00,9.24
2017-01-01T01:58:45+00:00,10.26
2017-01-01T02:00:28+00:00,9.23
2017-01-01T02:02:04+00:00,9.71
2017-01-01T02:03:56+00:00,10.07
2017-01-01T02:05:37+00:00,9.96
2017-01-01T02:07:13+00:00,10.07
2017-01-01T02:09:04+00:00,10.46
2017-01-01T02:10:44+00:00,11.13
2017-01-01T02:12:21+00:00,9.93
2017-01-01T02:14:15+00:00,8.43
2017-01-01T02:15:52+00:00,9.09
2017-01-01T02:17:28+00:00,9.77
2017-01-01T02:19:22+00:00,9.66
2017-01-01T02:20:57+00:00,9.59
2017-01-01T02:22:32+00:00,9.31
2017-01-01T02:24:24+00:00,9.63
2017-01-01T02:26:00+00:00,9.37
2017-01-01T02:27:34+00:00,11.27
2017-01-01T02:29:31+00:00,11.8
2017-01-01T02:31:07+00:00,10.78
2017-01-01T02:32:45+00:00,9.72
2017-01-01T02:34:33+00:00,10.46
2017-01-01T02:36:08+00:00,11.79
2017-01-01T02:37:44+00:00,10.8
2017-01-01T02:39:35+00:00,11.0
2017-01-01T02:41:11+00:00,10.72
2017-01-01T02:42:49+00:00,9.88
2017-01-01T02:44:42+00:00,9.75
2017-01-01T02:46:19+00:00,11.01
2017-01-01T02:47:57+00:00,10.81
2017-01-01T02:49:46+00:00,7.6
2017-01-01T02:51:21+00:00,7.51
2017-01-01T02:53:02+00:00,9.51
2017-01-01T02:54:52+00:00,9.17
2017-01-01T02:56:28+00:00,8.08
2017-01-01T02:58:09+00:00,10.55
2017-01-01T03:00:00+00:00,10.94
2017-01-01T03:01:35+00:00,11.51
2017-01-01T03:03:16+00:00,10.89
2017-01-01T03:05:06+00:00,11.75
2017-01-01T03:06:42+00:00,10.71
2017-01-01T03:08:33+00:00,10.2
2017-01-01T03:10:18+00:00,11.33
2017-01-01T03:11:55+00:00,11.21
2017-01-01T03:13:39+00:00,9.44
2017-01-01T03:15:27+00:00,9.76
2017-01-01T03:17:03+00:00,10.24
2017-01-01T03:18:51+00:00,10.33
2017-01-01T03:20:30+00:00,9.25
2017-01-01T03:22:06+00:00,9.25
2017-01-01T03:23:56+00:00,9.05
2017-01-01T03:25:33+00:00,8.36
2017-01-01T03:27:07+00:00,9.52
2017-01-01T03:28:57+00:00,9.28
2017-01-01T03:30:35+00:00,8.69
2017-01-01T03:32:08+00:00,8.14
2017-01-01T03:34:00+00:00,9.34
2017-01-01T03:35:36+00:00,9.57
2017-01-01T03:37:13+00:00,9.51
2017-01-01T03:39:07+00:00,8.68
2017-01-01T03:40:42+00:00,8.92
2017-01-01T03:42:16+00:00,9.84
2017-01-01T03:44:09+00:00,9.49
2017-01-01T03:45:44+00:00,9.57
2017-01-01T03:47:20+00:00,9.63
2017-01-01T03:49:12+00:00,9.42
2017-01-01T03:50:49+00:00,8.49
2017-01-01T03:52:26+00:00,8.61
2017-01-01T03:54:19+00:00,10.4
2017-01-01T03:55:52+00:00,10.31
2017-01-01T03:57:28+00:00,10.16
2017-01-01T03:59:19+00:00,10.57
2017-01-01T04:00:54+00:00,11.31
2017-01-01T04:02:31+00:00,11.5
2017-01-01T04:04:24+00:00,10.71
2017-01-01T04:05:59+00:00,11.06
2017-01-01T04:07:37+00:00,10.75
2017-01-01T04:09:30+00:00,10.51
2017-01-01T04:11:06+00:00,11.21
2017-01-01T04:12:43+00:00,11.64
2017-01-01T04:14:37+00:00,10.73
2017-01-01T04:16:13+00:00,10.9
2017-01-01T04:17:51+00:00,12.4
2017-01-01T04:19:42+00:00,12.32
2017-01-01T04:21:16+00:00,11.42
2017-01-01T04:23:06+00:00,10.48
2017-01-01T04:24:57+00:00,10.47
2017-01-01T04:26:34+00:00,10.56
2017-01-01T04:28:18+00:00,9.83
2017-01-01T04:30:04+00:00,9.73
2017-01-01T04:31:41+00:00,9.43
2017-01-01T04:33:24+00:00,9.05
2017-01-01T04:35:09+00:00,9.38
2017-01-01T04:36:43+00:00,9.44
2017-01-01T04:38:26+00:00,8.22
2017-01-01T04:40:11+00:00,7.93
2017-01-01T04:41:47+00:00,8.88
2017-01-01T04:43:29+00:00,10.06
2017-01-01T04:45:11+00:00,9.16
2017-01-01T04:46:48+00:00,8.72
2017-01-01T04:48:33+00:00,9.43
2017-01-01T04:50:15+00:00,9.94
2017-01-01T04:51:53+00:00,10.57
2017-01-01T04:53:42+00:00,11.5
2017-01-01T04:55:30+00:00,11.64
2017-01-01T04:57:17+00:00,9.37
2017-01-01T04:59:08+00:00,10.31
2017-01-01T05:00:46+00:00,10.48
2017-01-01T05:02:23+00:00,9.74
2017-01-01T05:04:18+00:00,10.07
2017-01-01T05:06:09+00:00,10.17
2017-01-01T05:07:48+00:00,10.67
2017-01-01T05:09:41+00:00,9.61
2017-01-01T05:11:22+00:00,9.82
2017-01-01T05:13:11+00:00,8.9
2017-01-01T05:15:12+00:00,8.08
2017-01-01T05:17:08+00:00,8.81
2017-01-01T05:19:13+00:00,9.27
2017-01-01T05:20:59+00:00,8.84
2017-01-01T05:22:45+00:00,9.27
2017-01-01T05:24:45+00:00,9.2
2017-01-01T05:26:41+00:00,9.11
2017-01-01T05:28:51+00:00,9.97
2017-01-01T06:34:26+00:00,8.44
2017-01-01T06:36:02+00:00,10.15
2017-01-01T06:37:37+00:00,10.04
2017-01-01T06:39:28+00:00,9.69
2017-01-01T06:41:03+00:00,10.29
2017-01-01T06:42:40+00:00,10.16
2017-01-01T06:44:31+00:00,9.88
2017-01-01T06:46:06+00:00,9.96
2017-01-01T06:47:42+00:00,10.58
2017-01-01T06:49:31+00:00,9.45
2017-01-01T06:51:07+00:00,9.26
2017-01-01T06:52:42+00:00,9.28
2017-01-01T06:54:32+00:00,10.16
2017-01-01T06:56:06+00:00,8.93
2017-01-01T06:57:41+00:00,8.27
2017-01-01T06:59:31+00:00,8.95
2017-01-01T07:01:07+00:00,9.58
2017-01-01T07:02:45+00:00,10.66
2017-01-01T07:04:33+00:00,12.42
2017-01-01T07:06:07+00:00,11.27
2017-01-01T07:07:43+00:00,10.42
2017-01-01T07:09:33+00:00,9.77
2017-01-01T07:11:09+00:00,11.68
2017-01-01T07:12:46+00:00,11.68
2017-01-01T07:14:35+00:00,10.37
2017-01-01T07:16:10+00:00,9.47
2017-01-01T07:17:47+00:00,10.12
2017-01-01T07:19:39+00:00,9.3
2017-01-01T07:21:13+00:00,9.22
2017-01-01T07:22:49+00:00,9.95
2017-01-01T07:24:39+00:00,8.89
2017-01-01T07:26:14+00:00,8.09
2017-01-01T07:27:51+00:00,8.84
2017-01-01T07:29:41+00:00,8.87
2017-01-01T07:31:17+00:00,8.82
2017-01-01T07:32:56+00:00,9.85
2017-01-01T07:34:45+00:00,9.92
2017-01-01T07:36:20+00:00,9.83
2017-01-01T07:37:58+00:00,9.84
2017-01-01T07:39:45+00:00,10.23
2017-01-01T07:41:19+00:00,10.9
2017-01-01T07:42:56+00:00,10.97
2017-01-01T07:44:44+00:00,9.63
2017-01-01T07:46:20+00:00,12.66
2017-01-01T07:48:01+00:00,10.73
2017-01-01T07:49:49+00:00,9.43
2017-01-01T07:51:26+00:00,9.41
2017-01-01T07:53:05+00:00,10.36
2017-01-01T07:54:54+00:00,10.38
2017-01-01T07:56:27+00:00,9.55
2017-01-01T07:58:07+00:00,9.55
2017-01-01T08:00:04+00:00,9.93
2017-01-01T08:01:39+00:00,9.24
2017-01-01T08:03:19+00:00,8.28
2017-01-01T08:05:04+00:00,9.38
2017-01-01T08:06:40+00:00,8.68
2017-01-01T08:08:23+00:00,7.81
2017-01-01T08:10:06+00:00,7.87
2017-01-01T08:11:41+00:00,8.13
2017-01-01T08:13:24+00:00,8.92
2017-01-01T08:15:12+00:00,9.06
2017-01-01T08:16:47+00:00,9.31
2017-01-01T08:18:33+00:00,9.31
2017-01-01T08:20:27+00:00,9.11
2017-01-01T08:22:08+00:00,9.08
2017-01-01T08:24:00+00:00,9.41
2017-01-01T08:25:34+00:00,10.0
2017-01-01T08:27:09+00:00,11.31
2017-01-01T08:28:59+00:00,11.86
2017-01-01T08:30:37+00:00,11.86
2017-01-01T08:32:11+00:00,10.77
2017-01-01T08:34:05+00:00,11.21
2017-01-01T08:35:41+00:00,12.24
2017-01-01T08:37:15+00:00,12.14
2017-01-01T08:39:07+00:00,10.6
2017-01-01T08:40:43+00:00,11.3
2017-01-01T08:42:18+00:00,10.86
2017-01-01T08:44:10+00:00,9.72
2017-01-01T08:45:44+00:00,9.8
2017-01-01T08:47:20+00:00,11.61
2017-01-01T08:49:10+00:00,11.41
2017-01-01T08:50:44+00:00,10.32
2017-01-01T08:52:19+00:00,10.86
2017-01-01T08:54:13+00:00,9.34
2017-01-01T08:55:51+00:00,9.61
2017-01-01T08:57:28+00:00,9.52
2017-01-01T08:59:24+00:00,9.58
2017-01-01T09:00:59+00:00,9.7
2017-01-01T09:02:34+00:00,9.2
2017-01-01T09:04:28+00:00,10.39
2017-01-01T09:06:04+00:00,9.62
2017-01-01T09:07:44+00:00,8.52
2017-01-01T09:09:36+00:00,8.55
2017-01-01T09:11:10+00:00,9.41
2017-01-01T09:12:47+00:00,9.45
2017-01-01T09:14:39+00:00,8.45
2017-01-01T09:16:15+00:00,9.27
2017-01-01T09:17:55+00:00,8.57
2017-01-01T09:19:46+00:00,7.76
2017-01-01T09:21:23+00:00,8.77
2017-01-01T09:23:02+00:00,11.47
2017-01-01T09:24:52+00:00,11.24
2017-01-01T09:26:27+00:00,9.66
2017-01-01T09:28:08+00:00,10.18
2017-01-01T09:29:54+00:00,10.97
2017-01-01T09:31:30+00:00,10.18
2017-01-01T09:33:09+00:00,10.85
2017-01-01T09:34:55+00:00,11.01
2017-01-01T09:36:29+00:00,10.24
2017-01-01T09:38:11+00:00,9.37
2017-01-01T09:39:59+00:00,10.39
2017-01-01T09:41:33+00:00,11.09
2017-01-01T09:43:12+00:00,10.32
2017-01-01T09:45:01+00:00,10.18
2017-01-01T09:46:36+00:00,11.09
2017-01-01T09:48:19+00:00,10.08
2017-01-01T09:50:06+00:00,9.18
2017-01-01T09:51:41+00:00,9.1
2017-01-01T09:53:23+00:00,10.06
2017-01-01T09:55:09+00:00,8.5
2017-01-01T09:56:45+00:00,9.81
2017-01-01T09:58:31+00:00,10.91
2017-01-01T10:00:14+00:00,10.9
2017-01-01T10:01:51+00:00,9.69
2017-01-01T10:03:37+00:00,8.28
2017-01-01T10:05:21+00:00,9.64
2017-01-01T10:06:57+00:00,8.94
2017-01-01T10:08:46+00:00,9.57
2017-01-01T10:10:27+00:00,10.46
2017-01-01T10:12:03+00:00,9.99
2017-01-01T10:13:53+00:00,8.86
2017-01-01T10:15:35+00:00,9.57
2017-01-01T10:17:13+00:00,11.1
2017-01-01T10:19:02+00:00,9.66
2017-01-01T10:20:39+00:00,9.51
2017-01-01T10:22:23+00:00,10.14
2017-01-01T10:24:17+00:00,10.08
2017-01-01T10:25:54+00:00,8.78
2017-01-01T10:27:32+00:00,9.68
2017-01-01T10:29:29+00:00,10.64
2017-01-01T10:31:48+00:00,9.69
2017-01-01T10:34:22+00:00,10.16
2017-01-01T10:36:50+00:00,10.23
2017-01-01T10:39:01+00:00,9.39
2017-01-01T10:41:44+00:00,11.43
2017-01-01T10:43:38+00:00,9.45
2017-01-01T10:45:30+00:00,10.72
2017-01-01T10:47:12+00:00,10.8
2017-01-01T10:49:18+00:00,9.43
2017-01-01T10:50:57+00:00,9.29
2017-01-01T10:52:36+00:00,10.69
2017-01-01T10:54:31+00:00,10.73
2017-01-01T10:56:09+00:00,9.99
2017-01-01T10:57:50+00:00,9.21
2017-01-01T10:59:45+00:00,9.86
2017-01-01T11:01:23+00:00,8.53
2017-01-01T11:03:09+00:00,9.39
2017-01-01T11:05:01+00:00,10.05
2017-01-01T11:06:41+00:00,10.5
2017-01-01T11:08:35+00:00,8.31
2017-01-01T11:10:25+00:00,9.64
2017-01-01T11:12:17+00:00,10.43
2017-01-01T11:14:21+00:00,9.38
2017-01-01T11:15:59+00:00,9.19
2017-01-01T11:17:44+00:00,10.11
2017-01-01T11:19:42+00:00,10.18
2017-01-01T11:21:19+00:00,10.1
2017-01-01T11:23:00+00:00,11.48
2017-01-01T11:24:56+00:00,11.16
2017-01-01T11:26:35+00:00,9.73
2017-01-01T11:28:19+00:00,10.3
2017-01-01T11:30:20+00:00,10.38
2017-01-01T11:32:21+00:00,9.06
2017-01-01T11:34:25+00:00,7.99
2017-01-01T11:36:13+00:00,9.62
2017-01-01T11:37:59+00:00,9.68
2017-01-01T11:39:58+00:00,8.03
2017-01-01T11:41:39+00:00,10.33
2017-01-01T11:43:29+00:00,9.85
2017-01-01T11:45:21+00:00,9.75
2017-01-01T11:47:04+00:00,11.0
2017-01-01T11:48:59+00:00,11.09
2017-01-01T11:50:47+00:00,10.57
2017-01-01T11:52:30+00:00,11.38
2017-01-01T11:54:29+00:00,10.49
2017-01-01T11:56:10+00:00,9.48
2017-01-01T11:57:53+00:00,10.23
2017-01-01T11:59:48+00:00,11.04
2017-01-01T12:01:30+00:00,11.43
2017-01-01T12:03:15+00:00,9.61
2017-01-01T12:05:12+00:00,11.02
2017-01-01T12:06:55+00:00,12.19
2017-01-01T12:08:47+00:00,8.86
2017-01-01T12:10:51+00:00,8.57
2017-01-01T12:12:53+00:00,9.29
2017-01-01T12:14:47+00:00,9.07
2017-01-01T12:16:31+00:00,9.75
2017-01-01T12:18:18+00:00,11.51
2017-01-01T12:20:18+00:00,11.16
2017-01-01T12:21:59+00:00,9.18
2017-01-01T12:23:49+00:00,9.75
2017-01-01T12:25:42+00:00,11.18
2017-01-01T12:27:18+00:00,9.97
2017-01-01T12:29:14+00:00,9.89
2017-01-01T12:30:50+00:00,10.59
2017-01-01T12:32:28+00:00,10.66
2017-01-01T12:34:18+00:00,8.87
2017-01-01T12:35:53+00:00,9.93
2017-01-01T12:37:30+00:00,10.13
2017-01-01T12:39:26+00:00,8.44
2017-01-01T12:41:01+00:00,8.8
2017-01-01T12:42:37+00:00,8.39
2017-01-01T12:44:30+00:00,8.94
2017-01-01T12:46:06+00:00,7.69
2017-01-01T12:47:42+00:00,7.69
2017-01-01T12:49:35+00:00,8.35
2017-01-01T12:51:10+00:00,8.91
2017-01-01T12:52:47+00:00,8.53
2017-01-01T12:54:38+00:00,10.86
2017-01-01T12:56:13+00:00,11.32
2017-01-01T12:57:50+00:00,10.55
2017-01-01T12:59:41+00:00,9.5
2017-01-01T13:01:46+00:00,11.93
2017-01-01T13:03:54+00:00,11.76
2017-01-01T13:05:38+00:00,10.65
2017-01-01T13:07:15+00:00,11.49
2017-01-01T13:09:07+00:00,11.38
2017-01-01T13:10:43+00:00,10.67
2017-01-01T13:12:21+00:00,12.01
2017-01-01T13:14:13+00:00,12.61
2017-01-01T13:15:48+00:00,11.8
2017-01-01T13:17:21+00:00,9.57
2017-01-01T13:19:13+00:00,9.61
2017-01-01T13:20:50+00:00,10.42
2017-01-01T13:22:26+00:00,10.3
2017-01-01T13:24:21+00:00,9.59
2017-01-01T13:25:55+00:00,10.89
2017-01-01T13:27:30+00:00,10.14
2017-01-01T13:29:21+00:00,8.4
2017-01-01T13:30:56+00:00,9.08
2017-01-01T13:32:33+00:00,9.72
2017-01-01T13:34:29+00:00,9.02
2017-01-01T13:36:04+00:00,8.06
2017-01-01T13:37:40+00:00,7.89
2017-01-01T13:39:31+00:00,9.72
2017-01-01T13:41:06+00:00,9.71
2017-01-01T13:42:40+00:00,8.27
2017-01-01T13:44:32+00:00,8.2
2017-01-01T13:46:07+00:00,9.47
2017-01-01T13:47:41+00:00,9.81
2017-01-01T13:49:32+00:00,9.04
2017-01-01T13:51:10+00:00,8.56
2017-01-01T13:52:43+00:00,8.14
2017-01-01T13:54:37+00:00,7.97
2017-01-01T13:56:13+00:00,8.37
2017-01-01T13:57:49+00:00,10.97
2017-01-01T13:59:39+00:00,9.04
2017-01-01T14:01:14+00:00,10.62
2017-01-01T14:02:52+00:00,9.26
2017-01-01T14:04:41+00:00,10.46
2017-01-01T14:06:17+00:00,11.73
2017-01-01T14:07:53+00:00,12.65
2017-01-01T14:09:44+00:00,11.68
2017-01-01T14:11:19+00:00,11.72
2017-01-01T14:12:56+00:00,11.65
2017-01-01T14:14:44+00:00,11.24
2017-01-01T14:16:18+00:00,10.61
2017-01-01T14:17:55+00:00,11.41
2017-01-01T14:19:45+00:00,11.38
2017-01-01T14:21:22+00:00,10.66
2017-01-01T14:23:00+00:00,9.76
2017-01-01T14:24:48+00:00,11.56
2017-01-01T14:26:25+00:00,11.15
2017-01-01T14:28:07+00:00,9.34
2017-01-01T14:29:52+00:00,8.48
2017-01-01T14:31:27+00:00,9.62
2017-01-01T14:33:07+00:00,9.59
2017-01-01T14:34:52+00:00,7.72
2017-01-01T14:36:28+00:00,9.04
2017-01-01T14:38:09+00:00,9.57
2017-01-01T14:39:57+00:00,8.86
2017-01-01T14:41:31+00:00,7.88
2017-01-01T14:43:10+00:00,8.75
2017-01-01T14:44:59+00:00,9.44
2017-01-01T14:46:34+00:00,9.53
2017-01-01T14:48:15+00:00,8.05
2017-01-01T14:50:01+00:00,8.97
2017-01-01T14:51:36+00:00,11.11
2017-01-01T14:53:22+00:00,11.11
2017-01-01T14:55:07+00:00,10.14
2017-01-01T14:56:43+00:00,10.03
2017-01-01T14:58:26+00:00,11.24
2017-01-01T15:00:10+00:00,11.07
2017-01-01T15:01:44+00:00,9.96
2017-01-01T15:03:28+00:00,10.04
2017-01-01T15:05:14+00:00,10.34
2017-01-01T15:06:49+00:00,9.25
2017-01-01T15:08:34+00:00,9.6
2017-01-01T15:10:16+00:00,10.19
2017-01-01T15:11:51+00:00,11.36
2017-01-01T15:13:36+00:00,10.42
2017-01-01T15:15:19+00:00,10.24
2017-01-01T15:16:59+00:00,11.01
2017-01-01T15:18:47+00:00,10.58
2017-01-01T15:20:26+00:00,9.84
2017-01-01T15:22:01+00:00,10.53
2017-01-01T15:23:48+00:00,11.28
2017-01-01T15:25:30+00:00,10.81
2017-01-01T15:27:04+00:00,10.3
2017-01-01T15:28:52+00:00,11.73
2017-01-01T15:30:31+00:00,10.81
2017-01-01T15:32:06+00:00,10.18
2017-01-01T15:33:55+00:00,8.5
2017-01-01T15:35:36+00:00,8.43
2017-01-01T15:37:20+00:00,8.45
2017-01-01T15:39:14+00:00,9.54
2017-01-01T15:40:50+00:00,8.31
2017-01-01T15:42:24+00:00,8.6
2017-01-01T15:44:19+00:00,9.37
2017-01-01T15:45:54+00:00,10.56
2017-01-01T15:47:28+00:00,10.28
2017-01-01T15:49:30+00:00,10.73
2017-01-01T15:51:04+00:00,10.32
2017-01-01T15:52:41+00:00,9.68
2017-01-01T15:54:36+00:00,9.81
2017-01-01T15:56:12+00:00,10.48
2017-01-01T15:57:48+00:00,11.56
2017-01-01T15:59:40+00:00,10.55
2017-01-01T16:01:15+00:00,10.06
2017-01-01T16:02:55+00:00,9.81
2017-01-01T16:04:44+00:00,10.3
2017-01-01T16:06:29+00:00,9.41
2017-01-01T16:08:11+00:00,10.79
2017-01-01T16:10:00+00:00,12.46
2017-01-01T16:11:37+00:00,10.16
2017-01-01T16:13:21+00:00,9.25
2017-01-01T16:15:06+00:00,9.81
2017-01-01T16:16:42+00:00,10.74
2017-01-01T16:18:26+00:00,9.77
2017-01-01T16:20:11+00:00,9.6
2017-01-01T16:21:50+00:00,11.14
2017-01-01T16:23:34+00:00,11.18
2017-01-01T16:25:17+00:00,9.78
2017-01-01T16:26:51+00:00,9.53
2017-01-01T16:28:35+00:00,10.8
2017-01-01T16:30:18+00:00,10.5
2017-01-01T16:31:52+00:00,9.59
2017-01-01T16:33:37+00:00,8.65
2017-01-01T16:35:18+00:00,10.14
2017-01-01T16:36:53+00:00,10.1
2017-01-01T16:38:38+00:00,9.42
2017-01-01T16:40:19+00:00,10.68
2017-01-01T16:41:56+00:00,10.67
2017-01-01T16:43:44+00:00,10.59
2017-01-01T16:45:24+00:00,9.69
2017-01-01T16:46:57+00:00,8.43
2017-01-01T16:48:44+00:00,9.82
2017-01-01T16:50:25+00:00,9.54
2017-01-01T16:51:59+00:00,8.3
2017-01-01T16:53:49+00:00,9.8
2017-01-01T16:55:28+00:00,10.77
2017-01-01T16:57:02+00:00,9.24
2017-01-01T16:58:52+00:00,9.7
2017-01-01T17:00:30+00:00,10.2
2017-01-01T17:02:06+00:00,10.6
2017-01-01T17:03:56+00:00,9.7
2017-01-01T17:05:36+00:00,10.06
2017-01-01T17:07:10+00:00,10.12
2017-01-01T17:09:00+00:00,9.61
2017-01-01T17:10:50+00:00,9.93
2017-01-01T17:12:27+00:00,11.01
2017-01-01T17:14:18+00:00,11.34
2017-01-01T17:15:53+00:00,10.27
2017-01-01T17:17:31+00:00,10.08
2017-01-01T17:19:24+00:00,10.72
2017-01-01T17:21:00+00:00,10.19
2017-01-01T17:22:37+00:00,8.36
2017-01-01T17:24:28+00:00,8.45
2017-01-01T17:26:03+00:00,10.0
2017-01-01T17:27:39+00:00,10.33
2017-01-01T17:29:29+00:00,10.41
2017-01-01T17:31:07+00:00,11.47
2017-01-01T17:32:44+00:00,11.34
2017-01-01T17:34:33+00:00,9.97
2017-01-01T17:36:08+00:00,10.18
2017-01-01T17:37:43+00:00,10.16
2017-01-01T17:39:32+00:00,10.22
2017-01-01T17:41:08+00:00,10.12
2017-01-01T17:42:44+00:00,9.84
2017-01-01T17:44:34+00:00,10.9
2017-01-01T17:46:11+00:00,10.65
2017-01-01T17:47:48+00:00,10.23
2017-01-01T17:49:41+00:00,10.7
2017-01-01T17:51:17+00:00,11.02
2017-01-01T17:52:57+00:00,10.5
2017-01-01T17:54:48+00:00,9.95
2017-01-01T17:56:26+00:00,9.21
2017-01-01T17:58:07+00:00,9.7
2017-01-01T17:59:56+00:00,9.18
2017-01-01T18:01:33+00:00,7.25
2017-01-01T18:03:16+00:00,8.23
2017-01-01T18:05:03+00:00,8.38
2017-01-01T18:06:37+00:00,9.32
2017-01-01T18:08:19+00:00,11.58
2017-01-01T18:10:05+00:00,11.32
2017-01-01T18:11:40+00:00,10.82
2017-01-01T18:13:23+00:00,11.07
2017-01-01T18:15:07+00:00,10.85
2017-01-01T18:16:46+00:00,11.44
2017-01-01T18:18:31+00:00,10.36
2017-01-01T18:20:16+00:00,11.02
2017-01-01T18:21:50+00:00,11.44
2017-01-01T18:23:34+00:00,9.8
2017-01-01T18:25:19+00:00,10.15
2017-01-01T18:26:55+00:00,11.38
2017-01-01T18:28:42+00:00,11.75
2017-01-01T18:30:24+00:00,9.81
2017-01-01T18:32:01+00:00,8.54
2017-01-01T18:33:51+00:00,9.81
2017-01-01T18:35:32+00:00,8.95
2017-01-01T18:37:06+00:00,8.8
2017-01-01T18:38:54+00:00,9.52
2017-01-01T18:40:31+00:00,10.46
2017-01-01T18:42:07+00:00,9.55
2017-01-01T18:43:58+00:00,10.14
2017-01-01T18:45:37+00:00,10.97
2017-01-01T18:47:17+00:00,9.56
2017-01-01T18:49:10+00:00,9.31
2017-01-01T18:50:45+00:00,10.14
2017-01-01T18:52:22+00:00,10.3
2017-01-01T18:54:15+00:00,9.25
2017-01-01T18:55:50+00:00,8.49
2017-01-01T18:57:32+00:00,9.24
2017-01-01T18:59:22+00:00,8.34
2017-01-01T19:00:58+00:00,8.4
2017-01-01T19:02:33+00:00,10.59
2017-01-01T19:04:26+00:00,11.7
2017-01-01T19:06:03+00:00,9.99
2017-01-01T19:07:39+00:00,8.8
2017-01-01T19:09:30+00:00,9.46
2017-01-01T19:11:06+00:00,9.24
2017-01-01T19:12:41+00:00,8.56
2017-01-01T19:14:32+00:00,9.34
2017-01-01T19:16:07+00:00,11.13
2017-01-01T19:17:44+00:00,10.21
2017-01-01T19:19:35+00:00,10.39
2017-01-01T19:21:15+00:00,11.32
2017-01-01T19:22:55+00:00,10.89
2017-01-01T19:24:45+00:00,10.79
2017-01-01T19:26:23+00:00,11.81
2017-01-01T19:28:02+00:00,10.8
2017-01-01T19:29:56+00:00,10.29
2017-01-01T19:31:31+00:00,10.58
2017-01-01T19:33:12+00:00,10.78
2017-01-01T19:34:59+00:00,10.07
2017-01-01T19:36:37+00:00,9.36
2017-01-01T19:38:20+00:00,10.88
2017-01-01T19:40:04+00:00,11.12
2017-01-01T19:41:38+00:00,8.47
2017-01-01T19:43:20+00:00,8.74
2017-01-01T19:45:05+00:00,9.4
2017-01-01T19:46:43+00:00,9.59
2017-01-01T19:48:26+00:00,8.48
2017-01-01T19:50:11+00:00,8.18
2017-01-01T19:51:46+00:00,9.4
2017-01-01T19:53:33+00:00,8.95
2017-01-01T19:55:17+00:00,9.96
2017-01-01T19:56:53+00:00,10.15
2017-01-01T19:58:39+00:00,10.13
2017-01-01T20:00:21+00:00,8.43
2017-01-01T20:02:01+00:00,8.33
2017-01-01T20:03:52+00:00,9.74
2017-01-01T20:05:33+00:00,8.36
2017-01-01T20:07:14+00:00,8.35
2017-01-01T20:09:06+00:00,10.27
2017-01-01T20:10:45+00:00,10.75
2017-01-01T20:12:21+00:00,10.24
2017-01-01T20:14:16+00:00,10.39
2017-01-01T20:15:52+00:00,11.14
2017-01-01T20:17:33+00:00,10.18
2017-01-01T20:19:26+00:00,9.85
2017-01-01T20:21:03+00:00,10.16
2017-01-01T20:22:39+00:00,11.28
2017-01-01T20:24:35+00:00,10.83
2017-01-01T20:26:09+00:00,11.22
2017-01-01T20:27:57+00:00,10.83
2017-01-01T20:29:48+00:00,11.61
2017-01-01T20:31:26+00:00,10.56
2017-01-01T20:33:04+00:00,10.35
2017-01-01T20:34:51+00:00,10.49
2017-01-01T20:36:27+00:00,10.65
2017-01-01T20:38:08+00:00,9.89
2017-01-01T20:39:54+00:00,9.65
2017-01-01T20:41:29+00:00,10.26
2017-01-01T20:43:11+00:00,10.17
2017-01-01T20:45:00+00:00,9.08
2017-01-01T20:46:42+00:00,8.16
2017-01-01T20:48:24+00:00,8.89
2017-01-01T20:50:09+00:00,9.7
2017-01-01T20:51:44+00:00,9.39
2017-01-01T20:53:25+00:00,8.4
2017-01-01T20:55:11+00:00,8.72
2017-01-01T20:56:47+00:00,8.75
2017-01-01T20:58:32+00:00,7.82
2017-01-01T21:00:12+00:00,7.81
2017-01-01T21:01:48+00:00,9.74
2017-01-01T21:03:34+00:00,10.47
2017-01-01T21:05:18+00:00,8.92
2017-01-01T21:06:53+00:00,8.96
2017-01-01T21:08:40+00:00,10.02
2017-01-01T21:10:23+00:00,10.48
2017-01-01T21:12:05+00:00,10.52
2017-01-01T21:13:56+00:00,11.21
2017-01-01T21:15:39+00:00,12.15
2017-01-01T21:17:18+00:00,12.37
2017-01-01T21:19:11+00:00,11.53
2017-01-01T21:20:48+00:00,11.59
2017-01-01T21:22:24+00:00,11.91
2017-01-01T21:24:16+00:00,11.24
2017-01-01T21:25:52+00:00,11.53
2017-01-01T21:27:30+00:00,12.47
2017-01-01T21:29:21+00:00,11.62
2017-01-01T21:30:58+00:00,10.62
2017-01-01T21:32:36+00:00,9.54
2017-01-01T21:34:30+00:00,9.18
2017-01-01T21:36:05+00:00,9.23
2017-01-01T21:37:44+00:00,9.53
2017-01-01T21:39:36+00:00,9.67
2017-01-01T21:41:25+00:00,9.71
2017-01-01T21:43:05+00:00,8.47
2017-01-01T21:45:01+00:00,8.86
2017-01-01T21:46:36+00:00,9.45
2017-01-01T21:48:19+00:00,10.26
2017-01-01T21:50:04+00:00,8.99
2017-01-01T21:51:50+00:00,8.03
2017-01-01T21:53:34+00:00,9.14
2017-01-01T21:55:18+00:00,9.12
2017-01-01T21:56:54+00:00,8.46
2017-01-01T21:58:39+00:00,8.54
2017-01-01T22:00:23+00:00,8.31
2017-01-01T22:01:59+00:00,9.8
2017-01-01T22:03:47+00:00,8.11
2017-01-01T22:05:36+00:00,8.69
2017-01-01T22:07:13+00:00,9.5
2017-01-01T22:09:06+00:00,10.63
2017-01-01T22:10:48+00:00,9.92
2017-01-01T22:12:26+00:00,10.63
2017-01-01T22:14:18+00:00,11.79
2017-01-01T22:15:55+00:00,11.37
2017-01-01T22:17:38+00:00,9.86
2017-01-01T22:19:31+00:00,9.39
2017-01-01T22:21:07+00:00,10.33
2017-01-01T22:22:48+00:00,11.14
2017-01-01T22:24:39+00:00,11.49
2017-01-01T22:26:13+00:00,10.52
2017-01-01T22:27:52+00:00,11.22
2017-01-01T22:29:42+00:00,11.91
2017-01-01T22:31:19+00:00,10.98
2017-01-01T22:32:56+00:00,10.94
2017-01-01T22:34:47+00:00,11.19
2017-01-01T22:36:24+00:00,10.28
2017-01-01T22:38:01+00:00,10.18
2017-01-01T22:39:51+00:00,9.52
2017-01-01T22:41:28+00:00,11.53
2017-01-01T22:43:09+00:00,11.92
2017-01-01T22:44:57+00:00,9.48
2017-01-01T22:46:34+00:00,9.45
2017-01-01T22:48:20+00:00,11.58
2017-01-01T22:50:07+00:00,10.38
2017-01-01T22:51:43+00:00,8.95
2017-01-01T22:53:29+00:00,8.62
2017-01-01T22:55:14+00:00,9.65
2017-01-01T22:56:53+00:00,9.34
2017-01-01T22:58:46+00:00,9.09
2017-01-01T23:00:31+00:00,8.99
2017-01-01T23:02:10+00:00,10.6
2017-01-01T23:04:01+00:00,9.81
2017-01-01T23:05:39+00:00,9.37
2017-01-01T23:07:17+00:00,9.74
2017-01-01T23:09:09+00:00,10.98
2017-01-01T23:10:48+00:00,9.9
2017-01-01T23:12:26+00:00,9.35
2017-01-01T23:14:20+00:00,10.36
2017-01-01T23:15:58+00:00,9.37
2017-01-01T23:17:43+00:00,8.35
2017-01-01T23:19:35+00:00,8.95
2017-01-01T23:21:11+00:00,9.72
2017-01-01T23:22:52+00:00,9.02
2017-01-01T23:24:43+00:00,9.4
2017-01-01T23:26:19+00:00,9.61
2017-01-01T23:27:59+00:00,11.56
2017-01-01T23:29:49+00:00,10.69
2017-01-01T23:31:27+00:00,9.74
2017-01-01T23:33:07+00:00,9.99
2017-01-01T23:34:57+00:00,11.32
2017-01-01T23:36:32+00:00,11.74
2017-01-01T23:38:14+00:00,11.37
2017-01-01T23:40:01+00:00,10.8
2017-01-01T23:41:38+00:00,10.71
2017-01-01T23:43:24+00:00,9.65
2017-01-01T23:45:13+00:00,9.68
2017-01-01T23:46:50+00:00,10.46
2017-01-01T23:48:35+00:00,10.58
2017-01-01T23:50:21+00:00,8.47
2017-01-01T23:52:00+00:00,8.55
2017-01-01T23:53:50+00:00,9.12
2017-01-01T23:55:33+00:00,8.78
2017-01-01T23:57:12+00:00,9.37
2017-01-01T23:59:03+00:00,11.07
2017-01-02T00:00:39+00:00,11.12
2017-01-02T00:02:17+00:00,10.54
2017-01-02T00:04:08+00:00,10.34
2017-01-02T00:05:44+00:00,11.6
2017-01-02T00:07:22+00:00,10.75
2017-01-02T00:09:18+00:00,9.35
2017-01-02T00:10:57+00:00,10.26
2017-01-02T00:12:35+00:00,11.2
2017-01-02T00:14:29+00:00,10.33
2017-01-02T00:16:11+00:00,10.6
2017-01-02T00:17:54+00:00,10.81
2017-01-02T00:20:04+00:00,10.52
2017-01-02T00:21:39+00:00,9.56
2017-01-02T00:23:23+00:00,10.16
2017-01-02T00:25:08+00:00,9.28
2017-01-02T00:26:44+00:00,7.15
2017-01-02T00:28:28+00:00,7.01
2017-01-02T00:30:11+00:00,8.44
2017-01-02T00:31:47+00:00,9.28
2017-01-02T00:33:34+00:00,8.44
2017-01-02T00:35:18+00:00,8.95
2017-01-02T00:36:54+00:00,9.17
2017-01-02T00:38:46+00:00,9.47
2017-01-02T00:40:30+00:00,9.65
2017-01-02T00:42:08+00:00,10.51
2017-01-02T00:44:03+00:00,10.65
2017-01-02T00:45:43+00:00,9.79
2017-01-02T00:47:18+00:00,9.65
2017-01-02T00:49:14+00:00,10.6
2017-01-02T00:50:52+00:00,11.83
2017-01-02T00:52:30+00:00,12.82
2017-01-02T00:54:24+00:00,12.93
2017-01-02T00:56:04+00:00,11.55
2017-01-02T00:57:40+00:00,11.03
2017-01-02T00:59:32+00:00,11.56
2017-01-02T01:01:07+00:00,11.85
2017-01-02T01:02:48+00:00,9.79
2017-01-02T01:04:40+00:00,8.46
2017-01-02T01:06:15+00:00,9.27
2017-01-02T01:07:58+00:00,9.94
2017-01-02T01:09:51+00:00,9.02
2017-01-02T01:11:27+00:00,10.58
2017-01-02T01:13:07+00:00,11.76
2017-01-02T01:14:55+00:00,9.81
2017-01-02T01:16:32+00:00,9.94
2017-01-02T01:18:13+00:00,10.53
2017-01-02T01:20:03+00:00,9.18
2017-01-02T01:21:38+00:00,8.27
2017-01-02T01:23:24+00:00,8.24
2017-01-02T01:25:11+00:00,9.7
2017-01-02T01:26:49+00:00,8.97
2017-01-02T01:28:33+00:00,8.95
2017-01-02T01:30:20+00:00,9.86
2017-01-02T01:31:58+00:00,9.91
2017-01-02T01:33:46+00:00,8.27
2017-01-02T01:35:26+00:00,8.12
2017-01-02T01:37:02+00:00,8.9
2017-01-02T01:38:47+00:00,7.27
2017-01-02T01:40:28+00:00,7.2
2017-01-02T01:42:03+00:00,8.42
2017-01-02T01:43:50+00:00,8.34
2017-01-02T01:45:31+00:00,8.33
2017-01-02T01:47:12+00:00,10.84
2017-01-02T01:49:04+00:00,12.98
2017-01-02T01:50:41+00:00,12.05
2017-01-02T01:52:16+00:00,11.64
2017-01-02T01:54:08+00:00,12.35
2017-01-02T01:55:44+00:00,12.32
2017-01-02T01:57:20+00:00,11.09
2017-01-02T01:59:12+00:00,11.07
2017-01-02T02:00:48+00:00,12.04
2017-01-02T02:02:24+00:00,11.45
2017-01-02T02:04:13+00:00,10.61
2017-01-02T02:05:48+00:00,12.27
2017-01-02T02:07:26+00:00,12.27
2017-01-02T02:09:18+00:00,11.77
2017-01-02T02:10:56+00:00,10.45
2017-01-02T02:12:33+00:00,10.44
2017-01-02T02:14:23+00:00,8.72
2017-01-02T02:15:58+00:00,7.87
2017-01-02T02:17:39+00:00,9.16
2017-01-02T02:19:32+00:00,8.86
2017-01-02T02:21:07+00:00,8.55
2017-01-02T02:22:43+00:00,9.2
2017-01-02T02:24:32+00:00,10.5
2017-01-02T02:26:10+00:00,10.39
2017-01-02T02:27:49+00:00,9.62
2017-01-02T02:29:41+00:00,9.77
2017-01-02T02:31:18+00:00,8.94
2017-01-02T02:32:56+00:00,8.04
2017-01-02T02:34:45+00:00,8.24
2017-01-02T02:36:19+00:00,8.92
2017-01-02T02:37:57+00:00,9.1
2017-01-02T02:39:46+00:00,9.17
2017-01-02T02:41:21+00:00,10.32
2017-01-02T02:43:02+00:00,10.41
2017-01-02T02:44:53+00:00,10.18
2017-01-02T02:46:29+00:00,10.75
2017-01-02T02:48:11+00:00,10.58
2017-01-02T02:50:02+00:00,9.63
2017-01-02T02:51:41+00:00,9.22
2017-01-02T02:53:24+00:00,9.06
2017-01-02T02:55:09+00:00,10.27
2017-01-02T02:56:45+00:00,9.42
2017-01-02T02:58:28+00:00,10.61
2017-01-02T03:00:12+00:00,11.89
2017-01-02T03:01:47+00:00,11.77
2017-01-02T03:03:38+00:00,11.5
2017-01-02T03:05:25+00:00,12.17
2017-01-02T03:07:00+00:00,12.04
2017-01-02T03:08:52+00:00,10.2
2017-01-02T03:10:35+00:00,9.59
2017-01-02T03:12:10+00:00,10.15
2017-01-02T03:14:04+00:00,10.7
2017-01-02T03:15:44+00:00,10.04
2017-01-02T03:17:19+00:00,9.82
2017-01-02T03:19:09+00:00,9.41
2017-01-02T03:20:45+00:00,8.54
2017-01-02T03:22:21+00:00,9.23
2017-01-02T03:24:12+00:00,10.08
2017-01-02T03:25:49+00:00,9.05
2017-01-02T03:27:27+00:00,8.12
2017-01-02T03:29:17+00:00,8.86
2017-01-02T03:30:55+00:00,9.38
2017-01-02T03:32:31+00:00,7.91
2017-01-02T03:34:23+00:00,9.38
2017-01-02T03:36:03+00:00,11.18
2017-01-02T03:37:41+00:00,10.3
2017-01-02T03:39:33+00:00,10.14
2017-01-02T03:41:16+00:00,11.23
2017-01-02T03:42:54+00:00,10.79
2017-01-02T03:44:43+00:00,9.59
2017-01-02T03:46:18+00:00,9.52
2017-01-02T03:47:58+00:00,10.85
2017-01-02T03:49:50+00:00,10.42
2017-01-02T03:51:27+00:00,9.55
2017-01-02T03:53:09+00:00,10.34
2017-01-02T03:54:54+00:00,10.88
2017-01-02T03:56:31+00:00,9.85
2017-01-02T03:58:12+00:00,11.55
2017-01-02T03:59:57+00:00,12.2
2017-01-02T04:01:33+00:00,11.46
2017-01-02T04:03:14+00:00,8.67
2017-01-02T04:05:07+00:00,8.36
2017-01-02T04:06:43+00:00,9.65
2017-01-02T04:08:27+00:00,8.82
2017-01-02T04:10:13+00:00,8.84
2017-01-02T04:11:49+00:00,10.34
2017-01-02T04:13:36+00:00,11.0
2017-01-02T04:15:19+00:00,10.07
2017-01-02T04:16:55+00:00,10.21
2017-01-02T04:18:40+00:00,10.94
2017-01-02T04:20:22+00:00,8.41
2017-01-02T04:21:59+00:00,8.66
2017-01-02T04:23:48+00:00,9.3
2017-01-02T04:25:32+00:00,9.45
2017-01-02T04:27:07+00:00,8.89
2017-01-02T04:28:57+00:00,9.28
2017-01-02T04:30:36+00:00,10.9
2017-01-02T04:32:12+00:00,10.49
2017-01-02T04:34:02+00:00,9.93
2017-01-02T04:35:39+00:00,11.59
2017-01-02T04:37:14+00:00,11.74
2017-01-02T04:39:05+00:00,9.33
2017-01-02T04:40:42+00:00,8.96
2017-01-02T04:42:20+00:00,10.74
2017-01-02T04:44:15+00:00,8.96
2017-01-02T04:45:53+00:00,9.07
2017-01-02T04:47:28+00:00,10.92
2017-01-02T04:49:22+00:00,10.9
2017-01-02T04:51:00+00:00,9.37
2017-01-02T04:52:37+00:00,9.24
2017-01-02T04:54:29+00:00,10.09
2017-01-02T04:56:03+00:00,11.4
2017-01-02T04:58:00+00:00,9.24
2017-01-02T05:06:15+00:00,10.3
2017-01-02T05:07:55+00:00,10.64
2017-01-02T05:09:51+00:00,9.34
2017-01-02T05:11:46+00:00,10.28
2017-01-02T05:23:34+00:00,10.8
2017-01-02T05:25:26+00:00,12.01
2017-01-02T05:27:20+00:00,9.81
2017-01-02T05:29:36+00:00,11.02
2017-01-02T05:43:17+00:00,10.22
2017-01-02T05:46:00+00:00,9.35
2017-01-02T05:48:36+00:00,10.31
2017-01-02T05:51:16+00:00,8.34
2017-01-02T05:53:53+00:00,8.34
2017-01-02T09:07:13+00:00,12.85
2017-01-02T09:09:06+00:00,11.84
2017-01-02T09:10:41+00:00,10.93
2017-01-02T09:12:15+00:00,10.56
2017-01-02T09:14:05+00:00,11.23
2017-01-02T09:15:42+00:00,9.7
2017-01-02T09:17:16+00:00,9.41
2017-01-02T09:19:05+00:00,10.2
2017-01-02T09:20:41+00:00,10.53
2017-01-02T09:22:15+00:00,9.41
2017-01-02T09:24:05+00:00,9.41
2017-01-02T09:25:38+00:00,10.24
2017-01-02T09:27:12+00:00,10.54
2017-01-02T09:29:04+00:00,8.97
2017-01-02T09:30:40+00:00,9.33
2017-01-02T09:32:14+00:00,8.49
2017-01-02T09:34:04+00:00,8.06
2017-01-02T09:35:40+00:00,8.33
2017-01-02T09:37:14+00:00,8.65
2017-01-02T09:39:05+00:00,9.6
2017-01-02T09:40:40+00:00,8.82
2017-01-02T09:42:13+00:00,8.74
2017-01-02T09:44:04+00:00,9.08
2017-01-02T09:45:39+00:00,9.44
2017-01-02T09:47:13+00:00,9.33
2017-01-02T09:49:04+00:00,10.46
2017-01-02T09:50:42+00:00,10.26
2017-01-02T09:52:17+00:00,9.22
2017-01-02T09:54:07+00:00,9.16
2017-01-02T09:55:43+00:00,11.12
2017-01-02T09:57:18+00:00,12.57
2017-01-02T09:59:07+00:00,11.36
2017-01-02T10:00:45+00:00,11.74
2017-01-02T10:02:21+00:00,12.63
2017-01-02T10:04:15+00:00,12.16
2017-01-02T10:05:50+00:00,11.18
2017-01-02T10:07:28+00:00,11.97
2017-01-02T10:09:20+00:00,11.54
2017-01-02T10:10:59+00:00,10.13
2017-01-02T10:12:35+00:00,10.11
2017-01-02T10:14:29+00:00,12.37
2017-01-02T10:16:04+00:00,11.6
2017-01-02T10:17:41+00:00,11.44
2017-01-02T10:19:33+00:00,11.62
2017-01-02T10:21:08+00:00,10.45
2017-01-02T10:22:44+00:00,8.26
2017-01-02T10:24:35+00:00,8.7
2017-01-02T10:26:10+00:00,9.06
2017-01-02T10:27:46+00:00,9.19
2017-01-02T10:29:45+00:00,8.69
2017-01-02T10:32:12+00:00,9.51
2017-01-02T10:34:36+00:00,8.2
2017-01-02T10:36:58+00:00,8.24
2017-01-02T10:39:06+00:00,9.39
2017-01-02T10:41:48+00:00,7.43
2017-01-02T10:43:51+00:00,8.93
2017-01-02T10:45:37+00:00,8.78
2017-01-02T10:47:16+00:00,8.47
2017-01-02T10:49:11+00:00,9.9
2017-01-02T10:50:48+00:00,12.09
2017-01-02T10:52:27+00:00,11.39
2017-01-02T10:54:20+00:00,9.72
2017-01-02T10:55:57+00:00,10.95
2017-01-02T10:57:35+00:00,10.75
2017-01-02T10:59:29+00:00,11.19
2017-01-02T11:01:07+00:00,10.46
2017-01-02T11:02:52+00:00,11.3
2017-01-02T11:04:45+00:00,10.65
2017-01-02T11:06:33+00:00,10.43
2017-01-02T11:08:17+00:00,11.14
2017-01-02T11:10:09+00:00,11.91
2017-01-02T11:11:48+00:00,11.14
2017-01-02T11:13:42+00:00,11.33
2017-01-02T11:15:38+00:00,11.4
2017-01-02T11:17:15+00:00,9.97
2017-01-02T11:19:13+00:00,8.54
2017-01-02T11:20:51+00:00,9.76
2017-01-02T11:22:28+00:00,9.1
2017-01-02T11:24:23+00:00,7.87
2017-01-02T11:25:58+00:00,8.05
2017-01-02T11:27:35+00:00,9.19
2017-01-02T11:29:29+00:00,9.39
2017-01-02T11:31:09+00:00,9.56
2017-01-02T11:33:03+00:00,9.65
2017-01-02T11:35:35+00:00,8.51
2017-01-02T11:37:18+00:00,9.19
2017-01-02T11:39:11+00:00,9.5
2017-01-02T11:40:55+00:00,8.7
2017-01-02T11:42:36+00:00,8.59
2017-01-02T11:44:33+00:00,9.71
2017-01-02T11:46:14+00:00,10.77
2017-01-02T11:47:56+00:00,10.24
2017-01-02T11:49:52+00:00,11.51
2017-01-02T11:51:33+00:00,11.11
2017-01-02T11:53:18+00:00,9.69
2017-01-02T11:55:07+00:00,8.76
2017-01-02T11:57:05+00:00,10.02
2017-01-02T11:58:54+00:00,8.67
2017-01-02T12:00:42+00:00,8.54
2017-01-02T12:02:24+00:00,9.34
2017-01-02T12:04:20+00:00,9.73
2017-01-02T12:06:05+00:00,10.43
2017-01-02T12:07:50+00:00,10.82
2017-01-02T12:09:53+00:00,11.88
2017-01-02T12:11:57+00:00,10.51
2017-01-02T12:13:52+00:00,10.27
2017-01-02T12:15:44+00:00,10.8
2017-01-02T12:17:24+00:00,10.1
2017-01-02T12:19:18+00:00,9.88
2017-01-02T12:21:06+00:00,10.85
2017-01-02T12:22:46+00:00,10.28
2017-01-02T12:24:41+00:00,9.96
2017-01-02T12:26:23+00:00,11.49
2017-01-02T12:28:22+00:00,11.31
2017-01-02T12:30:08+00:00,7.7
2017-01-02T12:31:43+00:00,8.36
2017-01-02T12:33:26+00:00,8.45
2017-01-02T12:35:13+00:00,7.63
2017-01-02T12:36:49+00:00,7.95
2017-01-02T12:38:35+00:00,9.11
2017-01-02T12:40:17+00:00,10.73
2017-01-02T12:41:52+00:00,10.77
2017-01-02T12:43:37+00:00,10.77
2017-01-02T12:45:22+00:00,11.42
2017-01-02T12:46:58+00:00,10.09
2017-01-02T12:48:45+00:00,9.38
2017-01-02T12:50:25+00:00,10.33
2017-01-02T12:52:01+00:00,10.52
2017-01-02T12:53:48+00:00,9.47
2017-01-02T12:55:30+00:00,10.17
2017-01-02T12:57:04+00:00,10.73
2017-01-02T12:58:51+00:00,10.19
2017-01-02T13:01:11+00:00,9.92
2017-01-02T13:02:47+00:00,10.51
2017-01-02T13:04:40+00:00,11.11
2017-01-02T13:06:15+00:00,8.28
2017-01-02T13:07:54+00:00,8.84
2017-01-02T13:09:44+00:00,10.32
2017-01-02T13:11:18+00:00,9.47
2017-01-02T13:12:55+00:00,9.03
2017-01-02T13:14:47+00:00,9.89
2017-01-02T13:16:21+00:00,10.98
2017-01-02T13:17:58+00:00,10.2
2017-01-02T13:19:45+00:00,10.18
2017-01-02T13:21:19+00:00,11.18
2017-01-02T13:22:56+00:00,11.4
2017-01-02T13:24:46+00:00,10.6
2017-01-02T13:26:21+00:00,9.77
2017-01-02T13:28:01+00:00,10.59
2017-01-02T13:29:51+00:00,9.6
2017-01-02T13:31:30+00:00,9.19
2017-01-02T13:33:10+00:00,9.84
2017-01-02T13:34:57+00:00,11.01
2017-01-02T13:36:36+00:00,10.02
2017-01-02T13:38:17+00:00,10.59
2017-01-02T13:40:03+00:00,11.97
2017-01-02T13:41:36+00:00,11.69
2017-01-02T13:43:15+00:00,9.51
2017-01-02T13:45:00+00:00,9.27
2017-01-02T13:46:32+00:00,9.65
2017-01-02T13:48:12+00:00,9.51
2017-01-02T13:49:56+00:00,8.72
2017-01-02T13:51:31+00:00,10.73
2017-01-02T13:53:10+00:00,10.6
2017-01-02T13:54:55+00:00,9.54
2017-01-02T13:56:29+00:00,9.48
2017-01-02T13:58:09+00:00,10.53
2017-01-02T13:59:52+00:00,11.83
2017-01-02T14:01:27+00:00,10.4
2017-01-02T14:03:05+00:00,9.3
2017-01-02T14:04:53+00:00,10.43
2017-01-02T14:06:27+00:00,9.76
2017-01-02T14:08:05+00:00,8.51
2017-01-02T14:09:54+00:00,10.55
2017-01-02T14:11:28+00:00,10.58
2017-01-02T14:13:04+00:00,9.74
2017-01-02T14:14:52+00:00,9.67
2017-01-02T14:16:26+00:00,10.35
2017-01-02T14:18:05+00:00,10.39
2017-01-02T14:19:53+00:00,9.1
2017-01-02T14:21:29+00:00,9.68
2017-01-02T14:23:06+00:00,9.55
2017-01-02T14:24:53+00:00,9.25
2017-01-02T14:26:28+00:00,9.01
2017-01-02T14:28:06+00:00,11.96
2017-01-02T14:29:51+00:00,13.08
2017-01-02T14:31:26+00:00,11.93
2017-01-02T14:33:03+00:00,11.07
2017-01-02T14:34:51+00:00,10.34
2017-01-02T14:36:25+00:00,10.12
2017-01-02T14:38:01+00:00,10.22
2017-01-02T14:39:47+00:00,10.31
2017-01-02T14:41:22+00:00,10.38
2017-01-02T14:42:57+00:00,10.29
2017-01-02T14:44:46+00:00,9.7
2017-01-02T14:46:20+00:00,9.41
2017-01-02T14:47:56+00:00,10.43
2017-01-02T14:49:45+00:00,9.55
2017-01-02T14:51:20+00:00,9.44
2017-01-02T14:52:58+00:00,10.73
2017-01-02T14:54:47+00:00,9.51
2017-01-02T14:56:22+00:00,8.88
2017-01-02T14:57:59+00:00,8.97
2017-01-02T14:59:46+00:00,9.71
2017-01-02T15:01:21+00:00,8.64
2017-01-02T15:02:58+00:00,8.49
2017-01-02T15:04:48+00:00,9.27
2017-01-02T15:06:22+00:00,10.1
2017-01-02T15:07:59+00:00,8.54
2017-01-02T15:09:48+00:00,8.31
2017-01-02T15:11:23+00:00,10.26
2017-01-02T15:13:01+00:00,10.27
2017-01-02T15:14:50+00:00,9.43
2017-01-02T15:16:24+00:00,10.88
2017-01-02T15:18:01+00:00,10.92
2017-01-02T15:19:48+00:00,10.24
2017-01-02T15:21:21+00:00,9.34
2017-01-02T15:22:57+00:00,10.1
2017-01-02T15:24:42+00:00,12.42
2017-01-02T15:26:16+00:00,11.18
2017-01-02T15:27:52+00:00,11.74
2017-01-02T15:29:41+00:00,12.08
2017-01-02T15:31:16+00:00,11.09
2017-01-02T15:32:52+00:00,10.03
2017-01-02T15:34:42+00:00,10.9
2017-01-02T15:36:15+00:00,11.53
2017-01-02T15:37:49+00:00,10.67
2017-01-02T15:39:40+00:00,9.34
2017-01-02T15:41:14+00:00,9.45
2017-01-02T15:42:50+00:00,10.27
2017-01-02T15:44:40+00:00,9.53
2017-01-02T15:46:14+00:00,9.89
2017-01-02T15:47:48+00:00,10.6
2017-01-02T15:49:37+00:00,9.47
2017-01-02T15:51:11+00:00,9.14
2017-01-02T15:52:45+00:00,9.02
2017-01-02T15:54:36+00:00,10.55
2017-01-02T15:56:10+00:00,10.02
2017-01-02T15:57:46+00:00,9.25
2017-01-02T15:59:36+00:00,8.62
2017-01-02T16:01:14+00:00,9.32
2017-01-02T16:02:52+00:00,8.69
2017-01-02T16:04:42+00:00,8.38
2017-01-02T16:06:16+00:00,9.14
2017-01-02T16:07:53+00:00,8.19
2017-01-02T16:09:43+00:00,8.02
2017-01-02T16:11:17+00:00,8.31
2017-01-02T16:12:56+00:00,8.52
2017-01-02T16:14:47+00:00,9.4
2017-01-02T16:16:22+00:00,11.41
2017-01-02T16:18:00+00:00,11.98
2017-01-02T16:19:48+00:00,12.29
2017-01-02T16:21:32+00:00,11.43
2017-01-02T16:23:11+00:00,10.78
2017-01-02T16:24:56+00:00,11.73
2017-01-02T16:26:31+00:00,11.57
2017-01-02T16:28:12+00:00,10.36
2017-01-02T16:29:57+00:00,10.82
2017-01-02T16:31:32+00:00,11.37
2017-01-02T16:33:36+00:00,11.55
2017-01-02T16:35:18+00:00,11.46
2017-01-02T16:36:52+00:00,11.7
2017-01-02T16:38:41+00:00,11.64
2017-01-02T16:40:25+00:00,9.49
2017-01-02T16:41:59+00:00,9.95
2017-01-02T16:43:46+00:00,8.76
2017-01-02T16:45:26+00:00,8.18
2017-01-02T16:47:05+00:00,8.19
2017-01-02T16:48:56+00:00,8.98
2017-01-02T16:50:32+00:00,8.99
2017-01-02T16:52:08+00:00,9.62
2017-01-02T16:53:55+00:00,9.04
2017-01-02T16:55:35+00:00,9.86
2017-01-02T16:57:10+00:00,8.73
2017-01-02T16:58:58+00:00,8.69
2017-01-02T17:00:37+00:00,9.21
2017-01-02T17:02:12+00:00,9.26
2017-01-02T17:04:02+00:00,8.53
2017-01-02T17:05:42+00:00,8.49
2017-01-02T17:07:20+00:00,9.8
2017-01-02T17:09:08+00:00,9.27
2017-01-02T17:10:46+00:00,9.9
2017-01-02T17:12:22+00:00,12.13
2017-01-02T17:14:15+00:00,12.56
2017-01-02T17:15:51+00:00,11.21
2017-01-02T17:17:27+00:00,10.17
2017-01-02T17:19:19+00:00,9.53
2017-01-02T17:20:55+00:00,10.91
2017-01-02T17:22:29+00:00,9.99
2017-01-02T17:24:20+00:00,10.7
2017-01-02T17:25:55+00:00,11.0
2017-01-02T17:27:31+00:00,9.99
2017-01-02T17:29:24+00:00,10.82
2017-01-02T17:31:00+00:00,11.84
2017-01-02T17:32:35+00:00,12.7
2017-01-02T17:34:25+00:00,11.81
2017-01-02T17:36:00+00:00,11.69
2017-01-02T17:37:37+00:00,12.07
2017-01-02T17:39:32+00:00,9.73
2017-01-02T17:41:09+00:00,10.3
2017-01-02T17:42:46+00:00,11.33
2017-01-02T17:44:39+00:00,10.05
2017-01-02T17:46:15+00:00,8.65
2017-01-02T17:47:52+00:00,8.64
2017-01-02T17:49:42+00:00,9.58
2017-01-02T17:51:17+00:00,10.9
2017-01-02T17:52:57+00:00,9.35
2017-01-02T17:54:48+00:00,10.94
2017-01-02T17:56:25+00:00,9.63
2017-01-02T17:58:05+00:00,8.17
2017-01-02T17:59:55+00:00,8.16
2017-01-02T18:01:30+00:00,9.02
2017-01-02T18:03:12+00:00,8.17
2017-01-02T18:04:59+00:00,9.83
2017-01-02T18:06:35+00:00,11.55
2017-01-02T18:08:16+00:00,10.8
2017-01-02T18:10:05+00:00,10.15
2017-01-02T18:11:41+00:00,10.11
2017-01-02T18:13:26+00:00,11.22
2017-01-02T18:15:12+00:00,10.02
2017-01-02T18:16:49+00:00,10.31
2017-01-02T18:18:34+00:00,10.94
2017-01-02T18:20:18+00:00,10.28
2017-01-02T18:21:52+00:00,9.35
2017-01-02T18:23:37+00:00,10.27
2017-01-02T18:25:22+00:00,11.19
2017-01-02T18:26:58+00:00,10.27
2017-01-02T18:28:44+00:00,9.77
2017-01-02T18:30:26+00:00,11.58
2017-01-02T18:32:01+00:00,10.56
2017-01-02T18:33:49+00:00,8.67
2017-01-02T18:35:31+00:00,8.64
2017-01-02T18:37:06+00:00,10.07
2017-01-02T18:38:55+00:00,9.36
2017-01-02T18:40:34+00:00,11.13
2017-01-02T18:42:09+00:00,12.05
2017-01-02T18:43:59+00:00,11.45
2017-01-02T18:45:35+00:00,10.63
2017-01-02T18:47:11+00:00,10.03
2017-01-02T18:49:02+00:00,11.28
2017-01-02T18:50:39+00:00,10.86
2017-01-02T18:52:16+00:00,9.81
2017-01-02T18:54:08+00:00,9.27
2017-01-02T18:55:44+00:00,9.24
2017-01-02T18:57:19+00:00,8.39
2017-01-02T18:59:12+00:00,9.35
2017-01-02T19:00:49+00:00,10.99
2017-01-02T19:02:23+00:00,10.51
2017-01-02T19:04:20+00:00,9.86
2017-01-02T19:05:58+00:00,9.74
2017-01-02T19:07:34+00:00,9.62
2017-01-02T19:09:27+00:00,9.13
2017-01-02T19:11:03+00:00,9.64
2017-01-02T19:12:43+00:00,9.67
2017-01-02T19:14:33+00:00,10.29
2017-01-02T19:16:07+00:00,9.97
2017-01-02T19:17:44+00:00,10.73
2017-01-02T19:19:33+00:00,10.98
2017-01-02T19:21:10+00:00,11.06
2017-01-02T19:22:45+00:00,9.38
2017-01-02T19:24:40+00:00,9.37
2017-01-02T19:26:15+00:00,10.24
2017-01-02T19:27:50+00:00,10.54
2017-01-02T19:29:40+00:00,10.35
2017-01-02T19:31:16+00:00,10.33
2017-01-02T19:32:53+00:00,11.49
2017-01-02T19:34:43+00:00,10.29
2017-01-02T19:36:19+00:00,9.92
2017-01-02T19:37:57+00:00,10.58
2017-01-02T19:39:43+00:00,11.07
2017-01-02T19:41:18+00:00,10.17
2017-01-02T19:42:56+00:00,10.11
2017-01-02T19:44:47+00:00,9.89
2017-01-02T19:46:24+00:00,9.8
2017-01-02T19:48:01+00:00,9.61
2017-01-02T19:49:49+00:00,9.49
2017-01-02T19:51:25+00:00,10.67
2017-01-02T19:53:04+00:00,10.83
2017-01-02T19:54:51+00:00,11.06
2017-01-02T19:56:26+00:00,11.54
2017-01-02T19:58:06+00:00,11.17
2017-01-02T19:59:55+00:00,11.37
2017-01-02T20:01:30+00:00,9.87
2017-01-02T20:03:10+00:00,9.96
2017-01-02T20:04:59+00:00,10.78
2017-01-02T20:06:35+00:00,10.09
2017-01-02T20:08:16+00:00,10.68
2017-01-02T20:10:05+00:00,11.24
2017-01-02T20:11:40+00:00,11.53
2017-01-02T20:13:23+00:00,9.81
2017-01-02T20:15:08+00:00,9.85
2017-01-02T20:16:45+00:00,10.57
2017-01-02T20:18:29+00:00,10.78
2017-01-02T20:20:11+00:00,8.52
2017-01-02T20:21:46+00:00,7.67
2017-01-02T20:23:33+00:00,8.99
2017-01-02T20:25:16+00:00,8.57
2017-01-02T20:26:52+00:00,9.65
2017-01-02T20:28:36+00:00,10.34
2017-01-02T20:30:19+00:00,10.15
2017-01-02T20:31:54+00:00,9.07
2017-01-02T20:33:41+00:00,9.29
2017-01-02T20:35:21+00:00,9.63
2017-01-02T20:36:56+00:00,9.19
2017-01-02T20:38:39+00:00,8.9
2017-01-02T20:40:21+00:00,8.31
2017-01-02T20:41:56+00:00,9.26
2017-01-02T20:43:42+00:00,8.85
2017-01-02T20:45:27+00:00,9.37
2017-01-02T20:47:02+00:00,9.39
2017-01-02T20:48:49+00:00,11.59
2017-01-02T20:50:32+00:00,11.9
2017-01-02T20:52:08+00:00,11.22
2017-01-02T20:53:57+00:00,12.22
2017-01-02T20:55:35+00:00,12.22
2017-01-02T20:57:10+00:00,9.83
2017-01-02T20:59:01+00:00,9.68
2017-01-02T21:00:38+00:00,10.62
2017-01-02T21:02:13+00:00,11.34
2017-01-02T21:04:03+00:00,10.42
2017-01-02T21:05:41+00:00,11.42
2017-01-02T21:07:16+00:00,11.7
2017-01-02T21:09:08+00:00,10.93
2017-01-02T21:10:45+00:00,10.64
2017-01-02T21:12:21+00:00,10.56
2017-01-02T21:14:12+00:00,10.78
2017-01-02T21:15:46+00:00,9.55
2017-01-02T21:17:22+00:00,8.78
2017-01-02T21:19:16+00:00,9.97
2017-01-02T21:20:50+00:00,10.97
2017-01-02T21:22:26+00:00,9.95
2017-01-02T21:24:17+00:00,9.17
2017-01-02T21:25:52+00:00,9.05
2017-01-02T21:27:27+00:00,9.17
2017-01-02T21:29:19+00:00,8.64
2017-01-02T21:31:07+00:00,9.26
2017-01-02T21:32:46+00:00,9.09
2017-01-02T21:34:47+00:00,9.58
2017-01-02T21:36:24+00:00,8.57
2017-01-02T21:38:03+00:00,8.1
2017-01-02T21:39:53+00:00,9.83
2017-01-02T21:41:27+00:00,10.1
2017-01-02T21:43:08+00:00,8.79
2017-01-02T21:44:56+00:00,10.92
2017-01-02T21:46:32+00:00,11.43
2017-01-02T21:48:15+00:00,10.01
2017-01-02T21:50:02+00:00,10.16
2017-01-02T21:51:36+00:00,10.44
2017-01-02T21:53:20+00:00,12.1
2017-01-02T21:55:05+00:00,11.02
2017-01-02T21:56:41+00:00,11.74
2017-01-02T21:58:22+00:00,12.14
2017-01-02T22:00:06+00:00,12.87
2017-01-02T22:01:40+00:00,10.95
2017-01-02T22:03:24+00:00,10.87
2017-01-02T22:05:14+00:00,11.73
2017-01-02T22:06:49+00:00,11.77
2017-01-02T22:08:35+00:00,10.89
2017-01-02T22:10:16+00:00,9.82
2017-01-02T22:11:50+00:00,7.7
2017-01-02T22:13:33+00:00,8.58
2017-01-02T22:15:20+00:00,9.05
2017-01-02T22:16:57+00:00,9.46
2017-01-02T22:18:43+00:00,10.19
2017-01-02T22:20:23+00:00,9.91
2017-01-02T22:21:57+00:00,8.48
2017-01-02T22:23:44+00:00,8.32
2017-01-02T22:25:22+00:00,9.09
2017-01-02T22:26:57+00:00,9.29
2017-01-02T22:28:45+00:00,8.34
2017-01-02T22:30:25+00:00,8.62
2017-01-02T22:32:00+00:00,9.81
2017-01-02T22:33:52+00:00,10.12
2017-01-02T22:35:31+00:00,9.5
2017-01-02T22:37:06+00:00,9.4
2017-01-02T22:38:57+00:00,11.31
2017-01-02T22:40:34+00:00,10.96
2017-01-02T22:42:10+00:00,10.55
2017-01-02T22:44:02+00:00,10.99
2017-01-02T22:45:40+00:00,11.24
2017-01-02T22:47:14+00:00,10.3
2017-01-02T22:49:04+00:00,9.34
2017-01-02T22:50:40+00:00,9.18
2017-01-02T22:52:14+00:00,9.99
2017-01-02T22:54:05+00:00,10.3
2017-01-02T22:55:40+00:00,12.13
2017-01-02T22:57:16+00:00,11.62
2017-01-02T22:59:07+00:00,12.29
2017-01-02T23:00:43+00:00,11.83
2017-01-02T23:02:18+00:00,11.45
2017-01-02T23:04:08+00:00,10.99
2017-01-02T23:05:45+00:00,10.74
2017-01-02T23:07:20+00:00,9.85
2017-01-02T23:09:11+00:00,10.15
2017-01-02T23:10:47+00:00,10.45
2017-01-02T23:12:22+00:00,10.88
2017-01-02T23:14:16+00:00,10.33
2017-01-02T23:15:49+00:00,10.38
2017-01-02T23:17:25+00:00,9.52
2017-01-02T23:19:15+00:00,9.59
2017-01-02T23:20:50+00:00,9.56
2017-01-02T23:22:24+00:00,8.08
2017-01-02T23:24:16+00:00,7.7
2017-01-02T23:25:49+00:00,8.57
2017-01-02T23:27:24+00:00,8.6
2017-01-02T23:29:15+00:00,7.53
2017-01-02T23:30:50+00:00,8.66
2017-01-02T23:32:25+00:00,10.9
2017-01-02T23:34:27+00:00,10.66
2017-01-02T23:36:02+00:00,9.89
2017-01-02T23:37:36+00:00,10.15
2017-01-02T23:39:27+00:00,11.08
2017-01-02T23:41:02+00:00,10.93
2017-01-02T23:42:40+00:00,10.1
2017-01-02T23:44:32+00:00,10.3
2017-01-02T23:46:07+00:00,10.66
2017-01-02T23:47:43+00:00,10.83
2017-01-02T23:49:35+00:00,9.85
2017-01-02T23:51:12+00:00,10.7
2017-01-02T23:52:48+00:00,11.51
2017-01-02T23:54:36+00:00,10.53
2017-01-02T23:56:12+00:00,10.8
2017-01-02T23:57:47+00:00,10.31
2017-01-02T23:59:36+00:00,8.12
2017-01-03T00:01:11+00:00,9.43
2017-01-03T00:02:46+00:00,9.37
2017-01-03T00:04:36+00:00,9.7
2017-01-03T00:06:11+00:00,10.13
2017-01-03T00:07:49+00:00,1212689.75
2017-01-03T00:09:41+00:00,10.65
2017-01-03T00:11:16+00:00,10.69
2017-01-03T00:12:53+00:00,9.93
2017-01-03T00:14:44+00:00,10.81
2017-01-03T00:16:19+00:00,10.8
2017-01-03T00:17:58+00:00,10.08
2017-01-03T00:19:49+00:00,9.79
2017-01-03T00:21:23+00:00,9.41
2017-01-03T00:23:01+00:00,8.62
2017-01-03T00:24:52+00:00,8.53
2017-01-03T00:26:26+00:00,10.07
2017-01-03T00:28:05+00:00,11.55
2017-01-03T00:29:56+00:00,9.82
2017-01-03T00:31:30+00:00,10.51
2017-01-03T00:33:16+00:00,10.22
2017-01-03T00:35:03+00:00,10.84
2017-01-03T00:36:38+00:00,8.67
2017-01-03T00:38:23+00:00,8.67
2017-01-03T00:40:07+00:00,8.25
2017-01-03T00:41:42+00:00,9.26
2017-01-03T00:43:25+00:00,9.27
2017-01-03T00:45:20+00:00,10.31
2017-01-03T00:46:57+00:00,10.23
2017-01-03T00:48:42+00:00,10.68
2017-01-03T00:50:23+00:00,10.68
2017-01-03T00:51:59+00:00,9.31
2017-01-03T00:53:45+00:00,8.36
2017-01-03T00:55:24+00:00,9.19
2017-01-03T00:57:01+00:00,9.47
2017-01-03T00:58:47+00:00,8.91
2017-01-03T01:00:29+00:00,9.33
2017-01-03T01:02:04+00:00,9.04
2017-01-03T01:03:54+00:00,9.48
2017-01-03T01:05:34+00:00,9.28
2017-01-03T01:07:10+00:00,8.51
2017-01-03T01:09:02+00:00,11.32
2017-01-03T01:10:41+00:00,10.74
2017-01-03T01:12:17+00:00,10.3
2017-01-03T01:14:07+00:00,10.08
2017-01-03T01:15:56+00:00,10.41
2017-01-03T01:17:34+00:00,9.56
2017-01-03T01:19:27+00:00,9.38
2017-01-03T01:21:02+00:00,11.16
2017-01-03T01:22:37+00:00,13.32
2017-01-03T01:24:30+00:00,11.25
2017-01-03T01:26:05+00:00,11.56
2017-01-03T01:27:40+00:00,12.42
2017-01-03T01:29:35+00:00,12.27
2017-01-03T01:31:10+00:00,10.9
2017-01-03T01:32:46+00:00,9.63
2017-01-03T01:34:38+00:00,10.5
2017-01-03T01:36:11+00:00,10.5
2017-01-03T01:37:48+00:00,10.39
2017-01-03T01:39:38+00:00,10.57
2017-01-03T01:41:14+00:00,11.21
2017-01-03T01:42:54+00:00,9.58
2017-01-03T01:44:44+00:00,9.49
2017-01-03T01:46:18+00:00,10.32
2017-01-03T01:47:54+00:00,10.58
2017-01-03T01:49:43+00:00,7.7
2017-01-03T01:51:17+00:00,7.94
2017-01-03T01:52:57+00:00,9.38
2017-01-03T01:54:46+00:00,8.85
2017-01-03T01:56:22+00:00,8.72
2017-01-03T01:58:00+00:00,8.13
2017-01-03T01:59:51+00:00,10.18
2017-01-03T02:01:28+00:00,8.95
2017-01-03T02:03:10+00:00,8.6
2017-01-03T02:04:57+00:00,9.07
2017-01-03T02:06:32+00:00,9.16
2017-01-03T02:08:14+00:00,8.51
2017-01-03T02:10:02+00:00,8.21
2017-01-03T02:11:38+00:00,8.96
2017-01-03T02:13:21+00:00,9.16
2017-01-03T02:15:09+00:00,9.71
2017-01-03T02:16:45+00:00,12.88
2017-01-03T02:18:29+00:00,12.68
2017-01-03T02:20:17+00:00,10.91
2017-01-03T02:22:00+00:00,11.28
2017-01-03T02:23:45+00:00,12.25
2017-01-03T02:25:27+00:00,11.81
2017-01-03T02:27:03+00:00,10.58
2017-01-03T02:28:53+00:00,10.34
2017-01-03T02:30:32+00:00,11.37
2017-01-03T02:32:07+00:00,11.73
2017-01-03T02:33:55+00:00,10.76
2017-01-03T02:35:36+00:00,12.64
2017-01-03T02:37:10+00:00,11.97
2017-01-03T02:38:58+00:00,9.85
2017-01-03T02:40:35+00:00,9.92
2017-01-03T02:42:09+00:00,9.54
2017-01-03T02:44:02+00:00,9.49
2017-01-03T02:45:39+00:00,9.08
2017-01-03T02:47:12+00:00,9.24
2017-01-03T02:49:02+00:00,9.87
2017-01-03T02:50:38+00:00,9.9
2017-01-03T02:52:14+00:00,9.74
2017-01-03T02:54:04+00:00,10.9
2017-01-03T02:55:41+00:00,9.76
2017-01-03T02:57:15+00:00,8.65
2017-01-03T02:59:07+00:00,8.18
2017-01-03T03:00:45+00:00,9.51
2017-01-03T03:02:20+00:00,9.07
2017-01-03T03:04:11+00:00,7.22
2017-01-03T03:05:49+00:00,7.23
2017-01-03T03:07:25+00:00,7.84
2017-01-03T03:09:20+00:00,8.54
2017-01-03T03:10:54+00:00,9.37
2017-01-03T03:12:30+00:00,10.98
2017-01-03T03:14:21+00:00,10.36
2017-01-03T03:15:56+00:00,9.85
2017-01-03T03:17:34+00:00,9.65
2017-01-03T03:19:27+00:00,10.43
2017-01-03T03:21:01+00:00,10.4
2017-01-03T03:22:36+00:00,9.0
2017-01-03T03:24:29+00:00,9.98
2017-01-03T03:26:04+00:00,9.95
2017-01-03T03:27:39+00:00,10.75
2017-01-03T03:29:30+00:00,11.7
2017-01-03T03:31:04+00:00,12.85
2017-01-03T03:32:40+00:00,12.25
2017-01-03T03:34:31+00:00,11.14
2017-01-03T03:36:06+00:00,10.04
2017-01-03T03:37:42+00:00,10.79
2017-01-03T03:39:32+00:00,9.67
2017-01-03T03:41:06+00:00,8.43
2017-01-03T03:42:44+00:00,9.32
2017-01-03T03:44:33+00:00,9.91
2017-01-03T03:46:07+00:00,9.03
2017-01-03T03:47:44+00:00,10.15
2017-01-03T03:49:35+00:00,10.81
2017-01-03T03:51:10+00:00,10.06
2017-01-03T03:52:47+00:00,8.7
2017-01-03T03:54:38+00:00,9.6
2017-01-03T03:56:17+00:00,9.99
2017-01-03T03:57:54+00:00,9.15
2017-01-03T03:59:47+00:00,8.7
2017-01-03T04:01:23+00:00,9.9
2017-01-03T04:03:00+00:00,10.51
2017-01-03T04:04:49+00:00,10.41
2017-01-03T04:06:27+00:00,11.27
2017-01-03T04:08:09+00:00,11.13
2017-01-03T04:09:56+00:00,9.44
2017-01-03T04:11:30+00:00,9.59
2017-01-03T04:13:10+00:00,10.33
2017-01-03T04:14:59+00:00,10.49
2017-01-03T04:16:33+00:00,9.07
2017-01-03T04:18:13+00:00,8.96
2017-01-03T04:19:59+00:00,9.01
2017-01-03T04:21:35+00:00,8.22
2017-01-03T04:23:15+00:00,8.19
2017-01-03T04:25:01+00:00,9.76
2017-01-03T04:26:36+00:00,10.86
2017-01-03T04:28:17+00:00,10.41
2017-01-03T04:30:06+00:00,8.16
2017-01-03T04:31:40+00:00,9.01
2017-01-03T04:33:20+00:00,9.8
2017-01-03T04:35:05+00:00,9.51
2017-01-03T04:36:38+00:00,10.35
2017-01-03T04:38:24+00:00,10.58
2017-01-03T04:40:08+00:00,10.47
2017-01-03T04:41:42+00:00,10.43
2017-01-03T04:43:24+00:00,11.49
2017-01-03T04:45:07+00:00,10.53
2017-01-03T04:46:42+00:00,10.63
2017-01-03T04:48:24+00:00,10.82
2017-01-03T04:50:08+00:00,10.71
2017-01-03T04:51:43+00:00,9.34
2017-01-03T04:53:25+00:00,9.3
2017-01-03T04:55:10+00:00,7.91
2017-01-03T04:56:45+00:00,9.66
2017-01-03T04:58:29+00:00,9.31
2017-01-03T05:00:16+00:00,9.3
2017-01-03T05:02:10+00:00,10.04
2017-01-03T05:07:25+00:00,11.29
2017-01-03T05:09:27+00:00,10.42
2017-01-03T05:11:06+00:00,10.03
2017-01-03T05:12:45+00:00,10.54
2017-01-03T05:14:38+00:00,10.64
2017-01-03T05:16:15+00:00,10.2
2017-01-03T05:17:54+00:00,9.5
2017-01-03T05:19:47+00:00,10.11
2017-01-03T05:21:24+00:00,9.94
2017-01-03T05:23:13+00:00,10.0
2017-01-03T05:25:09+00:00,10.2
2017-01-03T05:26:54+00:00,8.4
2017-01-03T05:28:43+00:00,8.45
2017-01-03T05:30:32+00:00,9.75
2017-01-03T05:32:18+00:00,8.83
2017-01-03T05:34:27+00:00,8.14
2017-01-03T13:07:20+00:00,9.63
2017-01-03T13:09:23+00:00,11.2
2017-01-03T13:11:07+00:00,10.1
2017-01-03T13:12:46+00:00,9.59
2017-01-03T13:14:39+00:00,11.72
2017-01-03T13:16:15+00:00,12.19
2017-01-03T13:17:52+00:00,10.63
2017-01-03T13:19:47+00:00,10.7
2017-01-03T13:21:23+00:00,10.9
2017-01-03T13:23:01+00:00,10.15
2017-01-03T13:24:56+00:00,10.68
2017-01-03T13:26:38+00:00,11.03
2017-01-03T13:28:17+00:00,10.98
2017-01-03T13:30:10+00:00,9.2
2017-01-03T13:31:51+00:00,9.02
2017-01-03T13:33:33+00:00,10.46
2017-01-03T13:35:22+00:00,10.83
2017-01-03T13:37:07+00:00,9.75
2017-01-03T13:38:50+00:00,9.51
2017-01-03T13:40:33+00:00,10.36
2017-01-03T13:42:08+00:00,9.49
2017-01-03T13:43:53+00:00,8.91
2017-01-03T13:45:35+00:00,9.75
2017-01-03T13:47:09+00:00,9.92
2017-01-03T13:48:54+00:00,8.35
2017-01-03T13:50:36+00:00,8.66
2017-01-03T13:52:12+00:00,9.0
2017-01-03T13:53:56+00:00,8.35
2017-01-03T13:55:36+00:00,9.37
2017-01-03T13:57:11+00:00,10.09
2017-01-03T13:58:56+00:00,10.13
2017-01-03T14:00:39+00:00,8.48
2017-01-03T14:02:14+00:00,10.21
2017-01-03T14:03:59+00:00,12.55
2017-01-03T14:05:42+00:00,12.53
2017-01-03T14:07:17+00:00,10.56
2017-01-03T14:09:01+00:00,10.03
2017-01-03T14:10:46+00:00,10.94
2017-01-03T14:12:20+00:00,10.33
2017-01-03T14:14:06+00:00,10.12
2017-01-03T14:15:52+00:00,13.49
2017-01-03T14:17:26+00:00,12.66
2017-01-03T14:19:15+00:00,12.2
2017-01-03T14:20:53+00:00,11.35
2017-01-03T14:22:29+00:00,12.53
2017-01-03T14:24:17+00:00,12.08
2017-01-03T14:25:55+00:00,11.41
2017-01-03T14:27:30+00:00,11.78
2017-01-03T14:29:17+00:00,12.73
2017-01-03T14:30:57+00:00,11.64
2017-01-03T14:32:31+00:00,13.02
2017-01-03T14:34:24+00:00,13.68
2017-01-03T14:36:01+00:00,13.12
2017-01-03T14:37:36+00:00,13.28
2017-01-03T14:39:27+00:00,13.46
2017-01-03T14:41:01+00:00,14.43
2017-01-03T14:42:36+00:00,13.65
2017-01-03T14:44:27+00:00,11.3
2017-01-03T14:46:04+00:00,12.35
2017-01-03T14:47:40+00:00,12.1
2017-01-03T14:49:29+00:00,11.24
2017-01-03T14:51:06+00:00,11.69
2017-01-03T14:52:40+00:00,13.13
2017-01-03T14:54:31+00:00,13.23
2017-01-03T14:56:05+00:00,13.06
2017-01-03T14:57:40+00:00,14.83
2017-01-03T14:59:34+00:00,15.94
2017-01-03T15:01:11+00:00,14.38
2017-01-03T15:02:47+00:00,13.39
2017-01-03T15:04:41+00:00,13.97
2017-01-03T15:06:16+00:00,16.36
2017-01-03T15:07:51+00:00,13.33
2017-01-03T15:09:41+00:00,12.54
2017-01-03T15:11:16+00:00,13.65
2017-01-03T15:12:51+00:00,13.88
2017-01-03T15:14:45+00:00,12.76
2017-01-03T15:16:20+00:00,13.26
2017-01-03T15:17:56+00:00,13.33
2017-01-03T15:19:48+00:00,12.75
2017-01-03T15:21:41+00:00,12.87
2017-01-03T15:23:20+00:00,14.17
2017-01-03T15:25:09+00:00,12.77
2017-01-03T15:26:44+00:00,11.87
2017-01-03T15:28:22+00:00,10.63
2017-01-03T15:30:12+00:00,12.73
2017-01-03T15:31:48+00:00,12.0
2017-01-03T15:33:28+00:00,11.76
2017-01-03T15:35:18+00:00,12.71
2017-01-03T15:36:53+00:00,12.2
2017-01-03T15:38:34+00:00,11.48
2017-01-03T15:40:21+00:00,11.6
2017-01-03T15:41:56+00:00,13.39
2017-01-03T15:43:37+00:00,13.09
2017-01-03T15:45:24+00:00,11.8
2017-01-03T15:47:00+00:00,13.16
2017-01-03T15:48:41+00:00,13.32
2017-01-03T15:50:34+00:00,13.19
2017-01-03T15:52:09+00:00,13.34
2017-01-03T15:53:53+00:00,13.99
2017-01-03T15:55:35+00:00,15.06
2017-01-03T15:57:09+00:00,12.88
2017-01-03T15:58:51+00:00,13.0
2017-01-03T16:00:36+00:00,13.86
2017-01-03T16:02:11+00:00,13.42
2017-01-03T16:03:56+00:00,13.81
2017-01-03T16:05:38+00:00,15.59
2017-01-03T16:07:14+00:00,14.25
2017-01-03T16:09:00+00:00,13.4
2017-01-03T16:10:42+00:00,13.64
2017-01-03T16:12:18+00:00,14.75
2017-01-03T16:14:03+00:00,14.02
2017-01-03T16:15:45+00:00,14.18
2017-01-03T16:17:20+00:00,15.66
2017-01-03T16:19:07+00:00,15.61
2017-01-03T16:20:47+00:00,14.26
2017-01-03T16:22:22+00:00,14.2
2017-01-03T16:24:08+00:00,16.67
2017-01-03T16:25:59+00:00,16.83
2017-01-03T16:27:34+00:00,12.9
2017-01-03T16:29:24+00:00,14.36
2017-01-03T16:31:03+00:00,17.31
2017-01-03T16:32:38+00:00,13.76
2017-01-03T16:34:31+00:00,12.39
2017-01-03T16:36:07+00:00,13.39
2017-01-03T16:37:42+00:00,13.19
2017-01-03T16:39:35+00:00,12.73
2017-01-03T16:41:10+00:00,14.64
2017-01-03T16:42:46+00:00,13.97
2017-01-03T16:44:36+00:00,14.39
2017-01-03T16:46:11+00:00,14.17
2017-01-03T16:47:46+00:00,14.15
2017-01-03T16:49:38+00:00,13.23
2017-01-03T16:51:14+00:00,13.29
2017-01-03T16:52:50+00:00,13.1
2017-01-03T16:54:41+00:00,13.76
2017-01-03T16:56:16+00:00,12.9
2017-01-03T16:57:52+00:00,12.9
2017-01-03T16:59:42+00:00,13.38
2017-01-03T17:01:17+00:00,13.71
2017-01-03T17:02:52+00:00,13.35
2017-01-03T17:04:45+00:00,14.42
2017-01-03T17:06:19+00:00,17.13
2017-01-03T17:07:54+00:00,13.31
2017-01-03T17:09:45+00:00,13.02
2017-01-03T17:11:20+00:00,13.92
2017-01-03T17:12:56+00:00,13.09
2017-01-03T17:14:50+00:00,12.27
2017-01-03T17:16:27+00:00,12.72
2017-01-03T17:18:02+00:00,13.94
2017-01-03T17:19:53+00:00,14.3
2017-01-03T17:21:29+00:00,13.4
2017-01-03T17:23:05+00:00,14.12
2017-01-03T17:24:55+00:00,14.87
2017-01-03T17:26:30+00:00,14.06
2017-01-03T17:28:06+00:00,14.38
2017-01-03T17:29:56+00:00,14.62
2017-01-03T17:31:31+00:00,13.3
2017-01-03T17:33:09+00:00,12.96
2017-01-03T17:35:00+00:00,13.66
2017-01-03T17:36:35+00:00,14.74
2017-01-03T17:38:11+00:00,13.27
2017-01-03T17:40:01+00:00,12.98
2017-01-03T17:41:35+00:00,13.99
2017-01-03T17:43:14+00:00,14.61
2017-01-03T17:45:03+00:00,12.37
2017-01-03T17:46:38+00:00,13.65
2017-01-03T17:48:14+00:00,14.14
2017-01-03T17:50:05+00:00,14.18
2017-01-03T17:51:40+00:00,12.02
2017-01-03T17:53:18+00:00,14.54
2017-01-03T17:55:08+00:00,15.19
2017-01-03T17:56:43+00:00,15.12
2017-01-03T17:58:21+00:00,14.75
2017-01-03T18:00:08+00:00,15.61
2017-01-03T18:01:44+00:00,14.95
2017-01-03T18:03:22+00:00,14.85
2017-01-03T18:05:13+00:00,15.91
2017-01-03T18:06:47+00:00,15.87
2017-01-03T18:08:25+00:00,15.63
2017-01-03T18:10:13+00:00,17.01
2017-01-03T18:11:49+00:00,17.49
2017-01-03T18:13:29+00:00,16.66
2017-01-03T18:15:16+00:00,13.46
2017-01-03T18:16:51+00:00,13.44
2017-01-03T18:18:31+00:00,13.82
2017-01-03T18:20:20+00:00,14.83
2017-01-03T18:21:55+00:00,12.14
2017-01-03T18:23:37+00:00,11.58
2017-01-03T18:25:23+00:00,13.01
2017-01-03T18:26:57+00:00,11.66
2017-01-03T18:28:37+00:00,11.7
2017-01-03T18:30:22+00:00,14.52
2017-01-03T18:31:57+00:00,14.36
2017-01-03T18:33:39+00:00,12.7
2017-01-03T18:35:24+00:00,12.54
2017-01-03T18:37:01+00:00,12.82
2017-01-03T18:38:44+00:00,12.18
2017-01-03T18:40:27+00:00,11.9
2017-01-03T18:42:02+00:00,13.01
2017-01-03T18:43:45+00:00,13.09
2017-01-03T18:45:28+00:00,12.18
2017-01-03T18:47:03+00:00,12.32
2017-01-03T18:48:46+00:00,13.77
2017-01-03T18:50:31+00:00,15.26
2017-01-03T18:52:06+00:00,14.1
2017-01-03T18:53:48+00:00,14.04
2017-01-03T18:55:32+00:00,13.57
2017-01-03T18:57:07+00:00,12.56
2017-01-03T18:58:52+00:00,11.98
2017-01-03T19:00:35+00:00,12.79
2017-01-03T19:02:09+00:00,13.57
2017-01-03T19:03:53+00:00,11.79
2017-01-03T19:05:37+00:00,11.54
2017-01-03T19:07:13+00:00,13.17
2017-01-03T19:08:57+00:00,14.76
2017-01-03T19:10:40+00:00,13.78
2017-01-03T19:12:14+00:00,14.17
2017-01-03T19:14:00+00:00,15.1
2017-01-03T19:15:41+00:00,14.85
2017-01-03T19:17:18+00:00,14.87
2017-01-03T19:19:02+00:00,13.06
2017-01-03T19:20:44+00:00,13.5
2017-01-03T19:22:19+00:00,13.7
2017-01-03T19:24:03+00:00,12.52
2017-01-03T19:25:44+00:00,12.53
2017-01-03T19:27:18+00:00,13.48
2017-01-03T19:29:04+00:00,13.66
2017-01-03T19:30:47+00:00,12.43
2017-01-03T19:32:23+00:00,13.2
2017-01-03T19:34:12+00:00,13.03
2017-01-03T19:35:50+00:00,12.39
2017-01-03T19:37:26+00:00,11.33
2017-01-03T19:39:14+00:00,12.2
2017-01-03T19:40:52+00:00,13.44
2017-01-03T19:42:28+00:00,13.58
2017-01-03T19:44:15+00:00,13.87
2017-01-03T19:45:54+00:00,13.42
2017-01-03T19:47:27+00:00,13.96
2017-01-03T19:49:16+00:00,12.91
2017-01-03T19:50:57+00:00,13.17
2017-01-03T19:52:33+00:00,13.67
2017-01-03T19:54:25+00:00,15.7
2017-01-03T19:56:04+00:00,13.76
2017-01-03T19:57:40+00:00,13.4
2017-01-03T19:59:31+00:00,12.6
2017-01-03T20:01:07+00:00,13.09
2017-01-03T20:02:43+00:00,12.93
2017-01-03T20:04:34+00:00,12.45
2017-01-03T20:06:11+00:00,12.1
2017-01-03T20:07:49+00:00,12.77
2017-01-03T20:09:44+00:00,11.99
2017-01-03T20:11:22+00:00,10.89
2017-01-03T20:12:59+00:00,9.92
2017-01-03T20:14:50+00:00,11.5
2017-01-03T20:16:31+00:00,11.71
2017-01-03T20:18:08+00:00,11.23
2017-01-03T20:20:02+00:00,11.8
2017-01-03T20:21:37+00:00,12.52
2017-01-03T20:23:14+00:00,11.22
2017-01-03T20:25:08+00:00,11.38
2017-01-03T20:26:44+00:00,12.09
2017-01-03T20:28:24+00:00,12.27
2017-01-03T20:30:15+00:00,11.51
2017-01-03T20:31:52+00:00,11.38
2017-01-03T20:33:34+00:00,11.97
2017-01-03T20:35:23+00:00,11.93
2017-01-03T20:37:02+00:00,11.06
2017-01-03T20:38:44+00:00,11.45
2017-01-03T20:40:31+00:00,11.61
2017-01-03T20:42:07+00:00,13.62
2017-01-03T20:43:51+00:00,12.96
2017-01-03T20:45:35+00:00,12.61
2017-01-03T20:47:11+00:00,11.65
2017-01-03T20:49:20+00:00,12.07
2017-01-03T20:51:00+00:00,11.1
2017-01-03T20:52:37+00:00,10.82
2017-01-03T20:54:27+00:00,12.24
2017-01-03T20:56:03+00:00,12.33
2017-01-03T20:57:38+00:00,12.84
2017-01-03T20:59:28+00:00,12.62
2017-01-03T21:01:04+00:00,12.03
2017-01-03T21:02:41+00:00,12.6
2017-01-03T21:04:33+00:00,13.06
2017-01-03T21:06:08+00:00,12.24
2017-01-03T21:07:47+00:00,11.02
2017-01-03T21:09:41+00:00,11.52
2017-01-03T21:11:17+00:00,12.13
2017-01-03T21:12:54+00:00,11.44
2017-01-03T21:14:49+00:00,11.17
2017-01-03T21:16:28+00:00,11.48
2017-01-03T21:18:05+00:00,12.28
2017-01-03T21:19:57+00:00,11.35
2017-01-03T21:21:34+00:00,10.94
2017-01-03T21:23:12+00:00,11.77
2017-01-03T21:25:05+00:00,11.31
2017-01-03T21:26:40+00:00,11.57
2017-01-03T21:28:20+00:00,10.66
2017-01-03T21:30:08+00:00,10.68
2017-01-03T21:31:45+00:00,10.78
2017-01-03T21:33:25+00:00,12.43
2017-01-03T21:35:15+00:00,12.59
2017-01-03T21:36:52+00:00,12.39
2017-01-03T21:38:36+00:00,13.39
2017-01-03T21:40:23+00:00,14.33
2017-01-03T21:42:00+00:00,13.28
2017-01-03T21:43:43+00:00,12.08
2017-01-03T21:45:27+00:00,11.62
2017-01-03T21:47:03+00:00,12.18
2017-01-03T21:48:47+00:00,12.66
2017-01-03T21:50:33+00:00,11.7
2017-01-03T21:52:09+00:00,12.18
2017-01-03T21:53:57+00:00,11.56
2017-01-03T21:55:39+00:00,12.9
2017-01-03T21:57:14+00:00,12.91
2017-01-03T21:58:58+00:00,12.29
2017-01-03T22:00:42+00:00,12.03
2017-01-03T22:02:18+00:00,10.49
2017-01-03T22:04:05+00:00,10.89
2017-01-03T22:05:48+00:00,10.12
2017-01-03T22:07:26+00:00,9.78
2017-01-03T22:09:14+00:00,10.02
2017-01-03T22:10:56+00:00,11.43
2017-01-03T22:12:31+00:00,11.81
2017-01-03T22:14:24+00:00,10.88
2017-01-03T22:16:02+00:00,10.7
2017-01-03T22:17:38+00:00,11.59
2017-01-03T22:19:37+00:00,11.95
2017-01-03T22:21:12+00:00,12.3
2017-01-03T22:22:46+00:00,12.35
2017-01-03T22:24:38+00:00,12.06
2017-01-03T22:26:14+00:00,12.49
2017-01-03T22:27:49+00:00,11.38
2017-01-03T22:29:38+00:00,11.18
2017-01-03T22:31:14+00:00,11.36
2017-01-03T22:32:50+00:00,12.44
2017-01-03T22:34:41+00:00,13.53
2017-01-03T22:36:16+00:00,12.56
2017-01-03T22:37:51+00:00,11.76
2017-01-03T22:39:42+00:00,11.0
2017-01-03T22:41:18+00:00,12.59
2017-01-03T22:42:54+00:00,11.53
2017-01-03T22:44:46+00:00,10.4
2017-01-03T22:46:23+00:00,9.19
2017-01-03T22:47:57+00:00,10.39
2017-01-03T22:49:50+00:00,10.78
2017-01-03T22:51:27+00:00,9.87
2017-01-03T22:53:02+00:00,9.9
2017-01-03T22:54:52+00:00,9.9
2017-01-03T22:56:27+00:00,10.58
2017-01-03T22:58:03+00:00,9.44
2017-01-03T22:59:57+00:00,9.15
2017-01-03T23:01:33+00:00,9.73
2017-01-03T23:03:08+00:00,10.33
2017-01-03T23:04:59+00:00,10.1
2017-01-03T23:06:33+00:00,9.3
2017-01-03T23:08:10+00:00,8.56
2017-01-03T23:10:03+00:00,8.62
2017-01-03T23:11:38+00:00,9.13
2017-01-03T23:13:16+00:00,10.0
2017-01-03T23:15:07+00:00,9.02
2017-01-03T23:16:44+00:00,8.55
2017-01-03T23:18:25+00:00,8.06
2017-01-03T23:20:13+00:00,8.79
2017-01-03T23:21:49+00:00,9.0
2017-01-03T23:23:27+00:00,8.52
2017-01-03T23:25:17+00:00,11.8
2017-01-03T23:26:51+00:00,12.2
2017-01-03T23:28:32+00:00,11.96
2017-01-03T23:30:19+00:00,10.02
2017-01-03T23:31:54+00:00,9.43
2017-01-03T23:33:36+00:00,9.66
2017-01-03T23:35:25+00:00,11.9
2017-01-03T23:37:01+00:00,11.79
2017-01-03T23:39:07+00:00,10.74
2017-01-03T23:40:57+00:00,10.91
2017-01-03T23:42:32+00:00,11.82
2017-01-03T23:44:25+00:00,10.98
2017-01-03T23:46:03+00:00,12.15
2017-01-03T23:47:38+00:00,12.07
2017-01-03T23:49:29+00:00,12.71
2017-01-03T23:51:04+00:00,10.54
2017-01-03T23:52:41+00:00,10.73
2017-01-03T23:54:32+00:00,9.18
2017-01-03T23:56:07+00:00,10.49
2017-01-03T23:57:42+00:00,10.26
2017-01-03T23:59:34+00:00,8.69
2017-01-04T00:01:10+00:00,8.48
2017-01-04T00:02:47+00:00,9.92
2017-01-04T00:04:36+00:00,10.98
2017-01-04T00:06:12+00:00,10.0
2017-01-04T00:07:48+00:00,10.68
2017-01-04T00:09:42+00:00,11.26
2017-01-04T00:11:16+00:00,10.9
2017-01-04T00:12:52+00:00,8.66
2017-01-04T00:14:44+00:00,8.63
2017-01-04T00:16:20+00:00,9.43
2017-01-04T00:17:59+00:00,10.45
2017-01-04T00:19:50+00:00,10.64
2017-01-04T00:21:25+00:00,10.36
2017-01-04T00:23:01+00:00,10.27
2017-01-04T00:24:56+00:00,10.62
2017-01-04T00:26:30+00:00,9.96
2017-01-04T00:28:07+00:00,10.33
2017-01-04T00:29:58+00:00,10.5
2017-01-04T00:31:34+00:00,10.38
2017-01-04T00:33:10+00:00,9.56
2017-01-04T00:35:01+00:00,8.64
2017-01-04T00:36:36+00:00,8.55
2017-01-04T00:38:14+00:00,9.4
2017-01-04T00:40:07+00:00,8.47
2017-01-04T00:41:43+00:00,9.54
2017-01-04T00:43:21+00:00,9.48
2017-01-04T00:45:10+00:00,11.07
2017-01-04T00:46:45+00:00,9.28
2017-01-04T00:48:24+00:00,9.97
2017-01-04T00:50:14+00:00,10.23
2017-01-04T00:51:54+00:00,11.67
2017-01-04T00:53:37+00:00,10.09
2017-01-04T00:55:24+00:00,10.16
2017-01-04T00:57:00+00:00,10.65
2017-01-04T00:58:44+00:00,10.64
2017-01-04T01:00:28+00:00,9.61
2017-01-04T01:02:05+00:00,9.58
2017-01-04T01:03:47+00:00,9.65
2017-01-04T01:05:31+00:00,10.5
2017-01-04T01:07:05+00:00,10.11
2017-01-04T01:08:49+00:00,9.27
2017-01-04T01:10:34+00:00,10.14
2017-01-04T01:12:09+00:00,11.09
2017-01-04T01:13:51+00:00,12.21
2017-01-04T01:15:37+00:00,10.94
2017-01-04T01:17:13+00:00,9.62
2017-01-04T01:19:08+00:00,11.41
2017-01-04T01:20:49+00:00,10.64
2017-01-04T01:22:24+00:00,10.7
2017-01-04T01:24:11+00:00,11.28
2017-01-04T01:25:51+00:00,11.06
2017-01-04T01:27:27+00:00,10.2
2017-01-04T01:29:16+00:00,10.09
2017-01-04T01:30:54+00:00,11.7
2017-01-04T01:32:30+00:00,11.87
2017-01-04T01:34:20+00:00,11.07
2017-01-04T01:36:00+00:00,10.27
2017-01-04T01:37:34+00:00,12.14
2017-01-04T01:39:24+00:00,11.1
2017-01-04T01:41:01+00:00,9.29
2017-01-04T01:42:37+00:00,8.63
2017-01-04T01:44:31+00:00,9.39
2017-01-04T01:46:09+00:00,8.44
2017-01-04T01:47:46+00:00,7.81
2017-01-04T01:49:37+00:00,7.57
2017-01-04T01:51:11+00:00,9.71
2017-01-04T01:52:46+00:00,9.25
2017-01-04T01:54:38+00:00,8.04
2017-01-04T01:56:14+00:00,8.7
2017-01-04T01:57:51+00:00,9.6
2017-01-04T01:59:44+00:00,8.6
2017-01-04T02:02:01+00:00,8.47
2017-01-04T02:03:43+00:00,9.44
2017-01-04T02:05:30+00:00,11.05
2017-01-04T02:07:04+00:00,10.2
2017-01-04T02:08:48+00:00,12.63
2017-01-04T02:10:33+00:00,12.59
2017-01-04T02:12:07+00:00,12.49
2017-01-04T02:13:51+00:00,11.17
2017-01-04T02:15:33+00:00,11.9
2017-01-04T02:17:10+00:00,12.09
2017-01-04T02:18:52+00:00,11.87
2017-01-04T02:20:39+00:00,10.84
2017-01-04T02:22:14+00:00,10.77
2017-01-04T02:23:58+00:00,11.61
2017-01-04T02:25:40+00:00,9.83
2017-01-04T02:27:16+00:00,10.22
2017-01-04T02:29:01+00:00,11.46
2017-01-04T02:30:46+00:00,10.3
2017-01-04T02:32:24+00:00,10.1
2017-01-04T02:34:15+00:00,10.22
2017-01-04T02:35:56+00:00,10.08
2017-01-04T02:37:31+00:00,9.12
2017-01-04T02:39:26+00:00,8.27
2017-01-04T02:41:05+00:00,8.91
2017-01-04T02:42:39+00:00,9.33
2017-01-04T02:44:37+00:00,8.65
2017-01-04T02:46:13+00:00,8.52
2017-01-04T02:47:49+00:00,9.81
2017-01-04T02:49:41+00:00,10.26
2017-01-04T02:51:18+00:00,9.2
2017-01-04T02:52:54+00:00,9.32
2017-01-04T02:54:44+00:00,9.49
2017-01-04T02:56:19+00:00,9.56
2017-01-04T02:57:55+00:00,8.73
2017-01-04T02:59:47+00:00,9.78
2017-01-04T03:01:23+00:00,9.88
2017-01-04T03:03:01+00:00,8.9
2017-01-04T03:04:52+00:00,8.95
2017-01-04T03:06:28+00:00,9.61
2017-01-04T03:08:03+00:00,9.59
2017-01-04T03:09:55+00:00,9.54
2017-01-04T03:11:41+00:00,10.35
2017-01-04T03:13:20+00:00,11.15
2017-01-04T03:15:10+00:00,9.35
2017-01-04T03:16:46+00:00,9.79
2017-01-04T03:18:25+00:00,10.79
2017-01-04T03:20:17+00:00,10.72
2017-01-04T03:21:52+00:00,10.55
2017-01-04T03:23:31+00:00,11.39
2017-01-04T03:25:18+00:00,12.66
2017-01-04T03:26:52+00:00,12.83
2017-01-04T03:28:31+00:00,11.83
2017-01-04T03:30:19+00:00,11.98
2017-01-04T03:31:54+00:00,11.94
2017-01-04T03:33:34+00:00,11.62
2017-01-04T03:35:21+00:00,9.7
2017-01-04T03:36:56+00:00,10.7
2017-01-04T03:38:37+00:00,10.66
2017-01-04T03:40:22+00:00,8.83
2017-01-04T03:41:59+00:00,8.62
2017-01-04T03:43:39+00:00,8.56
2017-01-04T03:45:24+00:00,7.54
2017-01-04T03:46:57+00:00,7.47
2017-01-04T03:48:38+00:00,9.71
2017-01-04T03:50:25+00:00,10.18
2017-01-04T03:52:01+00:00,9.24
2017-01-04T03:53:43+00:00,9.69
2017-01-04T03:55:28+00:00,9.82
2017-01-04T03:57:03+00:00,10.27
2017-01-04T03:58:45+00:00,9.82
2017-01-04T04:00:34+00:00,10.21
2017-01-04T04:02:11+00:00,10.38
2017-01-04T04:03:53+00:00,9.46
2017-01-04T04:05:38+00:00,9.19
2017-01-04T04:07:14+00:00,9.97
2017-01-04T04:09:04+00:00,9.92
2017-01-04T04:11:07+00:00,10.05
2017-01-04T04:17:02+00:00,8.81
2017-01-04T04:18:50+00:00,9.99
2017-01-04T04:20:45+00:00,10.04
2017-01-04T04:22:37+00:00,9.3
2017-01-04T04:33:55+00:00,10.64
2017-01-04T04:35:52+00:00,9.95
2017-01-04T04:37:40+00:00,11.39
2017-01-04T04:40:00+00:00,10.4
2017-01-04T04:42:01+00:00,10.34
2017-01-04T04:53:10+00:00,11.52
2017-01-04T04:55:36+00:00,9.39
2017-01-04T04:57:36+00:00,8.84
2017-01-04T04:59:59+00:00,8.85
2017-01-04T06:02:10+00:00,10.74
2017-01-04T06:04:01+00:00,10.51
2017-01-04T06:05:48+00:00,11.09
2017-01-04T06:07:32+00:00,11.86
2017-01-04T06:09:09+00:00,10.92
2017-01-04T06:10:57+00:00,9.78
2017-01-04T06:12:38+00:00,10.77
2017-01-04T06:14:14+00:00,8.61
2017-01-04T06:16:05+00:00,7.39
2017-01-04T06:17:43+00:00,7.54
2017-01-04T06:19:19+00:00,8.16
2017-01-04T06:21:13+00:00,8.51
2017-01-04T06:22:48+00:00,8.31
2017-01-04T06:24:24+00:00,9.04
2017-01-04T06:26:17+00:00,9.1
2017-01-04T06:27:53+00:00,8.28
2017-01-04T06:29:27+00:00,8.44
2017-01-04T06:31:19+00:00,10.03
2017-01-04T06:32:54+00:00,10.19
2017-01-04T06:34:29+00:00,9.0
2017-01-04T06:36:22+00:00,9.7
2017-01-04T06:37:57+00:00,9.06
2017-01-04T06:39:31+00:00,8.7
2017-01-04T06:41:22+00:00,9.67
2017-01-04T06:42:57+00:00,10.59
2017-01-04T06:44:32+00:00,11.59
2017-01-04T06:46:26+00:00,10.5
2017-01-04T06:48:01+00:00,10.35
2017-01-04T06:49:37+00:00,11.47
2017-01-04T06:51:31+00:00,10.73
2017-01-04T06:53:06+00:00,10.62
2017-01-04T06:54:44+00:00,10.63
2017-01-04T06:56:36+00:00,11.97
2017-01-04T06:58:10+00:00,11.01
2017-01-04T06:59:47+00:00,10.83
2017-01-04T07:01:41+00:00,12.03
2017-01-04T07:03:17+00:00,11.33
2017-01-04T07:04:54+00:00,10.79
2017-01-04T07:06:46+00:00,10.68
2017-01-04T07:08:22+00:00,10.55
2017-01-04T07:10:01+00:00,9.24
2017-01-04T07:11:53+00:00,9.84
2017-01-04T07:13:27+00:00,10.79
2017-01-04T07:15:18+00:00,9.51
2017-01-04T07:17:06+00:00,9.22
2017-01-04T07:18:41+00:00,10.3
2017-01-04T07:20:24+00:00,10.2
2017-01-04T07:22:12+00:00,9.16
2017-01-04T07:23:47+00:00,9.15
2017-01-04T07:25:30+00:00,8.65
2017-01-04T07:27:15+00:00,8.05
2017-01-04T07:28:51+00:00,8.07
2017-01-04T07:30:35+00:00,9.53
2017-01-04T07:32:19+00:00,9.19
2017-01-04T07:33:54+00:00,8.15
2017-01-04T07:35:39+00:00,8.49
2017-01-04T07:37:23+00:00,10.58
2017-01-04T07:38:59+00:00,9.65
2017-01-04T07:40:47+00:00,9.45
2017-01-04T07:42:29+00:00,10.36
2017-01-04T07:44:05+00:00,10.35
2017-01-04T07:45:55+00:00,9.91
2017-01-04T07:47:36+00:00,10.03
2017-01-04T07:49:13+00:00,10.64
2017-01-04T07:51:07+00:00,11.51
2017-01-04T07:52:42+00:00,11.36
2017-01-04T07:54:18+00:00,12.77
2017-01-04T07:56:38+00:00,11.9
2017-01-04T07:58:13+00:00,10.5
2017-01-04T07:59:53+00:00,11.05
2017-01-04T08:01:48+00:00,11.2
2017-01-04T08:03:25+00:00,9.51
2017-01-04T08:05:06+00:00,8.66
2017-01-04T08:06:57+00:00,9.4
2017-01-04T08:08:36+00:00,9.42
2017-01-04T08:10:19+00:00,8.52
2017-01-04T08:12:08+00:00,11.11
2017-01-04T08:13:45+00:00,9.98
2017-01-04T08:15:31+00:00,8.27
2017-01-04T08:17:15+00:00,8.22
2017-01-04T08:18:52+00:00,9.07
2017-01-04T08:20:38+00:00,9.8
2017-01-04T08:22:19+00:00,8.7
2017-01-04T08:23:55+00:00,8.86
2017-01-04T08:25:39+00:00,9.1
2017-01-04T08:27:22+00:00,8.15
2017-01-04T08:28:57+00:00,9.03
2017-01-04T08:30:46+00:00,10.36
2017-01-04T08:32:30+00:00,11.7
2017-01-04T08:34:05+00:00,11.76
2017-01-04T08:35:53+00:00,11.09
2017-01-04T08:37:33+00:00,10.49
2017-01-04T08:39:07+00:00,9.6
2017-01-04T08:40:57+00:00,8.54
2017-01-04T08:42:37+00:00,9.22
2017-01-04T08:44:13+00:00,9.23
2017-01-04T08:46:04+00:00,9.1
2017-01-04T08:47:42+00:00,9.65
2017-01-04T08:49:18+00:00,10.97
2017-01-04T08:51:16+00:00,10.14
2017-01-04T08:52:51+00:00,10.34
2017-01-04T08:54:26+00:00,11.51
2017-01-04T08:56:20+00:00,11.25
2017-01-04T08:57:54+00:00,9.95
2017-01-04T08:59:32+00:00,9.6
2017-01-04T09:01:51+00:00,8.91
2017-01-04T09:03:28+00:00,8.17
2017-01-04T09:05:10+00:00,9.23
2017-01-04T09:06:59+00:00,10.05
2017-01-04T09:08:45+00:00,10.1
2017-01-04T09:10:28+00:00,9.23
2017-01-04T09:12:16+00:00,11.38
2017-01-04T09:13:53+00:00,11.45
2017-01-04T09:15:38+00:00,10.71
2017-01-04T09:17:23+00:00,8.68
2017-01-04T09:18:58+00:00,9.78
2017-01-04T09:20:43+00:00,9.2
2017-01-04T09:22:29+00:00,9.11
2017-01-04T09:24:04+00:00,10.04
2017-01-04T09:25:53+00:00,9.96
2017-01-04T09:27:35+00:00,10.84
2017-01-04T09:29:10+00:00,12.12
2017-01-04T09:30:59+00:00,10.76
2017-01-04T09:32:39+00:00,10.59
2017-01-04T09:34:15+00:00,10.42
2017-01-04T09:36:07+00:00,11.14
2017-01-04T09:37:44+00:00,10.3
2017-01-04T09:39:20+00:00,9.86
2017-01-04T09:41:11+00:00,10.31
2017-01-04T09:42:50+00:00,10.87
2017-01-04T09:44:25+00:00,10.1
2017-01-04T09:46:18+00:00,9.13
2017-01-04T09:47:54+00:00,9.96
2017-01-04T09:49:29+00:00,9.9
2017-01-04T09:51:22+00:00,9.23
2017-01-04T09:52:58+00:00,10.1
2017-01-04T09:54:33+00:00,9.92
2017-01-04T09:56:25+00:00,8.89
2017-01-04T09:58:00+00:00,7.25
2017-01-04T09:59:38+00:00,7.23
2017-01-04T10:01:32+00:00,8.93
2017-01-04T10:03:08+00:00,8.36
2017-01-04T10:04:46+00:00,8.94
2017-01-04T10:06:41+00:00,10.43
2017-01-04T10:08:19+00:00,10.58
2017-01-04T10:09:59+00:00,9.09
2017-01-04T10:11:51+00:00,9.04
2017-01-04T10:13:30+00:00,11.49
2017-01-04T10:15:13+00:00,10.4
2017-01-04T10:17:03+00:00,10.21
2017-01-04T10:18:40+00:00,10.54
2017-01-04T10:20:23+00:00,10.59
2017-01-04T10:22:09+00:00,10.25
2017-01-04T10:23:45+00:00,10.8
2017-01-04T10:25:30+00:00,11.32
2017-01-04T10:27:18+00:00,11.28
2017-01-04T10:28:55+00:00,10.24
2017-01-04T10:31:50+00:00,10.6
2017-01-04T10:34:22+00:00,10.49
2017-01-04T10:36:52+00:00,11.57
2017-01-04T10:39:10+00:00,9.63
2017-01-04T10:41:29+00:00,10.18
2017-01-04T10:43:38+00:00,10.94
2017-01-04T10:45:29+00:00,11.24
2017-01-04T10:47:22+00:00,9.24
2017-01-04T10:49:05+00:00,9.99
2017-01-04T10:51:03+00:00,9.2
2017-01-04T10:52:47+00:00,8.09
2017-01-04T10:54:25+00:00,9.17
2017-01-04T10:56:20+00:00,9.77
2017-01-04T10:57:58+00:00,9.22
2017-01-04T10:59:37+00:00,8.61
2017-01-04T11:01:33+00:00,9.94
2017-01-04T11:03:25+00:00,9.01
2017-01-04T11:05:15+00:00,8.5
2017-01-04T11:07:08+00:00,8.73
2017-01-04T11:08:51+00:00,9.6
2017-01-04T11:10:44+00:00,7.43
2017-01-04T11:12:35+00:00,7.29
2017-01-04T11:14:18+00:00,8.85
2017-01-04T11:16:14+00:00,8.86
2017-01-04T11:17:55+00:00,8.83
2017-01-04T11:19:34+00:00,10.88
2017-01-04T11:21:31+00:00,11.49
2017-01-04T11:23:08+00:00,11.36
2017-01-04T11:24:47+00:00,10.48
2017-01-04T11:26:43+00:00,11.67
2017-01-04T11:28:23+00:00,11.66
2017-01-04T11:30:08+00:00,10.52
2017-01-04T11:32:33+00:00,10.25
2017-01-04T11:34:38+00:00,11.74
2017-01-04T11:36:37+00:00,10.96
2017-01-04T11:38:18+00:00,10.52
2017-01-04T11:40:00+00:00,11.15
2017-01-04T11:41:54+00:00,11.09
2017-01-04T11:43:53+00:00,9.07
2017-01-04T11:45:42+00:00,8.96
2017-01-04T11:47:33+00:00,8.06
2017-01-04T11:49:13+00:00,7.45
2017-01-04T11:51:06+00:00,7.43
2017-01-04T11:52:55+00:00,9.14
2017-01-04T11:54:36+00:00,9.93
2017-01-04T11:56:33+00:00,10.04
2017-01-04T11:58:14+00:00,9.94
2017-01-04T12:00:00+00:00,10.4
2017-01-04T12:01:53+00:00,10.02
2017-01-04T12:03:43+00:00,9.14
2017-01-04T12:05:29+00:00,10.21
2017-01-04T12:07:26+00:00,9.89
2017-01-04T12:09:12+00:00,9.08
2017-01-04T12:11:10+00:00,10.09
2017-01-04T12:13:12+00:00,10.58
2017-01-04T12:14:58+00:00,10.77
2017-01-04T12:16:57+00:00,10.73
2017-01-04T12:18:39+00:00,10.25
2017-01-04T12:20:28+00:00,11.43
2017-01-04T12:22:28+00:00,10.23
2017-01-04T12:24:08+00:00,10.16
2017-01-04T12:25:57+00:00,9.7
2017-01-04T12:27:47+00:00,8.9
2017-01-04T12:29:27+00:00,8.84
2017-01-04T12:31:19+00:00,9.78
2017-01-04T12:32:58+00:00,10.96
2017-01-04T12:34:35+00:00,10.89
2017-01-04T12:36:30+00:00,10.81
2017-01-04T12:38:06+00:00,10.88
2017-01-04T12:39:43+00:00,11.1
2017-01-04T12:41:45+00:00,9.27
2017-01-04T12:43:20+00:00,9.39
2017-01-04T12:44:59+00:00,9.52
2017-01-04T12:46:51+00:00,9.19
2017-01-04T12:48:28+00:00,8.91
2017-01-04T12:50:10+00:00,10.05
2017-01-04T12:52:00+00:00,9.4
2017-01-04T12:53:38+00:00,8.1
2017-01-04T12:55:21+00:00,9.36
2017-01-04T12:57:11+00:00,9.66
2017-01-04T12:58:49+00:00,8.94
2017-01-04T13:01:28+00:00,6.99
2017-01-04T13:03:04+00:00,7.92
2017-01-04T13:04:42+00:00,7.97
2017-01-04T13:06:36+00:00,7.41
2017-01-04T13:08:13+00:00,7.41
2017-01-04T13:09:49+00:00,10.48
2017-01-04T13:11:40+00:00,12.68
2017-01-04T13:13:14+00:00,12.6
2017-01-04T13:14:50+00:00,12.36
2017-01-04T13:16:42+00:00,15.97
2017-01-04T13:18:17+00:00,15.79
2017-01-04T13:19:55+00:00,13.74
2017-01-04T13:21:47+00:00,13.72
2017-01-04T13:23:21+00:00,14.65
2017-01-04T13:24:58+00:00,14.87
2017-01-04T13:26:48+00:00,14.01
2017-01-04T13:28:24+00:00,14.56
2017-01-04T13:30:02+00:00,14.52
2017-01-04T13:31:52+00:00,13.72
2017-01-04T13:33:26+00:00,13.56
2017-01-04T13:35:06+00:00,13.99
2017-01-04T13:36:55+00:00,14.72
2017-01-04T13:38:30+00:00,10.91
2017-01-04T13:40:10+00:00,10.92
2017-01-04T13:41:58+00:00,11.62
2017-01-04T13:43:33+00:00,12.11
2017-01-04T13:45:13+00:00,10.44
2017-01-04T13:46:59+00:00,11.62
2017-01-04T13:48:33+00:00,13.59
2017-01-04T13:50:14+00:00,12.2
2017-01-04T13:52:00+00:00,11.27
2017-01-04T13:53:36+00:00,11.82
2017-01-04T13:55:16+00:00,12.45
2017-01-04T13:57:04+00:00,13.13
2017-01-04T13:58:38+00:00,12.07
2017-01-04T14:00:20+00:00,12.27
2017-01-04T14:02:08+00:00,12.18
2017-01-04T14:03:44+00:00,13.24
2017-01-04T14:05:24+00:00,13.57
2017-01-04T14:07:12+00:00,12.98
2017-01-04T14:08:46+00:00,14.38
2017-01-04T14:10:29+00:00,14.33
2017-01-04T14:12:12+00:00,13.29
2017-01-04T14:13:46+00:00,13.4
2017-01-04T14:15:29+00:00,12.96
2017-01-04T14:17:14+00:00,13.93
2017-01-04T14:18:48+00:00,12.65
2017-01-04T14:20:30+00:00,13.6
2017-01-04T14:22:15+00:00,13.68
2017-01-04T14:23:49+00:00,14.65
2017-01-04T14:25:31+00:00,13.96
2017-01-04T14:27:17+00:00,14.26
2017-01-04T14:28:50+00:00,14.46
2017-01-04T14:30:32+00:00,14.54
2017-01-04T14:32:15+00:00,14.76
2017-01-04T14:33:51+00:00,14.29
2017-01-04T14:35:34+00:00,15.42
2017-01-04T14:37:17+00:00,14.23
2017-01-04T14:38:51+00:00,14.83
2017-01-04T14:40:34+00:00,15.49
2017-01-04T14:42:16+00:00,14.17
2017-01-04T14:43:52+00:00,13.96
2017-01-04T14:45:36+00:00,14.99
2017-01-04T14:47:20+00:00,14.83
2017-01-04T14:48:56+00:00,14.11
2017-01-04T14:50:41+00:00,14.59
2017-01-04T14:52:23+00:00,14.34
2017-01-04T14:53:56+00:00,14.29
2017-01-04T14:55:40+00:00,13.02
2017-01-04T14:57:23+00:00,14.51
2017-01-04T14:58:57+00:00,15.29
2017-01-04T15:00:44+00:00,16.25
2017-01-04T15:02:26+00:00,18.87
2017-01-04T15:04:01+00:00,17.02
2017-01-04T15:05:48+00:00,24.33
2017-01-04T15:07:31+00:00,15.44
2017-01-04T15:09:07+00:00,15.14
2017-01-04T15:10:54+00:00,16.32
2017-01-04T15:12:34+00:00,15.45
2017-01-04T15:14:12+00:00,15.81
2017-01-04T15:16:02+00:00,16.02
2017-01-04T15:17:43+00:00,15.86
2017-01-04T15:19:18+00:00,15.68
2017-01-04T15:21:09+00:00,15.47
2017-01-04T15:22:46+00:00,15.96
2017-01-04T15:24:21+00:00,15.13
2017-01-04T15:26:13+00:00,14.85
2017-01-04T15:27:49+00:00,16.01
2017-01-04T15:29:24+00:00,17.31
2017-01-04T15:31:17+00:00,17.32
2017-01-04T15:32:52+00:00,16.23
2017-01-04T15:34:28+00:00,15.91
2017-01-04T15:36:22+00:00,15.57
2017-01-04T15:37:57+00:00,15.11
2017-01-04T15:39:33+00:00,15.0
2017-01-04T15:41:26+00:00,16.15
2017-01-04T15:43:02+00:00,15.94
2017-01-04T15:44:39+00:00,15.26
2017-01-04T15:46:44+00:00,15.4
2017-01-04T15:48:19+00:00,16.09
2017-01-04T15:49:56+00:00,16.47
2017-01-04T15:51:49+00:00,15.89
2017-01-04T15:53:25+00:00,17.38
2017-01-04T15:55:03+00:00,16.67
2017-01-04T15:56:52+00:00,16.44
2017-01-04T15:58:28+00:00,17.1
2017-01-04T16:00:07+00:00,18.11
2017-01-04T16:01:59+00:00,17.28
2017-01-04T16:03:37+00:00,16.25
2017-01-04T16:05:20+00:00,16.74
2017-01-04T16:07:07+00:00,16.42
2017-01-04T16:08:43+00:00,15.45
2017-01-04T16:10:26+00:00,16.54
2017-01-04T16:12:13+00:00,16.69
2017-01-04T16:13:54+00:00,16.03
2017-01-04T16:15:39+00:00,16.18
2017-01-04T16:17:24+00:00,15.67
2017-01-04T16:19:03+00:00,17.46
2017-01-04T16:20:51+00:00,18.93
2017-01-04T16:22:34+00:00,19.3
2017-01-04T16:24:10+00:00,18.38
2017-01-04T16:25:59+00:00,17.25
2017-01-04T16:27:40+00:00,16.28
2017-01-04T16:29:19+00:00,15.03
2017-01-04T16:31:12+00:00,15.4
2017-01-04T16:32:49+00:00,14.72
2017-01-04T16:34:26+00:00,13.97
2017-01-04T16:36:19+00:00,14.56
2017-01-04T16:37:54+00:00,14.93
2017-01-04T16:39:34+00:00,17.7
2017-01-04T16:41:27+00:00,18.52
2017-01-04T16:43:03+00:00,19.01
2017-01-04T16:44:40+00:00,18.01
2017-01-04T16:46:34+00:00,17.22
2017-01-04T16:48:11+00:00,19.0
2017-01-04T16:49:53+00:00,20.95
2017-01-04T16:51:45+00:00,19.91
2017-01-04T16:53:21+00:00,20.04
2017-01-04T16:54:58+00:00,19.2
2017-01-04T16:56:59+00:00,20.62
2017-01-04T16:58:35+00:00,18.97
2017-01-04T17:00:17+00:00,20.46
2017-01-04T17:02:07+00:00,19.12
2017-01-04T17:03:43+00:00,19.25
2017-01-04T17:05:26+00:00,17.76
2017-01-04T17:07:13+00:00,17.77
2017-01-04T17:08:49+00:00,17.84
2017-01-04T17:10:33+00:00,18.19
2017-01-04T17:12:28+00:00,16.23
2017-01-04T17:14:06+00:00,16.38
2017-01-04T17:15:52+00:00,17.68
2017-01-04T17:18:01+00:00,17.91
2017-01-04T17:19:37+00:00,16.62
2017-01-04T17:21:30+00:00,15.48
2017-01-04T17:23:08+00:00,16.58
2017-01-04T17:24:45+00:00,14.48
2017-01-04T17:26:36+00:00,14.84
2017-01-04T17:28:13+00:00,17.01
2017-01-04T17:29:51+00:00,17.52
2017-01-04T17:31:43+00:00,16.62
2017-01-04T17:33:20+00:00,15.24
2017-01-04T17:34:57+00:00,17.29
2017-01-04T17:36:51+00:00,17.32
2017-01-04T17:38:27+00:00,16.77
2017-01-04T17:40:07+00:00,16.39
2017-01-04T17:41:59+00:00,16.24
2017-01-04T17:43:35+00:00,15.84
2017-01-04T17:45:15+00:00,15.75
2017-01-04T17:47:05+00:00,16.88
2017-01-04T17:48:42+00:00,16.09
2017-01-04T17:50:31+00:00,16.82
2017-01-04T17:52:18+00:00,18.74
2017-01-04T17:53:53+00:00,18.65
2017-01-04T17:55:41+00:00,16.04
2017-01-04T17:57:24+00:00,16.66
2017-01-04T17:59:00+00:00,17.6
2017-01-04T18:00:47+00:00,16.49
2017-01-04T18:02:32+00:00,16.84
2017-01-04T18:04:08+00:00,18.03
2017-01-04T18:05:55+00:00,18.24
2017-01-04T18:07:40+00:00,18.0
2017-01-04T18:09:18+00:00,18.9
2017-01-04T18:11:09+00:00,19.15
2017-01-04T18:12:48+00:00,18.93
2017-01-04T18:14:26+00:00,16.94
2017-01-04T18:16:20+00:00,17.06
2017-01-04T18:17:59+00:00,17.7
2017-01-04T18:19:36+00:00,16.7
2017-01-04T18:21:30+00:00,16.05
2017-01-04T18:23:06+00:00,16.03
2017-01-04T18:24:43+00:00,17.89
2017-01-04T18:26:36+00:00,17.76
2017-01-04T18:28:11+00:00,18.25
2017-01-04T18:29:49+00:00,19.06
2017-01-04T18:31:41+00:00,18.01
2017-01-04T18:33:17+00:00,16.28
2017-01-04T18:34:55+00:00,17.03
2017-01-04T18:36:48+00:00,18.74
2017-01-04T18:38:23+00:00,18.79
2017-01-04T18:40:02+00:00,17.3
2017-01-04T18:41:54+00:00,17.3
2017-01-04T18:43:31+00:00,18.89
2017-01-04T18:45:14+00:00,18.92
2017-01-04T18:47:01+00:00,19.14
2017-01-04T18:48:38+00:00,19.32
2017-01-04T18:50:19+00:00,19.58
2017-01-04T18:52:09+00:00,17.53
2017-01-04T18:53:47+00:00,17.36
2017-01-04T18:55:33+00:00,18.55
2017-01-04T18:57:19+00:00,19.63
2017-01-04T18:58:55+00:00,17.65
2017-01-04T19:00:40+00:00,29.19
2017-01-04T19:02:25+00:00,22.16
2017-01-04T19:04:03+00:00,22.18
2017-01-04T19:05:52+00:00,22.67
2017-01-04T19:07:41+00:00,17.86
2017-01-04T19:09:17+00:00,19.75
2017-01-04T19:11:19+00:00,20.43
2017-01-04T19:12:58+00:00,19.59
2017-01-04T19:14:33+00:00,19.67
2017-01-04T19:16:28+00:00,19.68
2017-01-04T19:18:04+00:00,20.73
2017-01-04T19:19:42+00:00,20.83
2017-01-04T19:21:36+00:00,20.44
2017-01-04T19:23:13+00:00,20.65
2017-01-04T19:24:51+00:00,22.18
2017-01-04T19:26:42+00:00,20.66
2017-01-04T19:28:28+00:00,20.24
2017-01-04T19:30:10+00:00,20.15
2017-01-04T19:31:59+00:00,20.22
2017-01-04T19:33:34+00:00,22.18
2017-01-04T19:35:17+00:00,18.5
2017-01-04T19:37:04+00:00,19.06
2017-01-04T19:38:39+00:00,19.54
2017-01-04T19:40:24+00:00,20.48
2017-01-04T19:42:13+00:00,19.85
2017-01-04T19:43:49+00:00,19.73
2017-01-04T19:45:35+00:00,20.23
2017-01-04T19:47:22+00:00,19.01
2017-01-04T19:48:58+00:00,20.19
2017-01-04T19:50:43+00:00,19.94
2017-01-04T19:52:29+00:00,20.88
2017-01-04T19:54:03+00:00,20.1
2017-01-04T19:55:48+00:00,20.65
2017-01-04T19:57:32+00:00,21.32
2017-01-04T19:59:07+00:00,21.68
2017-01-04T20:01:02+00:00,20.33
2017-01-04T20:02:42+00:00,20.03
2017-01-04T20:04:20+00:00,19.16
2017-01-04T20:06:13+00:00,21.03
2017-01-04T20:07:49+00:00,21.73
2017-01-04T20:09:25+00:00,19.43
2017-01-04T20:11:17+00:00,17.05
2017-01-04T20:12:55+00:00,18.78
2017-01-04T20:14:31+00:00,22.28
2017-01-04T20:16:26+00:00,18.68
2017-01-04T20:18:03+00:00,17.77
2017-01-04T20:19:40+00:00,19.62
2017-01-04T20:21:34+00:00,19.39
2017-01-04T20:23:10+00:00,18.4
2017-01-04T20:24:48+00:00,17.08
2017-01-04T20:26:40+00:00,17.68
2017-01-04T20:28:15+00:00,17.57
2017-01-04T20:29:55+00:00,16.23
2017-01-04T20:31:48+00:00,17.08
2017-01-04T20:33:25+00:00,18.2
2017-01-04T20:35:04+00:00,17.11
2017-01-04T20:36:53+00:00,17.03
2017-01-04T20:38:29+00:00,16.08
2017-01-04T20:40:10+00:00,16.93
2017-01-04T20:42:01+00:00,16.3
2017-01-04T20:43:37+00:00,16.3
2017-01-04T20:45:19+00:00,17.36
2017-01-04T20:47:07+00:00,17.41
2017-01-04T20:48:43+00:00,17.33
2017-01-04T20:50:26+00:00,17.22
2017-01-04T20:52:15+00:00,17.97
2017-01-04T20:53:52+00:00,17.71
2017-01-04T20:55:40+00:00,20.17
2017-01-04T20:57:24+00:00,17.69
2017-01-04T20:59:01+00:00,15.86
2017-01-04T21:00:50+00:00,15.48
2017-01-04T21:02:32+00:00,16.5
2017-01-04T21:04:09+00:00,17.44
2017-01-04T21:05:57+00:00,18.22
2017-01-04T21:07:37+00:00,17.28
2017-01-04T21:09:13+00:00,17.84
2017-01-04T21:11:04+00:00,17.41
2017-01-04T21:12:45+00:00,18.13
2017-01-04T21:14:22+00:00,19.56
2017-01-04T21:16:17+00:00,19.0
2017-01-04T21:17:54+00:00,17.77
2017-01-04T21:19:32+00:00,16.67
2017-01-04T21:21:26+00:00,15.46
2017-01-04T21:23:03+00:00,15.73
2017-01-04T21:24:41+00:00,16.14
2017-01-04T21:26:34+00:00,15.57
2017-01-04T21:28:13+00:00,16.71
2017-01-04T21:29:53+00:00,16.91
2017-01-04T21:31:47+00:00,16.22
2017-01-04T21:33:23+00:00,15.98
2017-01-04T21:35:06+00:00,14.27
2017-01-04T21:36:57+00:00,13.96
2017-01-04T21:38:33+00:00,14.41
2017-01-04T21:40:26+00:00,16.12
2017-01-04T21:42:15+00:00,17.03
2017-01-04T21:43:51+00:00,17.3
2017-01-04T21:45:41+00:00,19.04
2017-01-04T21:47:25+00:00,17.88
2017-01-04T21:49:00+00:00,18.18
2017-01-04T21:50:46+00:00,18.4
2017-01-04T21:52:27+00:00,19.14
2017-01-04T21:54:05+00:00,17.38
2017-01-04T21:55:53+00:00,17.25
2017-01-04T21:57:35+00:00,19.41
2017-01-04T21:59:12+00:00,18.04
2017-01-04T22:01:02+00:00,17.43
2017-01-04T22:02:43+00:00,16.07
2017-01-04T22:04:20+00:00,15.85
2017-01-04T22:06:10+00:00,17.47
2017-01-04T22:07:49+00:00,17.37
2017-01-04T22:09:25+00:00,16.33
2017-01-04T22:11:20+00:00,15.26
2017-01-04T22:12:57+00:00,14.05
2017-01-04T22:14:34+00:00,14.53
2017-01-04T22:16:27+00:00,13.67
2017-01-04T22:18:05+00:00,13.77
2017-01-04T22:19:42+00:00,13.76
2017-01-04T22:21:35+00:00,14.23
2017-01-04T22:23:12+00:00,14.9
2017-01-04T22:24:50+00:00,15.16
2017-01-04T22:26:41+00:00,14.75
2017-01-04T22:28:18+00:00,15.36
2017-01-04T22:30:00+00:00,14.77
2017-01-04T22:31:50+00:00,15.63
2017-01-04T22:33:25+00:00,16.13
2017-01-04T22:35:05+00:00,14.87
2017-01-04T22:36:57+00:00,15.67
2017-01-04T22:38:33+00:00,17.09
2017-01-04T22:40:15+00:00,17.47
2017-01-04T22:42:06+00:00,18.09
2017-01-04T22:43:43+00:00,16.53
2017-01-04T22:45:28+00:00,14.59
2017-01-04T22:47:15+00:00,15.26
2017-01-04T22:48:53+00:00,15.54
2017-01-04T22:50:37+00:00,15.7
2017-01-04T22:52:24+00:00,15.81
2017-01-04T22:54:02+00:00,15.51
2017-01-04T22:55:48+00:00,17.03
2017-01-04T22:57:33+00:00,18.17
2017-01-04T22:59:08+00:00,18.34
2017-01-04T23:00:58+00:00,17.48
2017-01-04T23:02:38+00:00,16.03
2017-01-04T23:04:15+00:00,16.14
2017-01-04T23:06:05+00:00,18.07
2017-01-04T23:07:45+00:00,17.24
2017-01-04T23:09:24+00:00,16.11
2017-01-04T23:11:17+00:00,15.03
2017-01-04T23:12:52+00:00,14.87
2017-01-04T23:14:27+00:00,15.89
2017-01-04T23:16:18+00:00,16.33
2017-01-04T23:17:55+00:00,15.24
2017-01-04T23:19:31+00:00,14.37
2017-01-04T23:21:22+00:00,14.47
2017-01-04T23:22:57+00:00,15.35
2017-01-04T23:24:36+00:00,15.52
2017-01-04T23:26:28+00:00,16.23
2017-01-04T23:28:04+00:00,14.42
2017-01-04T23:29:42+00:00,15.31
2017-01-04T23:31:35+00:00,15.62
2017-01-04T23:33:12+00:00,16.99
2017-01-04T23:34:48+00:00,17.68
2017-01-04T23:36:40+00:00,16.52
2017-01-04T23:38:14+00:00,17.29
2017-01-04T23:39:51+00:00,16.81
2017-01-04T23:41:43+00:00,16.02
2017-01-04T23:43:21+00:00,16.73
2017-01-04T23:44:59+00:00,16.6
2017-01-04T23:46:50+00:00,18.96
2017-01-04T23:48:25+00:00,19.38
2017-01-04T23:50:03+00:00,19.22
2017-01-04T23:51:53+00:00,18.55
2017-01-04T23:53:29+00:00,17.11
2017-01-04T23:55:07+00:00,16.65
2017-01-04T23:56:58+00:00,16.22
2017-01-04T23:58:33+00:00,15.66
2017-01-05T00:00:13+00:00,16.8
2017-01-05T00:02:04+00:00,17.22
2017-01-05T00:03:40+00:00,15.31
2017-01-05T00:05:23+00:00,15.99
2017-01-05T00:07:10+00:00,14.86
2017-01-05T00:08:47+00:00,15.53
2017-01-05T00:10:30+00:00,14.99
2017-01-05T00:12:16+00:00,14.0
2017-01-05T00:13:52+00:00,14.71
2017-01-05T00:15:39+00:00,14.92
2017-01-05T00:17:23+00:00,15.15
2017-01-05T00:19:00+00:00,12.44
2017-01-05T00:20:48+00:00,12.61
2017-01-05T00:22:30+00:00,12.42
2017-01-05T00:24:08+00:00,13.96
2017-01-05T00:25:56+00:00,13.31
2017-01-05T00:27:36+00:00,14.22
2017-01-05T00:29:11+00:00,14.48
2017-01-05T00:30:58+00:00,13.94
2017-01-05T00:33:00+00:00,14.19
2017-01-05T00:34:36+00:00,15.09
2017-01-05T00:36:31+00:00,13.91
2017-01-05T00:38:08+00:00,14.49
2017-01-05T00:39:43+00:00,15.04
2017-01-05T00:41:36+00:00,15.16
2017-01-05T00:43:17+00:00,16.18
2017-01-05T00:44:55+00:00,16.03
2017-01-05T00:46:46+00:00,16.05
2017-01-05T00:48:21+00:00,15.77
2017-01-05T00:50:01+00:00,16.49
2017-01-05T00:51:55+00:00,15.99
2017-01-05T00:53:32+00:00,14.37
2017-01-05T00:55:13+00:00,14.34
2017-01-05T00:57:02+00:00,14.56
2017-01-05T00:58:35+00:00,12.19
2017-01-05T01:00:18+00:00,11.31
2017-01-05T01:02:06+00:00,11.63
2017-01-05T01:03:41+00:00,12.2
2017-01-05T01:05:24+00:00,11.81
2017-01-05T01:07:08+00:00,10.63
2017-01-05T01:08:44+00:00,9.64
2017-01-05T01:10:25+00:00,9.66
2017-01-05T01:12:12+00:00,10.51
2017-01-05T01:13:49+00:00,10.41
2017-01-05T01:15:34+00:00,10.22
2017-01-05T01:17:18+00:00,10.8
2017-01-05T01:18:54+00:00,10.67
2017-01-05T01:20:50+00:00,10.73
2017-01-05T01:22:30+00:00,12.17
2017-01-05T01:24:05+00:00,12.61
2017-01-05T01:26:05+00:00,11.42
2017-01-05T01:27:44+00:00,10.81
2017-01-05T01:29:20+00:00,9.56
2017-01-05T01:31:11+00:00,10.21
2017-01-05T01:32:48+00:00,10.36
2017-01-05T01:34:23+00:00,9.32
2017-01-05T01:36:14+00:00,9.39
2017-01-05T01:37:48+00:00,11.45
2017-01-05T01:39:22+00:00,12.45
2017-01-05T01:41:11+00:00,11.59
2017-01-05T01:42:47+00:00,10.79
2017-01-05T01:44:24+00:00,11.17
2017-01-05T01:46:18+00:00,11.37
2017-01-05T01:47:54+00:00,10.85
2017-01-05T01:49:34+00:00,10.6
2017-01-05T01:51:26+00:00,11.02
2017-01-05T01:52:59+00:00,10.31
2017-01-05T01:54:34+00:00,9.28
2017-01-05T01:56:24+00:00,9.18
