2017-01-01T00:00:09+00:00,0.0
2017-01-01T00:01:44+00:00,0.0
2017-01-01T00:03:31+00:00,0.0
2017-01-01T00:05:15+00:00,0.0
2017-01-01T00:06:53+00:00,0.0
2017-01-01T00:08:43+00:00,0.0
2017-01-01T00:10:22+00:00,0.0
2017-01-01T00:11:58+00:00,0.0
2017-01-01T00:13:45+00:00,0.0
2017-01-01T00:15:25+00:00,0.0
2017-01-01T00:17:00+00:00,0.0
2017-01-01T00:18:50+00:00,0.0
2017-01-01T00:20:28+00:00,0.0
2017-01-01T00:22:05+00:00,0.0
2017-01-01T00:23:56+00:00,0.0
2017-01-01T00:25:34+00:00,0.0
2017-01-01T00:27:08+00:00,0.0
2017-01-01T00:28:58+00:00,0.0
2017-01-01T00:30:36+00:00,0.0
2017-01-01T00:32:13+00:00,0.0
2017-01-01T00:34:04+00:00,0.0
2017-01-01T00:35:42+00:00,0.0
2017-01-01T00:37:20+00:00,0.0
2017-01-01T00:39:10+00:00,0.0
2017-01-01T00:40:45+00:00,0.0
2017-01-01T00:42:20+00:00,0.0
2017-01-01T00:44:10+00:00,0.0
2017-01-01T00:45:47+00:00,0.0
2017-01-01T00:47:22+00:00,0.0
2017-01-01T00:49:18+00:00,0.0
2017-01-01T00:50:52+00:00,0.0
2017-01-01T00:52:47+00:00,0.0
2017-01-01T00:54:40+00:00,0.0
2017-01-01T00:56:15+00:00,0.0
2017-01-01T00:57:54+00:00,0.0
2017-01-01T00:59:42+00:00,0.0
2017-01-01T01:01:17+00:00,0.0
2017-01-01T01:02:54+00:00,0.0
2017-01-01T01:04:45+00:00,0.0
2017-01-01T01:06:20+00:00,0.0
2017-01-01T01:08:03+00:00,0.0
2017-01-01T01:09:51+00:00,0.0
2017-01-01T01:11:25+00:00,0.0
2017-01-01T01:13:07+00:00,0.0
2017-01-01T01:14:53+00:00,0.0
2017-01-01T01:16:29+00:00,0.0
2017-01-01T01:18:13+00:00,0.0
2017-01-01T01:19:58+00:00,0.0
2017-01-01T01:21:32+00:00,0.0
2017-01-01T01:23:13+00:00,0.0
2017-01-01T01:24:59+00:00,0.0
2017-01-01T01:26:35+00:00,0.0
2017-01-01T01:28:21+00:00,0.0
2017-01-01T01:30:07+00:00,0.0
2017-01-01T01:31:43+00:00,0.0
2017-01-01T01:33:25+00:00,0.0
2017-01-01T01:35:29+00:00,0.0
2017-01-01T01:37:05+00:00,0.0
2017-01-01T01:38:59+00:00,0.0
2017-01-01T01:40:36+00:00,0.0
2017-01-01T01:42:11+00:00,0.0
2017-01-01T01:44:13+00:00,0.0
2017-01-01T01:45:49+00:00,0.0
2017-01-01T01:47:43+00:00,0.0
2017-01-01T01:49:34+00:00,0.0
2017-01-01T01:51:10+00:00,0.0
2017-01-01T01:52:48+00:00,0.0
2017-01-01T01:54:41+00:00,0.0
2017-01-01T01:56:18+00:00,0.0
2017-01-01T01:57:59+00:00,0.0
2017-01-01T01:59:49+00:00,0.0
2017-01-01T02:01:25+00:00,0.0
2017-01-01T02:03:07+00:00,0.0
2017-01-01T02:04:59+00:00,0.0
2017-01-01T02:06:34+00:00,0.0
2017-01-01T02:08:16+00:00,0.0
2017-01-01T02:10:06+00:00,0.0
2017-01-01T02:11:42+00:00,0.0
2017-01-01T02:13:25+00:00,0.0
2017-01-01T02:15:22+00:00,0.0
2017-01-01T02:16:58+00:00,0.0
2017-01-01T02:18:48+00:00,0.0
2017-01-01T02:20:28+00:00,0.0
2017-01-01T02:22:03+00:00,0.0
2017-01-01T02:23:52+00:00,0.0
2017-01-01T02:25:30+00:00,0.0
2017-01-01T02:27:05+00:00,0.0
2017-01-01T02:29:21+00:00,0.0
2017-01-01T02:30:58+00:00,0.0
2017-01-01T02:32:35+00:00,0.0
2017-01-01T02:34:24+00:00,0.0
2017-01-01T02:35:59+00:00,0.0
2017-01-01T02:37:34+00:00,0.0
2017-01-01T02:39:26+00:00,0.0
2017-01-01T02:41:02+00:00,0.0
2017-01-01T02:42:39+00:00,0.0
2017-01-01T02:44:33+00:00,0.0
2017-01-01T02:46:09+00:00,0.0
2017-01-01T02:47:46+00:00,0.0
2017-01-01T02:49:36+00:00,0.0
2017-01-01T02:51:11+00:00,0.0
2017-01-01T02:52:51+00:00,0.0
2017-01-01T02:54:42+00:00,0.0
2017-01-01T02:56:18+00:00,0.0
2017-01-01T02:57:57+00:00,0.0
2017-01-01T02:59:50+00:00,0.0
2017-01-01T03:01:26+00:00,0.0
2017-01-01T03:03:06+00:00,0.0
2017-01-01T03:04:56+00:00,0.0
2017-01-01T03:06:31+00:00,0.0
2017-01-01T03:08:20+00:00,0.0
2017-01-01T03:10:09+00:00,0.0
2017-01-01T03:11:45+00:00,0.0
2017-01-01T03:13:28+00:00,0.0
2017-01-01T03:15:17+00:00,0.0
2017-01-01T03:16:53+00:00,0.0
2017-01-01T03:18:51+00:00,0.0
2017-01-01T03:20:30+00:00,0.0
2017-01-01T03:22:06+00:00,0.0
2017-01-01T03:23:56+00:00,0.0
2017-01-01T03:25:33+00:00,0.0
2017-01-01T03:27:07+00:00,0.0
2017-01-01T03:28:57+00:00,0.0
2017-01-01T03:30:35+00:00,0.0
2017-01-01T03:32:08+00:00,0.0
2017-01-01T03:34:00+00:00,0.0
2017-01-01T03:35:36+00:00,0.0
2017-01-01T03:37:13+00:00,0.0
2017-01-01T03:39:07+00:00,0.0
2017-01-01T03:40:42+00:00,0.0
2017-01-01T03:42:16+00:00,0.0
2017-01-01T03:44:09+00:00,0.0
2017-01-01T03:45:44+00:00,0.0
2017-01-01T03:47:20+00:00,0.0
2017-01-01T03:49:12+00:00,0.0
2017-01-01T03:50:49+00:00,0.0
2017-01-01T03:52:26+00:00,0.0
2017-01-01T03:54:19+00:00,0.0
2017-01-01T03:55:52+00:00,0.0
2017-01-01T03:57:28+00:00,0.0
2017-01-01T03:59:19+00:00,0.0
2017-01-01T04:00:54+00:00,0.0
2017-01-01T04:02:31+00:00,0.0
2017-01-01T04:04:24+00:00,0.0
2017-01-01T04:05:59+00:00,0.0
2017-01-01T04:07:37+00:00,0.0
2017-01-01T04:09:30+00:00,0.0
2017-01-01T04:11:06+00:00,0.0
2017-01-01T04:12:43+00:00,0.0
2017-01-01T04:14:37+00:00,0.0
2017-01-01T04:16:13+00:00,0.0
2017-01-01T04:17:51+00:00,0.0
2017-01-01T04:19:42+00:00,0.0
2017-01-01T04:21:16+00:00,0.0
2017-01-01T04:22:54+00:00,0.0
2017-01-01T04:24:47+00:00,0.0
2017-01-01T04:26:25+00:00,0.0
2017-01-01T04:28:07+00:00,0.0
2017-01-01T04:29:55+00:00,0.0
2017-01-01T04:31:31+00:00,0.0
2017-01-01T04:33:13+00:00,0.0
2017-01-01T04:35:00+00:00,0.0
2017-01-01T04:36:34+00:00,0.0
2017-01-01T04:38:15+00:00,0.0
2017-01-01T04:40:02+00:00,0.0
2017-01-01T04:41:37+00:00,0.0
2017-01-01T04:43:18+00:00,0.0
2017-01-01T04:45:02+00:00,0.0
2017-01-01T04:46:39+00:00,0.0
2017-01-01T04:48:21+00:00,0.0
2017-01-01T04:50:06+00:00,0.0
2017-01-01T04:51:43+00:00,0.0
2017-01-01T04:53:30+00:00,0.0
2017-01-01T04:55:18+00:00,0.0
2017-01-01T04:57:07+00:00,0.0
2017-01-01T04:58:56+00:00,0.0
2017-01-01T05:00:36+00:00,0.0
2017-01-01T05:02:13+00:00,0.0
2017-01-01T05:04:06+00:00,0.0
2017-01-01T05:06:00+00:00,0.0
2017-01-01T05:07:38+00:00,0.0
2017-01-01T05:09:32+00:00,0.0
2017-01-01T05:11:12+00:00,0.0
2017-01-01T05:12:58+00:00,0.0
2017-01-01T05:15:12+00:00,0.0
2017-01-01T05:17:08+00:00,0.0
2017-01-01T05:19:13+00:00,0.0
2017-01-01T05:20:59+00:00,0.0
2017-01-01T05:22:45+00:00,0.0
2017-01-01T05:24:45+00:00,0.0
2017-01-01T05:26:41+00:00,0.0
2017-01-01T06:32:44+00:00,0.0
2017-01-01T06:34:36+00:00,0.0
2017-01-01T06:36:11+00:00,0.0
2017-01-01T06:37:47+00:00,0.0
2017-01-01T06:39:38+00:00,0.0
2017-01-01T06:41:12+00:00,0.0
2017-01-01T06:42:51+00:00,0.0
2017-01-01T06:44:40+00:00,0.0
2017-01-01T06:46:15+00:00,0.0
2017-01-01T06:47:53+00:00,0.0
2017-01-01T06:49:42+00:00,0.0
2017-01-01T06:51:16+00:00,0.0
2017-01-01T06:52:54+00:00,0.0
2017-01-01T06:54:42+00:00,0.0
2017-01-01T06:56:16+00:00,0.0
2017-01-01T06:57:52+00:00,0.0
2017-01-01T06:59:40+00:00,0.0
2017-01-01T07:01:17+00:00,0.0
2017-01-01T07:02:56+00:00,0.0
2017-01-01T07:04:42+00:00,0.0
2017-01-01T07:06:17+00:00,0.0
2017-01-01T07:07:54+00:00,0.0
2017-01-01T07:09:43+00:00,0.0
2017-01-01T07:11:19+00:00,0.0
2017-01-01T07:12:57+00:00,0.0
2017-01-01T07:14:44+00:00,0.0
2017-01-01T07:16:19+00:00,0.0
2017-01-01T07:17:58+00:00,0.0
2017-01-01T07:19:48+00:00,0.0
2017-01-01T07:21:23+00:00,0.0
2017-01-01T07:23:01+00:00,0.0
2017-01-01T07:24:48+00:00,0.0
2017-01-01T07:26:23+00:00,0.0
2017-01-01T07:28:02+00:00,0.0
2017-01-01T07:29:51+00:00,0.0
2017-01-01T07:31:26+00:00,0.0
2017-01-01T07:33:08+00:00,0.0
2017-01-01T07:34:55+00:00,0.0
2017-01-01T07:36:29+00:00,0.0
2017-01-01T07:38:09+00:00,0.0
2017-01-01T07:39:54+00:00,0.0
2017-01-01T07:41:37+00:00,0.0
2017-01-01T07:43:19+00:00,0.0
2017-01-01T07:45:03+00:00,0.0
2017-01-01T07:46:39+00:00,0.0
2017-01-01T07:48:23+00:00,0.0
2017-01-01T07:50:10+00:00,0.0
2017-01-01T07:51:45+00:00,0.0
2017-01-01T07:53:29+00:00,0.0
2017-01-01T07:55:13+00:00,0.0
2017-01-01T07:56:46+00:00,0.0
2017-01-01T07:58:31+00:00,0.0
2017-01-01T08:00:14+00:00,0.0
2017-01-01T08:01:48+00:00,0.0
2017-01-01T08:03:32+00:00,0.0
2017-01-01T08:05:15+00:00,0.0
2017-01-01T08:06:49+00:00,0.0
2017-01-01T08:08:33+00:00,0.0
2017-01-01T08:10:16+00:00,0.0
2017-01-01T08:11:50+00:00,0.0
2017-01-01T08:13:37+00:00,0.0
2017-01-01T08:15:21+00:00,0.0
2017-01-01T08:16:56+00:00,0.0
2017-01-01T08:18:45+00:00,0.0
2017-01-01T08:20:36+00:00,0.0
2017-01-01T08:22:17+00:00,0.0
2017-01-01T08:24:10+00:00,0.0
2017-01-01T08:25:44+00:00,0.0
2017-01-01T08:27:19+00:00,0.0
2017-01-01T08:29:10+00:00,0.0
2017-01-01T08:30:46+00:00,0.0
2017-01-01T08:32:21+00:00,0.0
2017-01-01T08:34:15+00:00,0.0
2017-01-01T08:35:50+00:00,0.0
2017-01-01T08:37:25+00:00,0.0
2017-01-01T08:39:16+00:00,0.0
2017-01-01T08:40:52+00:00,0.0
2017-01-01T08:42:28+00:00,0.0
2017-01-01T08:44:20+00:00,0.0
2017-01-01T08:45:53+00:00,0.0
2017-01-01T08:47:30+00:00,0.0
2017-01-01T08:49:19+00:00,0.0
2017-01-01T08:50:53+00:00,0.0
2017-01-01T08:52:29+00:00,0.0
2017-01-01T08:54:23+00:00,0.0
2017-01-01T08:56:00+00:00,0.0
2017-01-01T08:57:38+00:00,0.0
2017-01-01T08:59:33+00:00,0.0
2017-01-01T09:01:09+00:00,0.0
2017-01-01T09:02:45+00:00,0.0
2017-01-01T09:04:38+00:00,0.0
2017-01-01T09:06:14+00:00,0.0
2017-01-01T09:07:55+00:00,0.0
2017-01-01T09:09:45+00:00,0.0
2017-01-01T09:11:29+00:00,0.0
2017-01-01T09:13:10+00:00,0.0
2017-01-01T09:14:58+00:00,0.0
2017-01-01T09:16:34+00:00,0.0
2017-01-01T09:18:19+00:00,0.0
2017-01-01T09:20:07+00:00,0.0
2017-01-01T09:21:42+00:00,0.0
2017-01-01T09:23:26+00:00,0.0
2017-01-01T09:25:10+00:00,0.0
2017-01-01T09:26:47+00:00,0.0
2017-01-01T09:28:31+00:00,0.0
2017-01-01T09:30:13+00:00,0.0
2017-01-01T09:31:48+00:00,0.0
2017-01-01T09:33:32+00:00,0.0
2017-01-01T09:35:14+00:00,0.0
2017-01-01T09:36:48+00:00,0.0
2017-01-01T09:38:34+00:00,0.0
2017-01-01T09:40:18+00:00,0.0
2017-01-01T09:41:52+00:00,0.0
2017-01-01T09:43:34+00:00,0.0
2017-01-01T09:45:19+00:00,0.0
2017-01-01T09:46:55+00:00,0.0
2017-01-01T09:48:43+00:00,0.0
2017-01-01T09:50:25+00:00,0.0
2017-01-01T09:52:00+00:00,0.0
2017-01-01T09:53:48+00:00,0.0
2017-01-01T09:55:28+00:00,0.0
2017-01-01T09:57:05+00:00,0.0
2017-01-01T09:58:55+00:00,0.0
2017-01-01T10:00:33+00:00,0.0
2017-01-01T10:02:10+00:00,0.0
2017-01-01T10:04:03+00:00,0.0
2017-01-01T10:05:39+00:00,0.0
2017-01-01T10:07:17+00:00,0.0
2017-01-01T10:09:10+00:00,0.0
2017-01-01T10:10:47+00:00,0.0
2017-01-01T10:12:23+00:00,0.0
2017-01-01T10:14:18+00:00,0.0
2017-01-01T10:16:06+00:00,0.0
2017-01-01T10:17:43+00:00,0.0
2017-01-01T10:19:33+00:00,0.0
2017-01-01T10:21:07+00:00,0.0
2017-01-01T10:22:44+00:00,0.0
2017-01-01T10:24:37+00:00,0.0
2017-01-01T10:26:13+00:00,0.0
2017-01-01T10:27:53+00:00,0.0
2017-01-01T10:29:58+00:00,0.0
2017-01-01T10:32:15+00:00,0.0
2017-01-01T10:34:37+00:00,0.0
2017-01-01T10:37:02+00:00,0.0
2017-01-01T10:39:16+00:00,0.0
2017-01-01T10:41:57+00:00,0.0
2017-01-01T10:43:51+00:00,0.0
2017-01-01T10:45:42+00:00,0.0
2017-01-01T10:47:23+00:00,0.0
2017-01-01T10:49:18+00:00,0.0
2017-01-01T10:50:57+00:00,0.0
2017-01-01T10:52:36+00:00,0.0
2017-01-01T10:54:31+00:00,0.0
2017-01-01T10:56:09+00:00,0.0
2017-01-01T10:57:50+00:00,0.0
2017-01-01T10:59:45+00:00,0.0
2017-01-01T11:01:23+00:00,0.0
2017-01-01T11:03:09+00:00,0.0
2017-01-01T11:05:01+00:00,0.0
2017-01-01T11:06:41+00:00,0.0
2017-01-01T11:08:35+00:00,0.0
2017-01-01T11:10:25+00:00,0.0
2017-01-01T11:12:17+00:00,0.0
2017-01-01T11:14:21+00:00,0.0
2017-01-01T11:15:59+00:00,0.0
2017-01-01T11:17:44+00:00,0.0
2017-01-01T11:19:42+00:00,0.0
2017-01-01T11:21:19+00:00,0.0
2017-01-01T11:23:12+00:00,0.0
2017-01-01T11:25:05+00:00,0.0
2017-01-01T11:26:44+00:00,0.0
2017-01-01T11:28:32+00:00,0.0
2017-01-01T11:30:31+00:00,0.0
2017-01-01T11:32:33+00:00,0.0
2017-01-01T11:34:36+00:00,0.0
2017-01-01T11:36:23+00:00,0.0
2017-01-01T11:38:12+00:00,0.0
2017-01-01T11:40:08+00:00,0.0
2017-01-01T11:41:48+00:00,0.0
2017-01-01T11:43:41+00:00,0.0
2017-01-01T11:45:31+00:00,0.0
2017-01-01T11:47:15+00:00,0.0
2017-01-01T11:49:12+00:00,0.0
2017-01-01T11:50:58+00:00,0.0
2017-01-01T11:52:41+00:00,0.0
2017-01-01T11:54:39+00:00,0.0
2017-01-01T11:56:21+00:00,0.0
2017-01-01T11:58:05+00:00,0.0
2017-01-01T11:59:58+00:00,0.0
2017-01-01T12:01:41+00:00,0.0
2017-01-01T12:03:27+00:00,0.0
2017-01-01T12:05:22+00:00,0.0
2017-01-01T12:07:05+00:00,0.0
2017-01-01T12:08:59+00:00,0.0
2017-01-01T12:11:04+00:00,0.0
2017-01-01T12:13:03+00:00,0.0
2017-01-01T12:15:30+00:00,0.0
2017-01-01T12:17:11+00:00,0.0
2017-01-01T12:19:04+00:00,0.0
2017-01-01T12:20:59+00:00,0.0
2017-01-01T12:22:40+00:00,0.0
2017-01-01T12:24:38+00:00,0.0
2017-01-01T12:26:20+00:00,0.0
2017-01-01T12:28:01+00:00,0.0
2017-01-01T12:29:53+00:00,0.0
2017-01-01T12:31:31+00:00,0.0
2017-01-01T12:33:11+00:00,0.0
2017-01-01T12:34:56+00:00,0.0
2017-01-01T12:36:31+00:00,0.0
2017-01-01T12:38:15+00:00,0.0
2017-01-01T12:40:05+00:00,0.0
2017-01-01T12:41:39+00:00,0.0
2017-01-01T12:43:23+00:00,0.0
2017-01-01T12:45:08+00:00,0.0
2017-01-01T12:46:44+00:00,0.0
2017-01-01T12:48:26+00:00,0.0
2017-01-01T12:50:14+00:00,0.0
2017-01-01T12:51:48+00:00,0.0
2017-01-01T12:53:33+00:00,0.0
2017-01-01T12:55:25+00:00,0.0
2017-01-01T12:57:01+00:00,0.0
2017-01-01T12:58:48+00:00,0.0
2017-01-01T13:00:58+00:00,0.0
2017-01-01T13:02:34+00:00,0.0
2017-01-01T13:04:29+00:00,0.0
2017-01-01T13:06:08+00:00,0.0
2017-01-01T13:07:46+00:00,0.0
2017-01-01T13:09:37+00:00,0.0
2017-01-01T13:11:13+00:00,0.0
2017-01-01T13:12:52+00:00,0.0
2017-01-01T13:14:42+00:00,0.0
2017-01-01T13:16:16+00:00,0.0
2017-01-01T13:17:52+00:00,0.0
2017-01-01T13:19:43+00:00,0.0
2017-01-01T13:21:18+00:00,0.0
2017-01-01T13:22:57+00:00,0.0
2017-01-01T13:24:49+00:00,0.0
2017-01-01T13:26:24+00:00,0.0
2017-01-01T13:28:01+00:00,0.0
2017-01-01T13:29:50+00:00,0.0
2017-01-01T13:31:24+00:00,0.0
2017-01-01T13:33:06+00:00,0.0
2017-01-01T13:34:57+00:00,0.0
2017-01-01T13:36:33+00:00,0.0
2017-01-01T13:38:14+00:00,0.0
2017-01-01T13:40:00+00:00,0.0
2017-01-01T13:41:34+00:00,0.0
2017-01-01T13:43:14+00:00,0.0
2017-01-01T13:45:01+00:00,0.0
2017-01-01T13:46:35+00:00,0.0
2017-01-01T13:48:15+00:00,0.0
2017-01-01T13:50:01+00:00,0.0
2017-01-01T13:51:38+00:00,0.0
2017-01-01T13:53:19+00:00,0.0
2017-01-01T13:55:06+00:00,0.0
2017-01-01T13:56:42+00:00,0.0
2017-01-01T13:58:23+00:00,0.0
2017-01-01T14:00:07+00:00,0.0
2017-01-01T14:01:42+00:00,0.0
2017-01-01T14:03:24+00:00,0.0
2017-01-01T14:05:10+00:00,0.0
2017-01-01T14:06:45+00:00,0.0
2017-01-01T14:08:26+00:00,0.0
2017-01-01T14:10:13+00:00,0.0
2017-01-01T14:11:47+00:00,0.0
2017-01-01T14:13:31+00:00,0.0
2017-01-01T14:15:12+00:00,0.0
2017-01-01T14:16:47+00:00,0.0
2017-01-01T14:18:30+00:00,0.0
2017-01-01T14:20:13+00:00,0.0
2017-01-01T14:21:50+00:00,0.0
2017-01-01T14:23:33+00:00,0.0
2017-01-01T14:25:18+00:00,0.0
2017-01-01T14:26:53+00:00,0.0
2017-01-01T14:28:40+00:00,0.0
2017-01-01T14:30:21+00:00,0.0
2017-01-01T14:31:55+00:00,0.0
2017-01-01T14:33:41+00:00,0.0
2017-01-01T14:35:20+00:00,0.0
2017-01-01T14:36:57+00:00,0.0
2017-01-01T14:38:44+00:00,0.0
2017-01-01T14:40:25+00:00,0.0
2017-01-01T14:42:00+00:00,0.0
2017-01-01T14:43:45+00:00,0.0
2017-01-01T14:45:28+00:00,0.0
2017-01-01T14:47:02+00:00,0.0
2017-01-01T14:48:50+00:00,0.0
2017-01-01T14:50:29+00:00,0.0
2017-01-01T14:52:08+00:00,0.0
2017-01-01T14:53:59+00:00,0.0
2017-01-01T14:55:36+00:00,0.0
2017-01-01T14:57:10+00:00,0.0
2017-01-01T14:59:03+00:00,0.0
2017-01-01T15:00:39+00:00,0.0
2017-01-01T15:02:13+00:00,0.0
2017-01-01T15:04:06+00:00,0.0
2017-01-01T15:05:42+00:00,0.0
2017-01-01T15:07:17+00:00,0.0
2017-01-01T15:09:09+00:00,0.0
2017-01-01T15:10:45+00:00,0.0
2017-01-01T15:12:20+00:00,0.0
2017-01-01T15:14:11+00:00,0.0
2017-01-01T15:15:49+00:00,0.0
2017-01-01T15:17:29+00:00,0.0
2017-01-01T15:19:20+00:00,0.0
2017-01-01T15:20:54+00:00,0.0
2017-01-01T15:22:31+00:00,0.0
2017-01-01T15:24:32+00:00,0.0
2017-01-01T15:26:08+00:00,0.0
2017-01-01T15:27:44+00:00,0.0
2017-01-01T15:29:34+00:00,0.0
2017-01-01T15:31:10+00:00,0.0
2017-01-01T15:32:46+00:00,0.0
2017-01-01T15:34:37+00:00,0.0
2017-01-01T15:36:13+00:00,0.0
2017-01-01T15:37:50+00:00,0.0
2017-01-01T15:39:43+00:00,0.0
2017-01-01T15:41:18+00:00,0.0
2017-01-01T15:42:56+00:00,0.0
2017-01-01T15:44:48+00:00,0.0
2017-01-01T15:46:22+00:00,0.0
2017-01-01T15:48:00+00:00,0.0
2017-01-01T15:49:49+00:00,0.0
2017-01-01T15:51:23+00:00,0.0
2017-01-01T15:53:04+00:00,0.0
2017-01-01T15:54:54+00:00,0.0
2017-01-01T15:56:31+00:00,0.0
2017-01-01T15:58:10+00:00,0.0
2017-01-01T15:59:58+00:00,0.0
2017-01-01T16:01:35+00:00,0.0
2017-01-01T16:03:40+00:00,0.0
2017-01-01T16:05:23+00:00,0.0
2017-01-01T16:06:58+00:00,0.0
2017-01-01T16:08:47+00:00,0.0
2017-01-01T16:10:28+00:00,0.0
2017-01-01T16:12:07+00:00,0.0
2017-01-01T16:13:55+00:00,0.0
2017-01-01T16:15:35+00:00,0.0
2017-01-01T16:17:11+00:00,0.0
2017-01-01T16:19:03+00:00,0.0
2017-01-01T16:20:40+00:00,0.0
2017-01-01T16:22:19+00:00,0.0
2017-01-01T16:24:11+00:00,0.0
2017-01-01T16:25:46+00:00,0.0
2017-01-01T16:27:20+00:00,0.0
2017-01-01T16:29:21+00:00,0.0
2017-01-01T16:30:56+00:00,0.0
2017-01-01T16:32:31+00:00,0.0
2017-01-01T16:34:21+00:00,0.0
2017-01-01T16:35:56+00:00,0.0
2017-01-01T16:37:31+00:00,0.0
2017-01-01T16:39:22+00:00,0.0
2017-01-01T16:40:57+00:00,0.0
2017-01-01T16:42:34+00:00,0.0
2017-01-01T16:44:27+00:00,0.0
2017-01-01T16:46:01+00:00,0.0
2017-01-01T16:47:35+00:00,0.0
2017-01-01T16:49:27+00:00,0.0
2017-01-01T16:51:02+00:00,0.0
2017-01-01T16:52:41+00:00,0.0
2017-01-01T16:54:31+00:00,0.0
2017-01-01T16:56:06+00:00,0.0
2017-01-01T16:57:41+00:00,0.0
2017-01-01T16:59:34+00:00,0.0
2017-01-01T17:01:09+00:00,0.0
2017-01-01T17:02:48+00:00,0.0
2017-01-01T17:04:37+00:00,0.0
2017-01-01T17:06:13+00:00,0.0
2017-01-01T17:07:50+00:00,0.0
2017-01-01T17:09:42+00:00,0.0
2017-01-01T17:11:19+00:00,0.0
2017-01-01T17:12:58+00:00,0.0
2017-01-01T17:14:47+00:00,0.0
2017-01-01T17:16:22+00:00,0.0
2017-01-01T17:18:03+00:00,0.0
2017-01-01T17:19:53+00:00,0.0
2017-01-01T17:21:28+00:00,0.0
2017-01-01T17:23:10+00:00,0.0
2017-01-01T17:25:05+00:00,0.0
2017-01-01T17:26:40+00:00,0.0
2017-01-01T17:28:23+00:00,0.0
2017-01-01T17:30:07+00:00,0.0
2017-01-01T17:31:46+00:00,0.0
2017-01-01T17:33:30+00:00,0.0
2017-01-01T17:35:10+00:00,0.0
2017-01-01T17:36:46+00:00,0.0
2017-01-01T17:38:27+00:00,0.0
2017-01-01T17:40:10+00:00,0.0
2017-01-01T17:41:46+00:00,0.0
2017-01-01T17:43:28+00:00,0.0
2017-01-01T17:45:12+00:00,0.0
2017-01-01T17:46:48+00:00,0.0
2017-01-01T17:48:35+00:00,0.0
2017-01-01T17:50:19+00:00,0.0
2017-01-01T17:51:56+00:00,0.0
2017-01-01T17:53:46+00:00,0.0
2017-01-01T17:55:28+00:00,0.0
2017-01-01T17:57:05+00:00,0.0
2017-01-01T17:58:56+00:00,0.0
2017-01-01T18:00:35+00:00,0.0
2017-01-01T18:02:11+00:00,0.0
2017-01-01T18:04:04+00:00,0.0
2017-01-01T18:05:40+00:00,0.0
2017-01-01T18:07:15+00:00,0.0
2017-01-01T18:09:05+00:00,0.0
2017-01-01T18:10:43+00:00,0.0
2017-01-01T18:12:18+00:00,0.0
2017-01-01T18:14:11+00:00,0.0
2017-01-01T18:15:45+00:00,0.0
2017-01-01T18:17:24+00:00,0.0
2017-01-01T18:19:15+00:00,0.0
2017-01-01T18:20:53+00:00,0.0
2017-01-01T18:22:29+00:00,0.0
2017-01-01T18:24:20+00:00,0.0
2017-01-01T18:25:56+00:00,0.0
2017-01-01T18:27:34+00:00,0.0
2017-01-01T18:29:26+00:00,0.0
2017-01-01T18:31:04+00:00,0.0
2017-01-01T18:32:41+00:00,0.0
2017-01-01T18:34:34+00:00,0.0
2017-01-01T18:36:10+00:00,0.0
2017-01-01T18:37:46+00:00,0.0
2017-01-01T18:39:34+00:00,0.0
2017-01-01T18:41:10+00:00,0.0
2017-01-01T18:42:47+00:00,0.0
2017-01-01T18:44:40+00:00,0.0
2017-01-01T18:46:16+00:00,0.0
2017-01-01T18:47:59+00:00,0.0
2017-01-01T18:49:47+00:00,0.0
2017-01-01T18:51:25+00:00,0.0
2017-01-01T18:53:07+00:00,0.0
2017-01-01T18:54:53+00:00,0.0
2017-01-01T18:56:32+00:00,0.0
2017-01-01T18:58:15+00:00,0.0
2017-01-01T19:00:00+00:00,0.0
2017-01-01T19:01:36+00:00,0.0
2017-01-01T19:03:17+00:00,0.0
2017-01-01T19:05:06+00:00,0.0
2017-01-01T19:06:41+00:00,0.0
2017-01-01T19:08:24+00:00,0.0
2017-01-01T19:10:09+00:00,0.0
2017-01-01T19:11:43+00:00,0.0
2017-01-01T19:13:25+00:00,0.0
2017-01-01T19:15:10+00:00,0.0
2017-01-01T19:16:45+00:00,0.0
2017-01-01T19:18:27+00:00,0.0
2017-01-01T19:20:13+00:00,0.0
2017-01-01T19:21:55+00:00,0.0
2017-01-01T19:23:42+00:00,0.0
2017-01-01T19:25:24+00:00,0.0
2017-01-01T19:27:01+00:00,0.0
2017-01-01T19:28:49+00:00,0.0
2017-01-01T19:30:34+00:00,0.0
2017-01-01T19:32:09+00:00,0.0
2017-01-01T19:34:12+00:00,0.0
2017-01-01T19:35:47+00:00,0.0
2017-01-01T19:37:25+00:00,0.0
2017-01-01T19:39:17+00:00,0.0
2017-01-01T19:40:50+00:00,0.0
2017-01-01T19:42:26+00:00,0.0
2017-01-01T19:44:17+00:00,0.0
2017-01-01T19:45:55+00:00,0.0
2017-01-01T19:47:31+00:00,0.0
2017-01-01T19:49:23+00:00,0.0
2017-01-01T19:50:59+00:00,0.0
2017-01-01T19:52:36+00:00,0.0
2017-01-01T19:54:30+00:00,0.0
2017-01-01T19:56:05+00:00,0.0
2017-01-01T19:57:41+00:00,0.0
2017-01-01T19:59:33+00:00,0.0
2017-01-01T20:01:13+00:00,0.0
2017-01-01T20:02:50+00:00,0.0
2017-01-01T20:04:45+00:00,0.0
2017-01-01T20:06:23+00:00,0.0
2017-01-01T20:08:19+00:00,0.0
2017-01-01T20:10:08+00:00,0.0
2017-01-01T20:11:42+00:00,0.0
2017-01-01T20:13:27+00:00,0.0
2017-01-01T20:15:14+00:00,0.0
2017-01-01T20:16:55+00:00,0.0
2017-01-01T20:18:42+00:00,0.0
2017-01-01T20:20:26+00:00,0.0
2017-01-01T20:22:01+00:00,0.0
2017-01-01T20:23:48+00:00,0.0
2017-01-01T20:25:32+00:00,0.0
2017-01-01T20:27:05+00:00,0.0
2017-01-01T20:28:57+00:00,0.0
2017-01-01T20:30:36+00:00,0.0
2017-01-01T20:32:13+00:00,0.0
2017-01-01T20:34:02+00:00,0.0
2017-01-01T20:35:40+00:00,0.0
2017-01-01T20:37:14+00:00,0.0
2017-01-01T20:39:07+00:00,0.0
2017-01-01T20:40:41+00:00,0.0
2017-01-01T20:42:17+00:00,0.0
2017-01-01T20:44:13+00:00,0.0
2017-01-01T20:45:49+00:00,0.0
2017-01-01T20:47:29+00:00,0.0
2017-01-01T20:49:21+00:00,0.0
2017-01-01T20:50:56+00:00,0.0
2017-01-01T20:52:32+00:00,0.0
2017-01-01T20:54:24+00:00,0.0
2017-01-01T20:55:59+00:00,0.0
2017-01-01T20:57:35+00:00,0.0
2017-01-01T20:59:25+00:00,0.0
2017-01-01T21:01:01+00:00,0.0
2017-01-01T21:03:00+00:00,0.0
2017-01-01T21:04:49+00:00,0.0
2017-01-01T21:06:25+00:00,0.0
2017-01-01T21:08:07+00:00,0.0
2017-01-01T21:09:54+00:00,0.0
2017-01-01T21:11:35+00:00,0.0
2017-01-01T21:13:20+00:00,0.0
2017-01-01T21:15:07+00:00,0.0
2017-01-01T21:16:49+00:00,0.0
2017-01-01T21:18:36+00:00,0.0
2017-01-01T21:20:20+00:00,0.0
2017-01-01T21:21:54+00:00,0.0
2017-01-01T21:23:43+00:00,0.0
2017-01-01T21:25:24+00:00,0.0
2017-01-01T21:27:01+00:00,0.0
2017-01-01T21:28:47+00:00,0.0
2017-01-01T21:30:27+00:00,0.0
2017-01-01T21:32:07+00:00,0.0
2017-01-01T21:34:00+00:00,0.0
2017-01-01T21:35:36+00:00,0.0
2017-01-01T21:37:24+00:00,0.0
2017-01-01T21:39:17+00:00,0.0
2017-01-01T21:40:54+00:00,0.0
2017-01-01T21:42:33+00:00,0.0
2017-01-01T21:44:24+00:00,0.0
2017-01-01T21:45:58+00:00,0.0
2017-01-01T21:47:34+00:00,0.0
2017-01-01T21:49:26+00:00,0.0
2017-01-01T21:51:01+00:00,0.0
2017-01-01T21:52:38+00:00,0.0
2017-01-01T21:54:30+00:00,0.0
2017-01-01T21:56:06+00:00,0.0
2017-01-01T21:57:42+00:00,0.0
2017-01-01T21:59:35+00:00,0.0
2017-01-01T22:01:11+00:00,0.0
2017-01-01T22:02:50+00:00,0.0
2017-01-01T22:04:44+00:00,0.0
2017-01-01T22:06:25+00:00,0.0
2017-01-01T22:08:07+00:00,0.0
2017-01-01T22:09:57+00:00,0.0
2017-01-01T22:11:36+00:00,0.0
2017-01-01T22:13:21+00:00,0.0
2017-01-01T22:15:06+00:00,0.0
2017-01-01T22:16:48+00:00,0.0
2017-01-01T22:18:35+00:00,0.0
2017-01-01T22:20:20+00:00,0.0
2017-01-01T22:21:59+00:00,0.0
2017-01-01T22:23:46+00:00,0.0
2017-01-01T22:25:26+00:00,0.0
2017-01-01T22:27:02+00:00,0.0
2017-01-01T22:28:50+00:00,0.0
2017-01-01T22:30:30+00:00,0.0
2017-01-01T22:32:06+00:00,0.0
2017-01-01T22:33:55+00:00,0.0
2017-01-01T22:35:35+00:00,0.0
2017-01-01T22:37:11+00:00,0.0
2017-01-01T22:39:00+00:00,0.0
2017-01-01T22:40:39+00:00,0.0
2017-01-01T22:42:15+00:00,0.0
2017-01-01T22:44:09+00:00,0.0
2017-01-01T22:45:45+00:00,0.0
2017-01-01T22:47:25+00:00,0.0
2017-01-01T22:49:19+00:00,0.0
2017-01-01T22:50:56+00:00,0.0
2017-01-01T22:52:31+00:00,0.0
2017-01-01T22:54:24+00:00,0.0
2017-01-01T22:56:06+00:00,0.0
2017-01-01T22:57:44+00:00,0.0
2017-01-01T22:59:40+00:00,0.0
2017-01-01T23:01:22+00:00,0.0
2017-01-01T23:03:01+00:00,0.0
2017-01-01T23:04:50+00:00,0.0
2017-01-01T23:06:29+00:00,0.0
2017-01-01T23:08:23+00:00,0.0
2017-01-01T23:10:08+00:00,0.0
2017-01-01T23:12:06+00:00,0.0
2017-01-01T23:13:57+00:00,0.0
2017-01-01T23:15:38+00:00,0.0
2017-01-01T23:17:13+00:00,0.0
2017-01-01T23:19:04+00:00,0.0
2017-01-01T23:20:42+00:00,0.0
2017-01-01T23:22:21+00:00,0.0
2017-01-01T23:24:15+00:00,0.0
2017-01-01T23:25:51+00:00,0.0
2017-01-01T23:27:28+00:00,0.0
2017-01-01T23:29:21+00:00,0.0
2017-01-01T23:30:58+00:00,0.0
2017-01-01T23:32:34+00:00,0.0
2017-01-01T23:34:27+00:00,0.0
2017-01-01T23:36:03+00:00,0.0
2017-01-01T23:37:40+00:00,0.0
2017-01-01T23:39:33+00:00,0.0
2017-01-01T23:41:09+00:00,0.0
2017-01-01T23:42:48+00:00,0.0
2017-01-01T23:44:44+00:00,0.0
2017-01-01T23:46:21+00:00,0.0
2017-01-01T23:47:59+00:00,0.0
2017-01-01T23:49:51+00:00,0.0
2017-01-01T23:51:41+00:00,0.0
2017-01-01T23:53:25+00:00,0.0
2017-01-01T23:55:14+00:00,0.0
2017-01-01T23:56:51+00:00,0.0
2017-01-01T23:58:38+00:00,0.0
2017-01-02T00:00:20+00:00,0.0
2017-01-02T00:01:56+00:00,0.0
2017-01-02T00:03:44+00:00,0.0
2017-01-02T00:05:25+00:00,0.0
2017-01-02T00:07:01+00:00,0.0
2017-01-02T00:08:54+00:00,0.0
2017-01-02T00:10:38+00:00,0.0
2017-01-02T00:12:14+00:00,0.0
2017-01-02T00:14:10+00:00,0.0
2017-01-02T00:15:52+00:00,0.0
2017-01-02T00:17:31+00:00,0.0
2017-01-02T00:19:26+00:00,0.0
2017-01-02T00:21:01+00:00,0.0
2017-01-02T00:22:37+00:00,0.0
2017-01-02T00:24:30+00:00,0.0
2017-01-02T00:26:05+00:00,0.0
2017-01-02T00:27:41+00:00,0.0
2017-01-02T00:29:33+00:00,0.0
2017-01-02T00:31:08+00:00,0.0
2017-01-02T00:32:46+00:00,0.0
2017-01-02T00:34:40+00:00,0.0
2017-01-02T00:36:16+00:00,0.0
2017-01-02T00:37:59+00:00,0.0
2017-01-02T00:39:51+00:00,0.0
2017-01-02T00:41:28+00:00,0.0
2017-01-02T00:43:15+00:00,0.0
2017-01-02T00:45:05+00:00,0.0
2017-01-02T00:46:40+00:00,0.0
2017-01-02T00:48:24+00:00,0.0
2017-01-02T00:50:13+00:00,0.0
2017-01-02T00:51:50+00:00,0.0
2017-01-02T00:53:36+00:00,0.0
2017-01-02T00:55:26+00:00,0.0
2017-01-02T00:57:01+00:00,0.0
2017-01-02T00:58:48+00:00,0.0
2017-01-02T01:00:29+00:00,0.0
2017-01-02T01:02:06+00:00,0.0
2017-01-02T01:03:59+00:00,0.0
2017-01-02T01:05:37+00:00,0.0
2017-01-02T01:07:13+00:00,0.0
2017-01-02T01:09:09+00:00,0.0
2017-01-02T01:10:48+00:00,0.0
2017-01-02T01:12:24+00:00,0.0
2017-01-02T01:14:17+00:00,0.0
2017-01-02T01:15:53+00:00,0.0
2017-01-02T01:17:31+00:00,0.0
2017-01-02T01:19:25+00:00,0.0
2017-01-02T01:21:09+00:00,0.0
2017-01-02T01:22:50+00:00,0.0
2017-01-02T01:24:41+00:00,0.0
2017-01-02T01:26:19+00:00,0.0
2017-01-02T01:27:58+00:00,0.0
2017-01-02T01:29:51+00:00,0.0
2017-01-02T01:31:28+00:00,0.0
2017-01-02T01:33:11+00:00,0.0
2017-01-02T01:34:58+00:00,0.0
2017-01-02T01:36:33+00:00,0.0
2017-01-02T01:38:12+00:00,0.0
2017-01-02T01:39:59+00:00,0.0
2017-01-02T01:41:34+00:00,0.0
2017-01-02T01:43:26+00:00,0.0
2017-01-02T01:45:12+00:00,0.0
2017-01-02T01:46:51+00:00,0.0
2017-01-02T01:48:50+00:00,0.0
2017-01-02T01:50:31+00:00,0.0
2017-01-02T01:52:06+00:00,0.0
2017-01-02T01:53:57+00:00,0.0
2017-01-02T01:55:34+00:00,0.0
2017-01-02T01:57:09+00:00,0.0
2017-01-02T01:59:01+00:00,0.0
2017-01-02T02:00:39+00:00,0.0
2017-01-02T02:02:14+00:00,0.0
2017-01-02T02:04:03+00:00,0.0
2017-01-02T02:05:38+00:00,0.0
2017-01-02T02:07:15+00:00,0.0
2017-01-02T02:09:08+00:00,0.0
2017-01-02T02:10:46+00:00,0.0
2017-01-02T02:12:23+00:00,0.0
2017-01-02T02:14:14+00:00,0.0
2017-01-02T02:16:10+00:00,0.0
2017-01-02T02:17:50+00:00,0.0
2017-01-02T02:19:42+00:00,0.0
2017-01-02T02:21:17+00:00,0.0
2017-01-02T02:23:05+00:00,0.0
2017-01-02T02:24:51+00:00,0.0
2017-01-02T02:26:29+00:00,0.0
2017-01-02T02:28:12+00:00,0.0
2017-01-02T02:30:00+00:00,0.0
2017-01-02T02:31:37+00:00,0.0
2017-01-02T02:33:20+00:00,0.0
2017-01-02T02:35:04+00:00,0.0
2017-01-02T02:36:38+00:00,0.0
2017-01-02T02:38:20+00:00,0.0
2017-01-02T02:40:04+00:00,0.0
2017-01-02T02:41:39+00:00,0.0
2017-01-02T02:43:24+00:00,0.0
2017-01-02T02:45:13+00:00,0.0
2017-01-02T02:46:47+00:00,0.0
2017-01-02T02:48:36+00:00,0.0
2017-01-02T02:50:21+00:00,0.0
2017-01-02T02:52:00+00:00,0.0
2017-01-02T02:53:47+00:00,0.0
2017-01-02T02:55:28+00:00,0.0
2017-01-02T02:57:04+00:00,0.0
2017-01-02T02:58:52+00:00,0.0
2017-01-02T03:00:31+00:00,0.0
2017-01-02T03:02:08+00:00,0.0
2017-01-02T03:04:03+00:00,0.0
2017-01-02T03:05:44+00:00,0.0
2017-01-02T03:07:20+00:00,0.0
2017-01-02T03:09:15+00:00,0.0
2017-01-02T03:10:54+00:00,0.0
2017-01-02T03:12:30+00:00,0.0
2017-01-02T03:14:26+00:00,0.0
2017-01-02T03:16:04+00:00,0.0
2017-01-02T03:17:39+00:00,0.0
2017-01-02T03:19:28+00:00,0.0
2017-01-02T03:21:03+00:00,0.0
2017-01-02T03:22:40+00:00,0.0
2017-01-02T03:24:31+00:00,0.0
2017-01-02T03:26:09+00:00,0.0
2017-01-02T03:27:47+00:00,0.0
2017-01-02T03:29:36+00:00,0.0
2017-01-02T03:31:14+00:00,0.0
2017-01-02T03:32:54+00:00,0.0
2017-01-02T03:34:44+00:00,0.0
2017-01-02T03:36:24+00:00,0.0
2017-01-02T03:38:05+00:00,0.0
2017-01-02T03:39:52+00:00,0.0
2017-01-02T03:41:35+00:00,0.0
2017-01-02T03:43:16+00:00,0.0
2017-01-02T03:45:02+00:00,0.0
2017-01-02T03:46:37+00:00,0.0
2017-01-02T03:48:22+00:00,0.0
2017-01-02T03:50:09+00:00,0.0
2017-01-02T03:51:48+00:00,0.0
2017-01-02T03:53:32+00:00,0.0
2017-01-02T03:55:14+00:00,0.0
2017-01-02T03:56:50+00:00,0.0
2017-01-02T03:58:35+00:00,0.0
2017-01-02T04:00:16+00:00,0.0
2017-01-02T04:01:52+00:00,0.0
2017-01-02T04:03:37+00:00,0.0
2017-01-02T04:05:28+00:00,0.0
2017-01-02T04:07:04+00:00,0.0
2017-01-02T04:08:52+00:00,0.0
2017-01-02T04:10:31+00:00,0.0
2017-01-02T04:12:08+00:00,0.0
2017-01-02T04:14:00+00:00,0.0
2017-01-02T04:15:38+00:00,0.0
2017-01-02T04:17:14+00:00,0.0
2017-01-02T04:19:04+00:00,0.0
2017-01-02T04:20:41+00:00,0.0
2017-01-02T04:22:20+00:00,0.0
2017-01-02T04:24:13+00:00,0.0
2017-01-02T04:25:50+00:00,0.0
2017-01-02T04:27:26+00:00,0.0
2017-01-02T04:29:17+00:00,0.0
2017-01-02T04:30:56+00:00,0.0
2017-01-02T04:32:31+00:00,0.0
2017-01-02T04:34:23+00:00,0.0
2017-01-02T04:35:58+00:00,0.0
2017-01-02T04:37:34+00:00,0.0
2017-01-02T04:39:25+00:00,0.0
2017-01-02T04:41:01+00:00,0.0
2017-01-02T04:42:40+00:00,0.0
2017-01-02T04:44:36+00:00,0.0
2017-01-02T04:46:11+00:00,0.0
2017-01-02T04:47:48+00:00,0.0
2017-01-02T04:49:40+00:00,0.0
2017-01-02T04:51:20+00:00,0.0
2017-01-02T04:52:59+00:00,0.0
2017-01-02T04:54:48+00:00,0.0
2017-01-02T04:56:23+00:00,0.0
2017-01-02T04:58:30+00:00,0.0
2017-01-02T05:06:34+00:00,0.0
2017-01-02T05:08:19+00:00,0.0
2017-01-02T05:10:13+00:00,0.0
2017-01-02T05:12:10+00:00,0.0
2017-01-02T05:24:00+00:00,0.0
2017-01-02T05:25:48+00:00,0.0
2017-01-02T05:27:57+00:00,0.0
2017-01-02T05:30:14+00:00,0.0
2017-01-02T05:44:13+00:00,0.0
2017-01-02T05:46:50+00:00,0.0
2017-01-02T05:49:30+00:00,0.0
2017-01-02T05:52:02+00:00,0.0
2017-01-02T05:55:04+00:00,0.0
2017-01-02T09:07:55+00:00,0.0
2017-01-02T09:09:44+00:00,0.0
2017-01-02T09:11:19+00:00,0.0
2017-01-02T09:12:55+00:00,0.0
2017-01-02T09:14:45+00:00,0.0
2017-01-02T09:16:20+00:00,0.0
2017-01-02T09:17:57+00:00,0.0
2017-01-02T09:19:44+00:00,0.0
2017-01-02T09:21:28+00:00,0.0
2017-01-02T09:23:06+00:00,0.0
2017-01-02T09:24:52+00:00,0.0
2017-01-02T09:26:26+00:00,0.0
2017-01-02T09:28:04+00:00,0.0
2017-01-02T09:29:53+00:00,0.0
2017-01-02T09:31:27+00:00,0.0
2017-01-02T09:33:07+00:00,0.0
2017-01-02T09:34:53+00:00,0.0
2017-01-02T09:36:26+00:00,0.0
2017-01-02T09:38:06+00:00,0.0
2017-01-02T09:39:53+00:00,0.0
2017-01-02T09:41:27+00:00,0.0
2017-01-02T09:43:04+00:00,0.0
2017-01-02T09:44:52+00:00,0.0
2017-01-02T09:46:26+00:00,0.0
2017-01-02T09:48:04+00:00,0.0
2017-01-02T09:49:54+00:00,0.0
2017-01-02T09:51:29+00:00,0.0
2017-01-02T09:53:10+00:00,0.0
2017-01-02T09:54:55+00:00,0.0
2017-01-02T09:56:30+00:00,0.0
2017-01-02T09:58:10+00:00,0.0
2017-01-02T09:59:55+00:00,0.0
2017-01-02T10:01:44+00:00,0.0
2017-01-02T10:03:37+00:00,0.0
2017-01-02T10:05:22+00:00,0.0
2017-01-02T10:06:58+00:00,0.0
2017-01-02T10:08:45+00:00,0.0
2017-01-02T10:10:29+00:00,0.0
2017-01-02T10:12:05+00:00,0.0
2017-01-02T10:13:53+00:00,0.0
2017-01-02T10:15:36+00:00,0.0
2017-01-02T10:17:11+00:00,0.0
2017-01-02T10:19:14+00:00,0.0
2017-01-02T10:20:49+00:00,0.0
2017-01-02T10:22:25+00:00,0.0
2017-01-02T10:24:16+00:00,0.0
2017-01-02T10:25:51+00:00,0.0
2017-01-02T10:27:27+00:00,0.0
2017-01-02T10:29:16+00:00,0.0
2017-01-02T10:31:46+00:00,0.0
2017-01-02T10:34:05+00:00,0.0
2017-01-02T10:36:32+00:00,0.0
2017-01-02T10:38:43+00:00,0.0
2017-01-02T10:41:12+00:00,0.0
2017-01-02T10:43:26+00:00,0.0
2017-01-02T10:45:17+00:00,0.0
2017-01-02T10:46:57+00:00,0.0
2017-01-02T10:48:46+00:00,0.0
2017-01-02T10:50:29+00:00,0.0
2017-01-02T10:52:06+00:00,0.0
2017-01-02T10:53:57+00:00,0.0
2017-01-02T10:55:38+00:00,0.0
2017-01-02T10:57:15+00:00,0.0
2017-01-02T10:59:08+00:00,0.0
2017-01-02T11:00:47+00:00,0.0
2017-01-02T11:02:29+00:00,0.0
2017-01-02T11:04:26+00:00,0.0
2017-01-02T11:06:13+00:00,0.0
2017-01-02T11:07:53+00:00,0.0
2017-01-02T11:09:48+00:00,0.0
2017-01-02T11:11:29+00:00,0.0
2017-01-02T11:13:16+00:00,0.0
2017-01-02T11:15:17+00:00,0.0
2017-01-02T11:16:56+00:00,0.0
2017-01-02T11:18:48+00:00,0.0
2017-01-02T11:20:31+00:00,0.0
2017-01-02T11:22:08+00:00,0.0
2017-01-02T11:24:01+00:00,0.0
2017-01-02T11:25:39+00:00,0.0
2017-01-02T11:27:15+00:00,0.0
2017-01-02T11:29:09+00:00,0.0
2017-01-02T11:30:48+00:00,0.0
2017-01-02T11:32:37+00:00,0.0
2017-01-02T11:35:11+00:00,0.0
2017-01-02T11:36:58+00:00,0.0
2017-01-02T11:38:46+00:00,0.0
2017-01-02T11:40:33+00:00,0.0
2017-01-02T11:42:15+00:00,0.0
2017-01-02T11:44:09+00:00,0.0
2017-01-02T11:45:55+00:00,0.0
2017-01-02T11:47:35+00:00,0.0
2017-01-02T11:49:32+00:00,0.0
2017-01-02T11:51:12+00:00,0.0
2017-01-02T11:52:54+00:00,0.0
2017-01-02T11:54:47+00:00,0.0
2017-01-02T11:56:45+00:00,0.0
2017-01-02T11:58:30+00:00,0.0
2017-01-02T12:00:21+00:00,0.0
2017-01-02T12:02:03+00:00,0.0
2017-01-02T12:03:55+00:00,0.0
2017-01-02T12:05:43+00:00,0.0
2017-01-02T12:07:30+00:00,0.0
2017-01-02T12:09:28+00:00,0.0
2017-01-02T12:11:34+00:00,0.0
2017-01-02T12:13:30+00:00,0.0
2017-01-02T12:15:24+00:00,0.0
2017-01-02T12:17:04+00:00,0.0
2017-01-02T12:18:54+00:00,0.0
2017-01-02T12:20:46+00:00,0.0
2017-01-02T12:22:26+00:00,0.0
2017-01-02T12:24:19+00:00,0.0
2017-01-02T12:26:03+00:00,0.0
2017-01-02T12:27:58+00:00,0.0
2017-01-02T12:29:48+00:00,0.0
2017-01-02T12:31:24+00:00,0.0
2017-01-02T12:33:04+00:00,0.0
2017-01-02T12:34:54+00:00,0.0
2017-01-02T12:36:30+00:00,0.0
2017-01-02T12:38:11+00:00,0.0
2017-01-02T12:39:58+00:00,0.0
2017-01-02T12:41:34+00:00,0.0
2017-01-02T12:43:16+00:00,0.0
2017-01-02T12:45:02+00:00,0.0
2017-01-02T12:46:39+00:00,0.0
2017-01-02T12:48:22+00:00,0.0
2017-01-02T12:50:06+00:00,0.0
2017-01-02T12:51:41+00:00,0.0
2017-01-02T12:53:24+00:00,0.0
2017-01-02T12:55:11+00:00,0.0
2017-01-02T12:56:46+00:00,0.0
2017-01-02T12:58:27+00:00,0.0
2017-01-02T13:00:52+00:00,0.0
2017-01-02T13:02:26+00:00,0.0
2017-01-02T13:04:20+00:00,0.0
2017-01-02T13:05:56+00:00,0.0
2017-01-02T13:07:34+00:00,0.0
2017-01-02T13:09:25+00:00,0.0
2017-01-02T13:11:00+00:00,0.0
2017-01-02T13:12:34+00:00,0.0
2017-01-02T13:14:28+00:00,0.0
2017-01-02T13:16:03+00:00,0.0
2017-01-02T13:17:36+00:00,0.0
2017-01-02T13:19:26+00:00,0.0
2017-01-02T13:21:00+00:00,0.0
2017-01-02T13:22:35+00:00,0.0
2017-01-02T13:24:27+00:00,0.0
2017-01-02T13:26:00+00:00,0.0
2017-01-02T13:27:40+00:00,0.0
2017-01-02T13:29:32+00:00,0.0
2017-01-02T13:31:11+00:00,0.0
2017-01-02T13:32:47+00:00,0.0
2017-01-02T13:34:36+00:00,0.0
2017-01-02T13:36:17+00:00,0.0
2017-01-02T13:37:55+00:00,0.0
2017-01-02T13:39:44+00:00,0.0
2017-01-02T13:41:18+00:00,0.0
2017-01-02T13:42:53+00:00,0.0
2017-01-02T13:44:41+00:00,0.0
2017-01-02T13:46:14+00:00,0.0
2017-01-02T13:47:49+00:00,0.0
2017-01-02T13:49:37+00:00,0.0
2017-01-02T13:51:12+00:00,0.0
2017-01-02T13:52:46+00:00,0.0
2017-01-02T13:54:36+00:00,0.0
2017-01-02T13:56:10+00:00,0.0
2017-01-02T13:57:46+00:00,0.0
2017-01-02T13:59:34+00:00,0.0
2017-01-02T14:01:08+00:00,0.0
2017-01-02T14:02:43+00:00,0.0
2017-01-02T14:04:33+00:00,0.0
2017-01-02T14:06:08+00:00,0.0
2017-01-02T14:08:51+00:00,0.0
2017-01-02T14:10:31+00:00,0.0
2017-01-02T14:12:05+00:00,0.0
2017-01-02T14:13:50+00:00,0.0
2017-01-02T14:15:30+00:00,0.0
2017-01-02T14:17:04+00:00,0.0
2017-01-02T14:18:50+00:00,0.0
2017-01-02T14:20:31+00:00,0.0
2017-01-02T14:22:06+00:00,0.0
2017-01-02T14:23:53+00:00,0.0
2017-01-02T14:25:31+00:00,0.0
2017-01-02T14:27:05+00:00,0.0
2017-01-02T14:28:52+00:00,0.0
2017-01-02T14:30:29+00:00,0.0
2017-01-02T14:32:03+00:00,0.0
2017-01-02T14:33:49+00:00,0.0
2017-01-02T14:35:28+00:00,0.0
2017-01-02T14:37:02+00:00,0.0
2017-01-02T14:38:47+00:00,0.0
2017-01-02T14:40:25+00:00,0.0
2017-01-02T14:41:59+00:00,0.0
2017-01-02T14:43:42+00:00,0.0
2017-01-02T14:45:24+00:00,0.0
2017-01-02T14:46:57+00:00,0.0
2017-01-02T14:48:40+00:00,0.0
2017-01-02T14:50:23+00:00,0.0
2017-01-02T14:51:57+00:00,0.0
2017-01-02T14:53:44+00:00,0.0
2017-01-02T14:55:25+00:00,0.0
2017-01-02T14:56:59+00:00,0.0
2017-01-02T14:58:45+00:00,0.0
2017-01-02T15:00:24+00:00,0.0
2017-01-02T15:01:59+00:00,0.0
2017-01-02T15:03:42+00:00,0.0
2017-01-02T15:05:25+00:00,0.0
2017-01-02T15:06:59+00:00,0.0
2017-01-02T15:08:45+00:00,0.0
2017-01-02T15:10:26+00:00,0.0
2017-01-02T15:12:01+00:00,0.0
2017-01-02T15:13:59+00:00,0.0
2017-01-02T15:15:37+00:00,0.0
2017-01-02T15:17:11+00:00,0.0
2017-01-02T15:18:58+00:00,0.0
2017-01-02T15:20:35+00:00,0.0
2017-01-02T15:22:08+00:00,0.0
2017-01-02T15:23:54+00:00,0.0
2017-01-02T15:25:29+00:00,0.0
2017-01-02T15:27:03+00:00,0.0
2017-01-02T15:28:49+00:00,0.0
2017-01-02T15:30:28+00:00,0.0
2017-01-02T15:32:02+00:00,0.0
2017-01-02T15:33:51+00:00,0.0
2017-01-02T15:35:28+00:00,0.0
2017-01-02T15:37:01+00:00,0.0
2017-01-02T15:38:48+00:00,0.0
2017-01-02T15:40:27+00:00,0.0
2017-01-02T15:42:01+00:00,0.0
2017-01-02T15:43:47+00:00,0.0
2017-01-02T15:45:27+00:00,0.0
2017-01-02T15:47:00+00:00,0.0
2017-01-02T15:48:45+00:00,0.0
2017-01-02T15:50:24+00:00,0.0
2017-01-02T15:51:58+00:00,0.0
2017-01-02T15:53:41+00:00,0.0
2017-01-02T15:55:23+00:00,0.0
2017-01-02T15:56:57+00:00,0.0
2017-01-02T15:58:41+00:00,0.0
2017-01-02T16:00:25+00:00,0.0
2017-01-02T16:02:02+00:00,0.0
2017-01-02T16:03:48+00:00,0.0
2017-01-02T16:05:29+00:00,0.0
2017-01-02T16:07:03+00:00,0.0
2017-01-02T16:08:50+00:00,0.0
2017-01-02T16:10:30+00:00,0.0
2017-01-02T16:12:05+00:00,0.0
2017-01-02T16:13:54+00:00,0.0
2017-01-02T16:15:34+00:00,0.0
2017-01-02T16:17:09+00:00,0.0
2017-01-02T16:18:58+00:00,0.0
2017-01-02T16:20:35+00:00,0.0
2017-01-02T16:22:10+00:00,0.0
2017-01-02T16:23:57+00:00,0.0
2017-01-02T16:25:34+00:00,0.0
2017-01-02T16:27:09+00:00,0.0
2017-01-02T16:29:09+00:00,0.0
2017-01-02T16:30:44+00:00,0.0
2017-01-02T16:32:20+00:00,0.0
2017-01-02T16:34:12+00:00,0.0
2017-01-02T16:35:46+00:00,0.0
2017-01-02T16:37:21+00:00,0.0
2017-01-02T16:39:17+00:00,0.0
2017-01-02T16:40:53+00:00,0.0
2017-01-02T16:42:29+00:00,0.0
2017-01-02T16:44:19+00:00,0.0
2017-01-02T16:45:54+00:00,0.0
2017-01-02T16:47:36+00:00,0.0
2017-01-02T16:49:26+00:00,0.0
2017-01-02T16:51:19+00:00,0.0
2017-01-02T16:52:59+00:00,0.0
2017-01-02T16:54:48+00:00,0.0
2017-01-02T16:56:22+00:00,0.0
2017-01-02T16:58:00+00:00,0.0
2017-01-02T16:59:49+00:00,0.0
2017-01-02T17:01:24+00:00,0.0
2017-01-02T17:03:04+00:00,0.0
2017-01-02T17:04:55+00:00,0.0
2017-01-02T17:06:30+00:00,0.0
2017-01-02T17:08:13+00:00,0.0
2017-01-02T17:09:58+00:00,0.0
2017-01-02T17:11:33+00:00,0.0
2017-01-02T17:13:17+00:00,0.0
2017-01-02T17:15:03+00:00,0.0
2017-01-02T17:16:39+00:00,0.0
2017-01-02T17:18:20+00:00,0.0
2017-01-02T17:20:07+00:00,0.0
2017-01-02T17:21:41+00:00,0.0
2017-01-02T17:23:23+00:00,0.0
2017-01-02T17:25:08+00:00,0.0
2017-01-02T17:26:44+00:00,0.0
2017-01-02T17:28:26+00:00,0.0
2017-01-02T17:30:12+00:00,0.0
2017-01-02T17:31:47+00:00,0.0
2017-01-02T17:33:29+00:00,0.0
2017-01-02T17:35:12+00:00,0.0
2017-01-02T17:36:48+00:00,0.0
2017-01-02T17:38:35+00:00,0.0
2017-01-02T17:40:20+00:00,0.0
2017-01-02T17:41:57+00:00,0.0
2017-01-02T17:43:46+00:00,0.0
2017-01-02T17:45:27+00:00,0.0
2017-01-02T17:47:02+00:00,0.0
2017-01-02T17:48:50+00:00,0.0
2017-01-02T17:50:29+00:00,0.0
2017-01-02T17:52:05+00:00,0.0
2017-01-02T17:53:55+00:00,0.0
2017-01-02T17:55:36+00:00,0.0
2017-01-02T17:57:13+00:00,0.0
2017-01-02T17:59:05+00:00,0.0
2017-01-02T18:00:43+00:00,0.0
2017-01-02T18:02:17+00:00,0.0
2017-01-02T18:04:10+00:00,0.0
2017-01-02T18:05:48+00:00,0.0
2017-01-02T18:07:24+00:00,0.0
2017-01-02T18:09:17+00:00,0.0
2017-01-02T18:10:53+00:00,0.0
2017-01-02T18:12:31+00:00,0.0
2017-01-02T18:14:24+00:00,0.0
2017-01-02T18:16:01+00:00,0.0
2017-01-02T18:17:37+00:00,0.0
2017-01-02T18:19:40+00:00,0.0
2017-01-02T18:21:14+00:00,0.0
2017-01-02T18:22:52+00:00,0.0
2017-01-02T18:24:44+00:00,0.0
2017-01-02T18:26:20+00:00,0.0
2017-01-02T18:27:58+00:00,0.0
2017-01-02T18:29:47+00:00,0.0
2017-01-02T18:31:23+00:00,0.0
2017-01-02T18:33:03+00:00,0.0
2017-01-02T18:34:53+00:00,0.0
2017-01-02T18:36:28+00:00,0.0
2017-01-02T18:38:09+00:00,0.0
2017-01-02T18:39:56+00:00,0.0
2017-01-02T18:41:32+00:00,0.0
2017-01-02T18:43:12+00:00,0.0
2017-01-02T18:44:57+00:00,0.0
2017-01-02T18:46:33+00:00,0.0
2017-01-02T18:48:14+00:00,0.0
2017-01-02T18:50:02+00:00,0.0
2017-01-02T18:51:38+00:00,0.0
2017-01-02T18:53:21+00:00,0.0
2017-01-02T18:55:05+00:00,0.0
2017-01-02T18:56:41+00:00,0.0
2017-01-02T18:58:23+00:00,0.0
2017-01-02T19:00:10+00:00,0.0
2017-01-02T19:01:46+00:00,0.0
2017-01-02T19:03:27+00:00,0.0
2017-01-02T19:05:29+00:00,0.0
2017-01-02T19:07:05+00:00,0.0
2017-01-02T19:08:52+00:00,0.0
2017-01-02T19:10:34+00:00,0.0
2017-01-02T19:12:11+00:00,0.0
2017-01-02T19:14:02+00:00,0.0
2017-01-02T19:15:39+00:00,0.0
2017-01-02T19:17:14+00:00,0.0
2017-01-02T19:19:05+00:00,0.0
2017-01-02T19:20:40+00:00,0.0
2017-01-02T19:22:16+00:00,0.0
2017-01-02T19:24:11+00:00,0.0
2017-01-02T19:25:46+00:00,0.0
2017-01-02T19:27:21+00:00,0.0
2017-01-02T19:29:10+00:00,0.0
2017-01-02T19:30:47+00:00,0.0
2017-01-02T19:32:22+00:00,0.0
2017-01-02T19:34:15+00:00,0.0
2017-01-02T19:35:51+00:00,0.0
2017-01-02T19:37:25+00:00,0.0
2017-01-02T19:39:15+00:00,0.0
2017-01-02T19:40:49+00:00,0.0
2017-01-02T19:42:25+00:00,0.0
2017-01-02T19:44:18+00:00,0.0
2017-01-02T19:45:55+00:00,0.0
2017-01-02T19:47:31+00:00,0.0
2017-01-02T19:49:20+00:00,0.0
2017-01-02T19:50:57+00:00,0.0
2017-01-02T19:52:32+00:00,0.0
2017-01-02T19:54:23+00:00,0.0
2017-01-02T19:55:58+00:00,0.0
2017-01-02T19:57:34+00:00,0.0
2017-01-02T19:59:27+00:00,0.0
2017-01-02T20:01:01+00:00,0.0
2017-01-02T20:02:37+00:00,0.0
2017-01-02T20:04:30+00:00,0.0
2017-01-02T20:06:06+00:00,0.0
2017-01-02T20:08:04+00:00,0.0
2017-01-02T20:09:55+00:00,0.0
2017-01-02T20:11:31+00:00,0.0
2017-01-02T20:13:11+00:00,0.0
2017-01-02T20:14:58+00:00,0.0
2017-01-02T20:16:35+00:00,0.0
2017-01-02T20:18:18+00:00,0.0
2017-01-02T20:20:02+00:00,0.0
2017-01-02T20:21:37+00:00,0.0
2017-01-02T20:23:21+00:00,0.0
2017-01-02T20:25:07+00:00,0.0
2017-01-02T20:26:42+00:00,0.0
2017-01-02T20:28:25+00:00,0.0
2017-01-02T20:30:10+00:00,0.0
2017-01-02T20:31:44+00:00,0.0
2017-01-02T20:33:29+00:00,0.0
2017-01-02T20:35:12+00:00,0.0
2017-01-02T20:36:46+00:00,0.0
2017-01-02T20:38:28+00:00,0.0
2017-01-02T20:40:11+00:00,0.0
2017-01-02T20:41:45+00:00,0.0
2017-01-02T20:43:30+00:00,0.0
2017-01-02T20:45:17+00:00,0.0
2017-01-02T20:46:53+00:00,0.0
2017-01-02T20:48:38+00:00,0.0
2017-01-02T20:50:22+00:00,0.0
2017-01-02T20:51:58+00:00,0.0
2017-01-02T20:53:45+00:00,0.0
2017-01-02T20:55:26+00:00,0.0
2017-01-02T20:57:01+00:00,0.0
2017-01-02T20:58:48+00:00,0.0
2017-01-02T21:00:28+00:00,0.0
2017-01-02T21:02:04+00:00,0.0
2017-01-02T21:03:50+00:00,0.0
2017-01-02T21:05:30+00:00,0.0
2017-01-02T21:07:06+00:00,0.0
2017-01-02T21:08:56+00:00,0.0
2017-01-02T21:10:36+00:00,0.0
2017-01-02T21:12:11+00:00,0.0
2017-01-02T21:14:01+00:00,0.0
2017-01-02T21:15:37+00:00,0.0
2017-01-02T21:17:13+00:00,0.0
2017-01-02T21:19:04+00:00,0.0
2017-01-02T21:20:41+00:00,0.0
2017-01-02T21:22:16+00:00,0.0
2017-01-02T21:24:08+00:00,0.0
2017-01-02T21:25:42+00:00,0.0
2017-01-02T21:27:18+00:00,0.0
2017-01-02T21:29:09+00:00,0.0
2017-01-02T21:30:47+00:00,0.0
2017-01-02T21:32:27+00:00,0.0
2017-01-02T21:34:18+00:00,0.0
2017-01-02T21:35:55+00:00,0.0
2017-01-02T21:37:31+00:00,0.0
2017-01-02T21:39:25+00:00,0.0
2017-01-02T21:40:59+00:00,0.0
2017-01-02T21:42:36+00:00,0.0
2017-01-02T21:44:28+00:00,0.0
2017-01-02T21:46:04+00:00,0.0
2017-01-02T21:47:40+00:00,0.0
2017-01-02T21:49:33+00:00,0.0
2017-01-02T21:51:08+00:00,0.0
2017-01-02T21:52:46+00:00,0.0
2017-01-02T21:54:37+00:00,0.0
2017-01-02T21:56:12+00:00,0.0
2017-01-02T21:57:48+00:00,0.0
2017-01-02T21:59:38+00:00,0.0
2017-01-02T22:01:12+00:00,0.0
2017-01-02T22:02:47+00:00,0.0
2017-01-02T22:04:55+00:00,0.0
2017-01-02T22:06:30+00:00,0.0
2017-01-02T22:08:11+00:00,0.0
2017-01-02T22:09:57+00:00,0.0
2017-01-02T22:11:31+00:00,0.0
2017-01-02T22:13:11+00:00,0.0
2017-01-02T22:15:01+00:00,0.0
2017-01-02T22:16:38+00:00,0.0
2017-01-02T22:18:20+00:00,0.0
2017-01-02T22:20:04+00:00,0.0
2017-01-02T22:21:38+00:00,0.0
2017-01-02T22:23:21+00:00,0.0
2017-01-02T22:25:04+00:00,0.0
2017-01-02T22:26:38+00:00,0.0
2017-01-02T22:28:21+00:00,0.0
2017-01-02T22:30:06+00:00,0.0
2017-01-02T22:31:40+00:00,0.0
2017-01-02T22:33:28+00:00,0.0
2017-01-02T22:35:12+00:00,0.0
2017-01-02T22:36:56+00:00,0.0
2017-01-02T22:38:44+00:00,0.0
2017-01-02T22:40:25+00:00,0.0
2017-01-02T22:42:01+00:00,0.0
2017-01-02T22:43:49+00:00,0.0
2017-01-02T22:45:30+00:00,0.0
2017-01-02T22:47:04+00:00,0.0
2017-01-02T22:48:52+00:00,0.0
2017-01-02T22:50:31+00:00,0.0
2017-01-02T22:52:05+00:00,0.0
2017-01-02T22:53:53+00:00,0.0
2017-01-02T22:55:31+00:00,0.0
2017-01-02T22:57:16+00:00,0.0
2017-01-02T22:59:07+00:00,0.0
2017-01-02T23:00:43+00:00,0.0
2017-01-02T23:02:18+00:00,0.0
2017-01-02T23:04:08+00:00,0.0
2017-01-02T23:05:45+00:00,0.0
2017-01-02T23:07:20+00:00,0.0
2017-01-02T23:09:11+00:00,0.0
2017-01-02T23:10:47+00:00,0.0
2017-01-02T23:12:32+00:00,0.0
2017-01-02T23:14:25+00:00,0.0
2017-01-02T23:15:59+00:00,0.0
2017-01-02T23:17:35+00:00,0.0
2017-01-02T23:19:25+00:00,0.0
2017-01-02T23:20:59+00:00,0.0
2017-01-02T23:22:34+00:00,0.0
2017-01-02T23:24:25+00:00,0.0
2017-01-02T23:25:59+00:00,0.0
2017-01-02T23:27:34+00:00,0.0
2017-01-02T23:29:24+00:00,0.0
2017-01-02T23:30:59+00:00,0.0
2017-01-02T23:32:35+00:00,0.0
2017-01-02T23:34:27+00:00,0.0
2017-01-02T23:36:02+00:00,0.0
2017-01-02T23:37:36+00:00,0.0
2017-01-02T23:39:27+00:00,0.0
2017-01-02T23:41:02+00:00,0.0
2017-01-02T23:42:40+00:00,0.0
2017-01-02T23:44:32+00:00,0.0
2017-01-02T23:46:07+00:00,0.0
2017-01-02T23:47:43+00:00,0.0
2017-01-02T23:49:35+00:00,0.0
2017-01-02T23:51:12+00:00,0.0
2017-01-02T23:52:48+00:00,0.0
2017-01-02T23:54:36+00:00,0.0
2017-01-02T23:56:12+00:00,0.0
2017-01-02T23:57:47+00:00,0.0
2017-01-02T23:59:36+00:00,0.0
2017-01-03T00:01:11+00:00,0.0
2017-01-03T00:02:46+00:00,0.0
2017-01-03T00:04:36+00:00,0.0
2017-01-03T00:06:11+00:00,0.0
2017-01-03T00:07:49+00:00,0.0
2017-01-03T00:09:41+00:00,0.0
2017-01-03T00:11:16+00:00,0.0
2017-01-03T00:12:53+00:00,0.0
2017-01-03T00:14:44+00:00,0.0
2017-01-03T00:16:49+00:00,0.0
2017-01-03T00:18:32+00:00,0.0
2017-01-03T00:20:17+00:00,0.0
2017-01-03T00:21:52+00:00,0.0
2017-01-03T00:23:36+00:00,0.0
2017-01-03T00:25:20+00:00,0.0
2017-01-03T00:26:55+00:00,0.0
2017-01-03T00:28:40+00:00,0.0
2017-01-03T00:30:24+00:00,0.0
2017-01-03T00:31:59+00:00,0.0
2017-01-03T00:33:52+00:00,0.0
2017-01-03T00:35:31+00:00,0.0
2017-01-03T00:37:07+00:00,0.0
2017-01-03T00:38:58+00:00,0.0
2017-01-03T00:40:36+00:00,0.0
2017-01-03T00:42:11+00:00,0.0
2017-01-03T00:44:02+00:00,0.0
2017-01-03T00:45:39+00:00,0.0
2017-01-03T00:47:26+00:00,0.0
2017-01-03T00:49:16+00:00,0.0
2017-01-03T00:51:02+00:00,0.0
2017-01-03T00:52:37+00:00,0.0
2017-01-03T00:54:27+00:00,0.0
2017-01-03T00:56:21+00:00,0.0
2017-01-03T00:58:01+00:00,0.0
2017-01-03T00:59:51+00:00,0.0
2017-01-03T01:01:27+00:00,0.0
2017-01-03T01:03:05+00:00,0.0
2017-01-03T01:04:56+00:00,0.0
2017-01-03T01:06:31+00:00,0.0
2017-01-03T01:08:14+00:00,0.0
2017-01-03T01:10:01+00:00,0.0
2017-01-03T01:11:39+00:00,0.0
2017-01-03T01:13:21+00:00,0.0
2017-01-03T01:15:08+00:00,0.0
2017-01-03T01:16:45+00:00,0.0
2017-01-03T01:18:29+00:00,0.0
2017-01-03T01:20:14+00:00,0.0
2017-01-03T01:21:49+00:00,0.0
2017-01-03T01:23:32+00:00,0.0
2017-01-03T01:25:17+00:00,0.0
2017-01-03T01:26:52+00:00,0.0
2017-01-03T01:28:37+00:00,0.0
2017-01-03T01:30:22+00:00,0.0
2017-01-03T01:31:57+00:00,0.0
2017-01-03T01:33:42+00:00,0.0
2017-01-03T01:35:25+00:00,0.0
2017-01-03T01:36:59+00:00,0.0
2017-01-03T01:38:46+00:00,0.0
2017-01-03T01:40:25+00:00,0.0
2017-01-03T01:42:03+00:00,0.0
2017-01-03T01:43:51+00:00,0.0
2017-01-03T01:45:30+00:00,0.0
2017-01-03T01:47:24+00:00,0.0
2017-01-03T01:49:15+00:00,0.0
2017-01-03T01:50:48+00:00,0.0
2017-01-03T01:52:25+00:00,0.0
2017-01-03T01:54:18+00:00,0.0
2017-01-03T01:55:53+00:00,0.0
2017-01-03T01:57:29+00:00,0.0
2017-01-03T01:59:20+00:00,0.0
2017-01-03T02:00:59+00:00,0.0
2017-01-03T02:02:38+00:00,0.0
2017-01-03T02:05:06+00:00,0.0
2017-01-03T02:06:41+00:00,0.0
2017-01-03T02:08:26+00:00,0.0
2017-01-03T02:10:12+00:00,0.0
2017-01-03T02:11:48+00:00,0.0
2017-01-03T02:13:31+00:00,0.0
2017-01-03T02:15:19+00:00,0.0
2017-01-03T02:16:54+00:00,0.0
2017-01-03T02:18:41+00:00,0.0
2017-01-03T02:20:28+00:00,0.0
2017-01-03T02:22:10+00:00,0.0
2017-01-03T02:23:58+00:00,0.0
2017-01-03T02:25:36+00:00,0.0
2017-01-03T02:27:13+00:00,0.0
2017-01-03T02:29:06+00:00,0.0
2017-01-03T02:30:41+00:00,0.0
2017-01-03T02:32:17+00:00,0.0
2017-01-03T02:34:07+00:00,0.0
2017-01-03T02:35:45+00:00,0.0
2017-01-03T02:37:20+00:00,0.0
2017-01-03T02:39:09+00:00,0.0
2017-01-03T02:40:44+00:00,0.0
2017-01-03T02:42:20+00:00,0.0
2017-01-03T02:44:14+00:00,0.0
2017-01-03T02:45:48+00:00,0.0
2017-01-03T02:47:22+00:00,0.0
2017-01-03T02:49:13+00:00,0.0
2017-01-03T02:50:48+00:00,0.0
2017-01-03T02:52:43+00:00,0.0
2017-01-03T02:54:34+00:00,0.0
2017-01-03T02:56:09+00:00,0.0
2017-01-03T02:57:44+00:00,0.0
2017-01-03T02:59:37+00:00,0.0
2017-01-03T03:01:13+00:00,0.0
2017-01-03T03:02:49+00:00,0.0
2017-01-03T03:04:43+00:00,0.0
2017-01-03T03:06:18+00:00,0.0
2017-01-03T03:07:56+00:00,0.0
2017-01-03T03:09:48+00:00,0.0
2017-01-03T03:11:23+00:00,0.0
2017-01-03T03:13:00+00:00,0.0
2017-01-03T03:14:50+00:00,0.0
2017-01-03T03:16:25+00:00,0.0
2017-01-03T03:18:05+00:00,0.0
2017-01-03T03:19:55+00:00,0.0
2017-01-03T03:21:29+00:00,0.0
2017-01-03T03:23:08+00:00,0.0
2017-01-03T03:24:59+00:00,0.0
2017-01-03T03:26:32+00:00,0.0
2017-01-03T03:28:13+00:00,0.0
2017-01-03T03:29:58+00:00,0.0
2017-01-03T03:31:32+00:00,0.0
2017-01-03T03:33:14+00:00,0.0
2017-01-03T03:35:00+00:00,0.0
2017-01-03T03:36:44+00:00,0.0
2017-01-03T03:38:27+00:00,0.0
2017-01-03T03:40:10+00:00,0.0
2017-01-03T03:41:44+00:00,0.0
2017-01-03T03:43:28+00:00,0.0
2017-01-03T03:45:10+00:00,0.0
2017-01-03T03:46:45+00:00,0.0
2017-01-03T03:48:29+00:00,0.0
2017-01-03T03:50:13+00:00,0.0
2017-01-03T03:51:49+00:00,0.0
2017-01-03T03:53:31+00:00,0.0
2017-01-03T03:55:20+00:00,0.0
2017-01-03T03:56:55+00:00,0.0
2017-01-03T03:58:41+00:00,0.0
2017-01-03T04:00:25+00:00,0.0
2017-01-03T04:02:00+00:00,0.0
2017-01-03T04:03:44+00:00,0.0
2017-01-03T04:05:28+00:00,0.0
2017-01-03T04:07:09+00:00,0.0
2017-01-03T04:08:54+00:00,0.0
2017-01-03T04:10:34+00:00,0.0
2017-01-03T04:12:28+00:00,0.0
2017-01-03T04:14:21+00:00,0.0
2017-01-03T04:15:56+00:00,0.0
2017-01-03T04:17:31+00:00,0.0
2017-01-03T04:19:22+00:00,0.0
2017-01-03T04:20:55+00:00,0.0
2017-01-03T04:22:32+00:00,0.0
2017-01-03T04:24:23+00:00,0.0
2017-01-03T04:25:59+00:00,0.0
2017-01-03T04:27:34+00:00,0.0
2017-01-03T04:29:28+00:00,0.0
2017-01-03T04:31:02+00:00,0.0
2017-01-03T04:32:37+00:00,0.0
2017-01-03T04:34:27+00:00,0.0
2017-01-03T04:36:01+00:00,0.0
2017-01-03T04:37:38+00:00,0.0
2017-01-03T04:39:30+00:00,0.0
2017-01-03T04:41:05+00:00,0.0
2017-01-03T04:42:39+00:00,0.0
2017-01-03T04:44:29+00:00,0.0
2017-01-03T04:46:03+00:00,0.0
2017-01-03T04:47:40+00:00,0.0
2017-01-03T04:49:30+00:00,0.0
2017-01-03T04:51:05+00:00,0.0
2017-01-03T04:52:40+00:00,0.0
2017-01-03T04:54:33+00:00,0.0
2017-01-03T04:56:07+00:00,0.0
2017-01-03T04:57:44+00:00,0.0
2017-01-03T04:59:38+00:00,0.0
2017-01-03T05:01:23+00:00,0.0
2017-01-03T05:03:26+00:00,0.0
2017-01-03T05:08:39+00:00,0.0
2017-01-03T05:10:27+00:00,0.0
2017-01-03T05:12:04+00:00,0.0
2017-01-03T05:13:52+00:00,0.0
2017-01-03T05:15:35+00:00,0.0
2017-01-03T05:17:14+00:00,0.0
2017-01-03T05:19:05+00:00,0.0
2017-01-03T05:20:46+00:00,0.0
2017-01-03T05:22:26+00:00,0.0
2017-01-03T05:24:27+00:00,0.0
2017-01-03T05:26:12+00:00,0.0
2017-01-03T05:27:57+00:00,0.0
2017-01-03T05:29:49+00:00,0.0
2017-01-03T05:31:35+00:00,0.0
2017-01-03T05:33:33+00:00,0.0
2017-01-03T05:35:37+00:00,0.0
2017-01-03T13:08:48+00:00,0.0
2017-01-03T13:10:37+00:00,0.0
2017-01-03T13:12:16+00:00,0.0
2017-01-03T13:14:04+00:00,0.0
2017-01-03T13:15:47+00:00,0.0
2017-01-03T13:17:22+00:00,0.0
2017-01-03T13:19:11+00:00,0.0
2017-01-03T13:20:54+00:00,0.0
2017-01-03T13:22:31+00:00,0.0
2017-01-03T13:24:36+00:00,0.0
2017-01-03T13:26:18+00:00,0.0
2017-01-03T13:27:56+00:00,0.0
2017-01-03T13:29:49+00:00,0.0
2017-01-03T13:31:32+00:00,0.0
2017-01-03T13:33:09+00:00,0.0
2017-01-03T13:35:03+00:00,0.0
2017-01-03T13:36:38+00:00,0.0
2017-01-03T13:38:16+00:00,0.0
2017-01-03T13:40:04+00:00,0.0
2017-01-03T13:41:40+00:00,0.0
2017-01-03T13:43:17+00:00,0.0
2017-01-03T13:45:06+00:00,0.0
2017-01-03T13:46:41+00:00,0.0
2017-01-03T13:48:20+00:00,0.0
2017-01-03T13:50:08+00:00,0.0
2017-01-03T13:51:42+00:00,0.0
2017-01-03T13:53:22+00:00,0.0
2017-01-03T13:55:08+00:00,0.0
2017-01-03T13:56:42+00:00,0.0
2017-01-03T13:58:21+00:00,0.0
2017-01-03T14:00:10+00:00,0.0
2017-01-03T14:01:45+00:00,0.0
2017-01-03T14:03:25+00:00,0.0
2017-01-03T14:05:14+00:00,0.0
2017-01-03T14:06:48+00:00,0.0
2017-01-03T14:08:28+00:00,0.0
2017-01-03T14:10:17+00:00,0.0
2017-01-03T14:11:52+00:00,0.0
2017-01-03T14:13:32+00:00,0.0
2017-01-03T14:15:24+00:00,0.0
2017-01-03T14:16:58+00:00,0.0
2017-01-03T14:18:40+00:00,0.0
2017-01-03T14:20:25+00:00,0.0
2017-01-03T14:22:00+00:00,0.0
2017-01-03T14:23:42+00:00,0.0
2017-01-03T14:25:26+00:00,0.0
2017-01-03T14:27:01+00:00,0.0
2017-01-03T14:28:42+00:00,0.0
2017-01-03T14:30:29+00:00,0.0
2017-01-03T14:32:03+00:00,0.0
2017-01-03T14:33:46+00:00,0.0
2017-01-03T14:35:32+00:00,0.0
2017-01-03T14:37:07+00:00,0.0
2017-01-03T14:38:51+00:00,0.0
2017-01-03T14:40:33+00:00,0.0
2017-01-03T14:42:07+00:00,0.0
2017-01-03T14:43:51+00:00,0.0
2017-01-03T14:45:36+00:00,0.0
2017-01-03T14:47:10+00:00,0.0
2017-01-03T14:48:53+00:00,0.0
2017-01-03T14:50:37+00:00,0.0
2017-01-03T14:52:11+00:00,0.0
2017-01-03T14:53:56+00:00,0.0
2017-01-03T14:55:37+00:00,0.0
2017-01-03T14:57:11+00:00,0.0
2017-01-03T14:58:57+00:00,0.0
2017-01-03T15:00:42+00:00,0.0
2017-01-03T15:02:18+00:00,0.0
2017-01-03T15:04:04+00:00,0.0
2017-01-03T15:05:47+00:00,0.0
2017-01-03T15:07:22+00:00,0.0
2017-01-03T15:09:08+00:00,0.0
2017-01-03T15:10:47+00:00,0.0
2017-01-03T15:12:21+00:00,0.0
2017-01-03T15:14:12+00:00,0.0
2017-01-03T15:15:51+00:00,0.0
2017-01-03T15:17:26+00:00,0.0
2017-01-03T15:19:14+00:00,0.0
2017-01-03T15:20:53+00:00,0.0
2017-01-03T15:22:28+00:00,0.0
2017-01-03T15:24:18+00:00,0.0
2017-01-03T15:25:56+00:00,0.0
2017-01-03T15:27:31+00:00,0.0
2017-01-03T15:29:22+00:00,0.0
2017-01-03T15:31:00+00:00,0.0
2017-01-03T15:32:36+00:00,0.0
2017-01-03T15:34:28+00:00,0.0
2017-01-03T15:36:06+00:00,0.0
2017-01-03T15:37:41+00:00,0.0
2017-01-03T15:39:34+00:00,0.0
2017-01-03T15:41:09+00:00,0.0
2017-01-03T15:42:44+00:00,0.0
2017-01-03T15:44:36+00:00,0.0
2017-01-03T15:46:12+00:00,0.0
2017-01-03T15:47:47+00:00,0.0
2017-01-03T15:49:37+00:00,0.0
2017-01-03T15:51:11+00:00,0.0
2017-01-03T15:52:47+00:00,0.0
2017-01-03T15:54:37+00:00,0.0
2017-01-03T15:56:12+00:00,0.0
2017-01-03T15:57:47+00:00,0.0
2017-01-03T15:59:38+00:00,0.0
2017-01-03T16:01:14+00:00,0.0
2017-01-03T16:02:50+00:00,0.0
2017-01-03T16:04:41+00:00,0.0
2017-01-03T16:06:17+00:00,0.0
2017-01-03T16:07:53+00:00,0.0
2017-01-03T16:09:44+00:00,0.0
2017-01-03T16:11:20+00:00,0.0
2017-01-03T16:12:57+00:00,0.0
2017-01-03T16:14:49+00:00,0.0
2017-01-03T16:16:23+00:00,0.0
2017-01-03T16:17:59+00:00,0.0
2017-01-03T16:19:50+00:00,0.0
2017-01-03T16:21:25+00:00,0.0
2017-01-03T16:23:00+00:00,0.0
2017-01-03T16:24:52+00:00,0.0
2017-01-03T16:26:27+00:00,0.0
2017-01-03T16:28:04+00:00,0.0
2017-01-03T16:29:55+00:00,0.0
2017-01-03T16:31:31+00:00,0.0
2017-01-03T16:33:08+00:00,0.0
2017-01-03T16:35:11+00:00,0.0
2017-01-03T16:36:45+00:00,0.0
2017-01-03T16:38:23+00:00,0.0
2017-01-03T16:40:14+00:00,0.0
2017-01-03T16:41:48+00:00,0.0
2017-01-03T16:43:27+00:00,0.0
2017-01-03T16:45:15+00:00,0.0
2017-01-03T16:46:49+00:00,0.0
2017-01-03T16:48:40+00:00,0.0
2017-01-03T16:50:26+00:00,0.0
2017-01-03T16:52:02+00:00,0.0
2017-01-03T16:53:43+00:00,0.0
2017-01-03T16:55:56+00:00,0.0
2017-01-03T16:57:32+00:00,0.0
2017-01-03T16:59:20+00:00,0.0
2017-01-03T17:00:58+00:00,0.0
2017-01-03T17:02:32+00:00,0.0
2017-01-03T17:04:21+00:00,0.0
2017-01-03T17:06:00+00:00,0.0
2017-01-03T17:07:34+00:00,0.0
2017-01-03T17:09:25+00:00,0.0
2017-01-03T17:11:01+00:00,0.0
2017-01-03T17:12:36+00:00,0.0
2017-01-03T17:14:41+00:00,0.0
2017-01-03T17:16:17+00:00,0.0
2017-01-03T17:17:53+00:00,0.0
2017-01-03T17:19:43+00:00,0.0
2017-01-03T17:21:19+00:00,0.0
2017-01-03T17:22:55+00:00,0.0
2017-01-03T17:24:46+00:00,0.0
2017-01-03T17:26:21+00:00,0.0
2017-01-03T17:27:56+00:00,0.0
2017-01-03T17:29:47+00:00,0.0
2017-01-03T17:31:22+00:00,0.0
2017-01-03T17:32:58+00:00,0.0
2017-01-03T17:34:50+00:00,0.0
2017-01-03T17:36:26+00:00,0.0
2017-01-03T17:38:01+00:00,0.0
2017-01-03T17:39:51+00:00,0.0
2017-01-03T17:41:26+00:00,0.0
2017-01-03T17:43:03+00:00,0.0
2017-01-03T17:44:54+00:00,0.0
2017-01-03T17:46:29+00:00,0.0
2017-01-03T17:48:04+00:00,0.0
2017-01-03T17:49:56+00:00,0.0
2017-01-03T17:51:31+00:00,0.0
2017-01-03T17:53:07+00:00,0.0
2017-01-03T17:54:59+00:00,0.0
2017-01-03T17:56:33+00:00,0.0
2017-01-03T17:58:10+00:00,0.0
2017-01-03T17:59:58+00:00,0.0
2017-01-03T18:01:35+00:00,0.0
2017-01-03T18:03:11+00:00,0.0
2017-01-03T18:05:03+00:00,0.0
2017-01-03T18:06:37+00:00,0.0
2017-01-03T18:08:14+00:00,0.0
2017-01-03T18:10:04+00:00,0.0
2017-01-03T18:11:39+00:00,0.0
2017-01-03T18:13:18+00:00,0.0
2017-01-03T18:15:07+00:00,0.0
2017-01-03T18:16:42+00:00,0.0
2017-01-03T18:18:19+00:00,0.0
2017-01-03T18:20:10+00:00,0.0
2017-01-03T18:21:45+00:00,0.0
2017-01-03T18:23:25+00:00,0.0
2017-01-03T18:25:13+00:00,0.0
2017-01-03T18:26:48+00:00,0.0
2017-01-03T18:28:26+00:00,0.0
2017-01-03T18:30:12+00:00,0.0
2017-01-03T18:31:48+00:00,0.0
2017-01-03T18:33:27+00:00,0.0
2017-01-03T18:35:15+00:00,0.0
2017-01-03T18:36:51+00:00,0.0
2017-01-03T18:38:32+00:00,0.0
2017-01-03T18:40:18+00:00,0.0
2017-01-03T18:41:51+00:00,0.0
2017-01-03T18:43:33+00:00,0.0
2017-01-03T18:45:19+00:00,0.0
2017-01-03T18:46:54+00:00,0.0
2017-01-03T18:48:34+00:00,0.0
2017-01-03T18:50:22+00:00,0.0
2017-01-03T18:51:57+00:00,0.0
2017-01-03T18:53:37+00:00,0.0
2017-01-03T18:55:23+00:00,0.0
2017-01-03T18:56:58+00:00,0.0
2017-01-03T18:58:40+00:00,0.0
2017-01-03T19:00:25+00:00,0.0
2017-01-03T19:02:00+00:00,0.0
2017-01-03T19:03:42+00:00,0.0
2017-01-03T19:05:27+00:00,0.0
2017-01-03T19:07:02+00:00,0.0
2017-01-03T19:08:45+00:00,0.0
2017-01-03T19:10:30+00:00,0.0
2017-01-03T19:12:04+00:00,0.0
2017-01-03T19:13:48+00:00,0.0
2017-01-03T19:15:32+00:00,0.0
2017-01-03T19:17:08+00:00,0.0
2017-01-03T19:18:51+00:00,0.0
2017-01-03T19:20:35+00:00,0.0
2017-01-03T19:22:10+00:00,0.0
2017-01-03T19:23:52+00:00,0.0
2017-01-03T19:25:34+00:00,0.0
2017-01-03T19:27:09+00:00,0.0
2017-01-03T19:28:52+00:00,0.0
2017-01-03T19:30:38+00:00,0.0
2017-01-03T19:32:14+00:00,0.0
2017-01-03T19:34:00+00:00,0.0
2017-01-03T19:35:41+00:00,0.0
2017-01-03T19:37:16+00:00,0.0
2017-01-03T19:39:02+00:00,0.0
2017-01-03T19:40:43+00:00,0.0
2017-01-03T19:42:18+00:00,0.0
2017-01-03T19:44:04+00:00,0.0
2017-01-03T19:45:44+00:00,0.0
2017-01-03T19:47:18+00:00,0.0
2017-01-03T19:49:03+00:00,0.0
2017-01-03T19:50:47+00:00,0.0
2017-01-03T19:52:23+00:00,0.0
2017-01-03T19:54:12+00:00,0.0
2017-01-03T19:55:54+00:00,0.0
2017-01-03T19:57:30+00:00,0.0
2017-01-03T19:59:20+00:00,0.0
2017-01-03T20:00:57+00:00,0.0
2017-01-03T20:02:33+00:00,0.0
2017-01-03T20:04:22+00:00,0.0
2017-01-03T20:06:02+00:00,0.0
2017-01-03T20:07:49+00:00,0.0
2017-01-03T20:09:44+00:00,0.0
2017-01-03T20:11:22+00:00,0.0
2017-01-03T20:12:59+00:00,0.0
2017-01-03T20:14:50+00:00,0.0
2017-01-03T20:16:31+00:00,0.0
2017-01-03T20:18:08+00:00,0.0
2017-01-03T20:20:20+00:00,0.0
2017-01-03T20:21:56+00:00,0.0
2017-01-03T20:23:38+00:00,0.0
2017-01-03T20:25:28+00:00,0.0
2017-01-03T20:27:03+00:00,0.0
2017-01-03T20:28:47+00:00,0.0
2017-01-03T20:30:34+00:00,0.0
2017-01-03T20:32:11+00:00,0.0
2017-01-03T20:33:58+00:00,0.0
2017-01-03T20:35:43+00:00,0.0
2017-01-03T20:37:21+00:00,0.0
2017-01-03T20:39:08+00:00,0.0
2017-01-03T20:40:50+00:00,0.0
2017-01-03T20:42:26+00:00,0.0
2017-01-03T20:44:15+00:00,0.0
2017-01-03T20:45:55+00:00,0.0
2017-01-03T20:47:29+00:00,0.0
2017-01-03T20:49:20+00:00,0.0
2017-01-03T20:51:00+00:00,0.0
2017-01-03T20:52:37+00:00,0.0
2017-01-03T20:54:27+00:00,0.0
2017-01-03T20:56:03+00:00,0.0
2017-01-03T20:57:38+00:00,0.0
2017-01-03T20:59:28+00:00,0.0
2017-01-03T21:01:04+00:00,0.0
2017-01-03T21:02:41+00:00,0.0
2017-01-03T21:04:33+00:00,0.0
2017-01-03T21:06:08+00:00,0.0
2017-01-03T21:07:47+00:00,0.0
2017-01-03T21:09:41+00:00,0.0
2017-01-03T21:11:17+00:00,0.0
2017-01-03T21:12:54+00:00,0.0
2017-01-03T21:14:49+00:00,0.0
2017-01-03T21:16:28+00:00,0.0
2017-01-03T21:18:05+00:00,0.0
2017-01-03T21:19:57+00:00,0.0
2017-01-03T21:21:34+00:00,0.0
2017-01-03T21:23:12+00:00,0.0
2017-01-03T21:25:05+00:00,0.0
2017-01-03T21:26:40+00:00,0.0
2017-01-03T21:28:20+00:00,0.0
2017-01-03T21:30:08+00:00,0.0
2017-01-03T21:32:14+00:00,0.0
2017-01-03T21:33:59+00:00,0.0
2017-01-03T21:35:43+00:00,0.0
2017-01-03T21:37:21+00:00,0.0
2017-01-03T21:39:11+00:00,0.0
2017-01-03T21:40:52+00:00,0.0
2017-01-03T21:42:29+00:00,0.0
2017-01-03T21:44:17+00:00,0.0
2017-01-03T21:45:55+00:00,0.0
2017-01-03T21:47:31+00:00,0.0
2017-01-03T21:49:24+00:00,0.0
2017-01-03T21:51:02+00:00,0.0
2017-01-03T21:52:37+00:00,0.0
2017-01-03T21:54:33+00:00,0.0
2017-01-03T21:56:08+00:00,0.0
2017-01-03T21:57:43+00:00,0.0
2017-01-03T21:59:34+00:00,0.0
2017-01-03T22:01:10+00:00,0.0
2017-01-03T22:02:47+00:00,0.0
2017-01-03T22:04:41+00:00,0.0
2017-01-03T22:06:17+00:00,0.0
2017-01-03T22:07:56+00:00,0.0
2017-01-03T22:09:48+00:00,0.0
2017-01-03T22:11:25+00:00,0.0
2017-01-03T22:13:00+00:00,0.0
2017-01-03T22:14:55+00:00,0.0
2017-01-03T22:16:31+00:00,0.0
2017-01-03T22:18:11+00:00,0.0
2017-01-03T22:20:06+00:00,0.0
2017-01-03T22:21:40+00:00,0.0
2017-01-03T22:23:17+00:00,0.0
2017-01-03T22:25:06+00:00,0.0
2017-01-03T22:26:43+00:00,0.0
2017-01-03T22:28:20+00:00,0.0
2017-01-03T22:30:06+00:00,0.0
2017-01-03T22:31:44+00:00,0.0
2017-01-03T22:33:20+00:00,0.0
2017-01-03T22:35:09+00:00,0.0
2017-01-03T22:36:44+00:00,0.0
2017-01-03T22:38:21+00:00,0.0
2017-01-03T22:40:11+00:00,0.0
2017-01-03T22:41:46+00:00,0.0
2017-01-03T22:43:26+00:00,0.0
2017-01-03T22:45:15+00:00,0.0
2017-01-03T22:46:51+00:00,0.0
2017-01-03T22:48:30+00:00,0.0
2017-01-03T22:50:19+00:00,0.0
2017-01-03T22:51:55+00:00,0.0
2017-01-03T22:53:35+00:00,0.0
2017-01-03T22:55:21+00:00,0.0
2017-01-03T22:56:56+00:00,0.0
2017-01-03T22:58:36+00:00,0.0
2017-01-03T23:00:26+00:00,0.0
2017-01-03T23:02:01+00:00,0.0
2017-01-03T23:03:41+00:00,0.0
2017-01-03T23:05:27+00:00,0.0
2017-01-03T23:07:02+00:00,0.0
2017-01-03T23:08:45+00:00,0.0
2017-01-03T23:10:32+00:00,0.0
2017-01-03T23:12:08+00:00,0.0
2017-01-03T23:13:50+00:00,0.0
2017-01-03T23:15:37+00:00,0.0
2017-01-03T23:17:13+00:00,0.0
2017-01-03T23:18:59+00:00,0.0
2017-01-03T23:20:42+00:00,0.0
2017-01-03T23:22:18+00:00,0.0
2017-01-03T23:24:00+00:00,0.0
2017-01-03T23:25:45+00:00,0.0
2017-01-03T23:27:20+00:00,0.0
2017-01-03T23:29:07+00:00,0.0
2017-01-03T23:30:49+00:00,0.0
2017-01-03T23:32:23+00:00,0.0
2017-01-03T23:34:12+00:00,0.0
2017-01-03T23:35:54+00:00,0.0
2017-01-03T23:37:29+00:00,0.0
2017-01-03T23:39:19+00:00,0.0
2017-01-03T23:40:57+00:00,0.0
2017-01-03T23:42:32+00:00,0.0
2017-01-03T23:44:25+00:00,0.0
2017-01-03T23:46:03+00:00,0.0
2017-01-03T23:47:38+00:00,0.0
2017-01-03T23:49:29+00:00,0.0
2017-01-03T23:51:04+00:00,0.0
2017-01-03T23:52:41+00:00,0.0
2017-01-03T23:54:32+00:00,0.0
2017-01-03T23:56:07+00:00,0.0
2017-01-03T23:57:42+00:00,0.0
2017-01-03T23:59:34+00:00,0.0
2017-01-04T00:01:10+00:00,0.0
2017-01-04T00:02:47+00:00,0.0
2017-01-04T00:04:46+00:00,0.0
2017-01-04T00:06:21+00:00,0.0
2017-01-04T00:07:58+00:00,0.0
2017-01-04T00:09:51+00:00,0.0
2017-01-04T00:11:27+00:00,0.0
2017-01-04T00:13:02+00:00,0.0
2017-01-04T00:14:53+00:00,0.0
2017-01-04T00:16:30+00:00,0.0
2017-01-04T00:18:10+00:00,0.0
2017-01-04T00:19:59+00:00,0.0
2017-01-04T00:21:34+00:00,0.0
2017-01-04T00:23:11+00:00,0.0
2017-01-04T00:25:05+00:00,0.0
2017-01-04T00:26:39+00:00,0.0
2017-01-04T00:28:18+00:00,0.0
2017-01-04T00:30:08+00:00,0.0
2017-01-04T00:31:44+00:00,0.0
2017-01-04T00:33:21+00:00,0.0
2017-01-04T00:35:11+00:00,0.0
2017-01-04T00:36:46+00:00,0.0
2017-01-04T00:38:26+00:00,0.0
2017-01-04T00:40:17+00:00,0.0
2017-01-04T00:41:52+00:00,0.0
2017-01-04T00:43:33+00:00,0.0
2017-01-04T00:45:19+00:00,0.0
2017-01-04T00:46:55+00:00,0.0
2017-01-04T00:48:36+00:00,0.0
2017-01-04T00:50:24+00:00,0.0
2017-01-04T00:52:03+00:00,0.0
2017-01-04T00:53:49+00:00,0.0
2017-01-04T00:55:34+00:00,0.0
2017-01-04T00:57:10+00:00,0.0
2017-01-04T00:58:55+00:00,0.0
2017-01-04T01:00:37+00:00,0.0
2017-01-04T01:02:14+00:00,0.0
2017-01-04T01:03:58+00:00,0.0
2017-01-04T01:05:40+00:00,0.0
2017-01-04T01:07:15+00:00,0.0
2017-01-04T01:09:01+00:00,0.0
2017-01-04T01:10:43+00:00,0.0
2017-01-04T01:12:18+00:00,0.0
2017-01-04T01:14:02+00:00,0.0
2017-01-04T01:15:47+00:00,0.0
2017-01-04T01:17:22+00:00,0.0
2017-01-04T01:19:08+00:00,0.0
2017-01-04T01:20:49+00:00,0.0
2017-01-04T01:22:24+00:00,0.0
2017-01-04T01:24:36+00:00,0.0
2017-01-04T01:26:10+00:00,0.0
2017-01-04T01:27:46+00:00,0.0
2017-01-04T01:29:47+00:00,0.0
2017-01-04T01:31:23+00:00,0.0
2017-01-04T01:33:00+00:00,0.0
2017-01-04T01:34:51+00:00,0.0
2017-01-04T01:36:28+00:00,0.0
2017-01-04T01:38:03+00:00,0.0
2017-01-04T01:39:55+00:00,0.0
2017-01-04T01:41:30+00:00,0.0
2017-01-04T01:43:08+00:00,0.0
2017-01-04T01:45:00+00:00,0.0
2017-01-04T01:46:37+00:00,0.0
2017-01-04T01:48:16+00:00,0.0
2017-01-04T01:50:05+00:00,0.0
2017-01-04T01:51:40+00:00,0.0
2017-01-04T01:53:16+00:00,0.0
2017-01-04T01:55:16+00:00,0.0
2017-01-04T01:56:53+00:00,0.0
2017-01-04T01:58:35+00:00,0.0
2017-01-04T02:00:25+00:00,0.0
2017-01-04T02:02:11+00:00,0.0
2017-01-04T02:03:53+00:00,0.0
2017-01-04T02:05:40+00:00,0.0
2017-01-04T02:07:24+00:00,0.0
2017-01-04T02:09:10+00:00,0.0
2017-01-04T02:11:00+00:00,0.0
2017-01-04T02:12:36+00:00,0.0
2017-01-04T02:14:26+00:00,0.0
2017-01-04T02:16:01+00:00,0.0
2017-01-04T02:17:38+00:00,0.0
2017-01-04T02:19:31+00:00,0.0
2017-01-04T02:21:07+00:00,0.0
2017-01-04T02:22:42+00:00,0.0
2017-01-04T02:24:33+00:00,0.0
2017-01-04T02:26:09+00:00,0.0
2017-01-04T02:27:45+00:00,0.0
2017-01-04T02:29:38+00:00,0.0
2017-01-04T02:31:14+00:00,0.0
2017-01-04T02:32:55+00:00,0.0
2017-01-04T02:34:50+00:00,0.0
2017-01-04T02:36:25+00:00,0.0
2017-01-04T02:38:01+00:00,0.0
2017-01-04T02:39:58+00:00,0.0
2017-01-04T02:41:33+00:00,0.0
2017-01-04T02:43:12+00:00,0.0
2017-01-04T02:45:06+00:00,0.0
2017-01-04T02:46:42+00:00,0.0
2017-01-04T02:48:19+00:00,0.0
2017-01-04T02:50:09+00:00,0.0
2017-01-04T02:51:48+00:00,0.0
2017-01-04T02:53:25+00:00,0.0
2017-01-04T02:55:12+00:00,0.0
2017-01-04T02:56:47+00:00,0.0
2017-01-04T02:58:26+00:00,0.0
2017-01-04T03:00:16+00:00,0.0
2017-01-04T03:01:51+00:00,0.0
2017-01-04T03:03:32+00:00,0.0
2017-01-04T03:05:21+00:00,0.0
2017-01-04T03:06:57+00:00,0.0
2017-01-04T03:08:36+00:00,0.0
2017-01-04T03:10:24+00:00,0.0
2017-01-04T03:12:00+00:00,0.0
2017-01-04T03:13:42+00:00,0.0
2017-01-04T03:15:29+00:00,0.0
2017-01-04T03:17:05+00:00,0.0
2017-01-04T03:18:49+00:00,0.0
2017-01-04T03:20:36+00:00,0.0
2017-01-04T03:22:11+00:00,0.0
2017-01-04T03:23:53+00:00,0.0
2017-01-04T03:25:37+00:00,0.0
2017-01-04T03:27:12+00:00,0.0
2017-01-04T03:28:52+00:00,0.0
2017-01-04T03:30:47+00:00,0.0
2017-01-04T03:32:22+00:00,0.0
2017-01-04T03:34:08+00:00,0.0
2017-01-04T03:35:50+00:00,0.0
2017-01-04T03:37:25+00:00,0.0
2017-01-04T03:39:11+00:00,0.0
2017-01-04T03:40:52+00:00,0.0
2017-01-04T03:42:28+00:00,0.0
2017-01-04T03:44:13+00:00,0.0
2017-01-04T03:45:52+00:00,0.0
2017-01-04T03:47:26+00:00,0.0
2017-01-04T03:49:15+00:00,0.0
2017-01-04T03:50:53+00:00,0.0
2017-01-04T03:52:29+00:00,0.0
2017-01-04T03:54:19+00:00,0.0
2017-01-04T03:55:57+00:00,0.0
2017-01-04T03:57:31+00:00,0.0
2017-01-04T03:59:20+00:00,0.0
2017-01-04T04:01:03+00:00,0.0
2017-01-04T04:02:39+00:00,0.0
2017-01-04T04:04:29+00:00,0.0
2017-01-04T04:06:07+00:00,0.0
2017-01-04T04:07:45+00:00,0.0
2017-01-04T04:09:47+00:00,0.0
2017-01-04T04:11:41+00:00,0.0
2017-01-04T04:17:30+00:00,0.0
2017-01-04T04:19:31+00:00,0.0
2017-01-04T04:21:16+00:00,0.0
2017-01-04T04:23:13+00:00,0.0
2017-01-04T04:34:34+00:00,0.0
2017-01-04T04:36:24+00:00,0.0
2017-01-04T04:38:17+00:00,0.0
2017-01-04T04:40:36+00:00,0.0
2017-01-04T04:51:41+00:00,0.0
2017-01-04T04:54:00+00:00,0.0
2017-01-04T04:56:09+00:00,0.0
2017-01-04T04:58:18+00:00,0.0
2017-01-04T05:01:04+00:00,0.0
2017-01-04T06:03:13+00:00,0.0
2017-01-04T06:04:50+00:00,0.0
2017-01-04T06:06:44+00:00,0.0
2017-01-04T06:08:21+00:00,0.0
2017-01-04T06:10:00+00:00,0.0
2017-01-04T06:11:49+00:00,0.0
2017-01-04T06:13:26+00:00,0.0
2017-01-04T06:15:06+00:00,0.0
2017-01-04T06:16:55+00:00,0.0
2017-01-04T06:18:31+00:00,0.0
2017-01-04T06:20:24+00:00,0.0
2017-01-04T06:22:10+00:00,0.0
2017-01-04T06:23:45+00:00,0.0
2017-01-04T06:25:28+00:00,0.0
2017-01-04T06:27:15+00:00,0.0
2017-01-04T06:28:48+00:00,0.0
2017-01-04T06:30:32+00:00,0.0
2017-01-04T06:32:16+00:00,0.0
2017-01-04T06:33:50+00:00,0.0
2017-01-04T06:35:34+00:00,0.0
2017-01-04T06:37:19+00:00,0.0
2017-01-04T06:38:53+00:00,0.0
2017-01-04T06:40:38+00:00,0.0
2017-01-04T06:42:19+00:00,0.0
2017-01-04T06:43:54+00:00,0.0
2017-01-04T06:45:40+00:00,0.0
2017-01-04T06:47:23+00:00,0.0
2017-01-04T06:48:57+00:00,0.0
2017-01-04T06:50:44+00:00,0.0
2017-01-04T06:52:28+00:00,0.0
2017-01-04T06:54:04+00:00,0.0
2017-01-04T06:55:52+00:00,0.0
2017-01-04T06:57:33+00:00,0.0
2017-01-04T06:59:08+00:00,0.0
2017-01-04T07:00:59+00:00,0.0
2017-01-04T07:02:39+00:00,0.0
2017-01-04T07:04:13+00:00,0.0
2017-01-04T07:06:06+00:00,0.0
2017-01-04T07:07:43+00:00,0.0
2017-01-04T07:09:20+00:00,0.0
2017-01-04T07:11:14+00:00,0.0
2017-01-04T07:12:50+00:00,0.0
2017-01-04T07:14:25+00:00,0.0
2017-01-04T07:16:17+00:00,0.0
2017-01-04T07:17:53+00:00,0.0
2017-01-04T07:19:29+00:00,0.0
2017-01-04T07:21:24+00:00,0.0
2017-01-04T07:22:59+00:00,0.0
2017-01-04T07:24:36+00:00,0.0
2017-01-04T07:26:27+00:00,0.0
2017-01-04T07:28:04+00:00,0.0
2017-01-04T07:29:39+00:00,0.0
2017-01-04T07:31:32+00:00,0.0
2017-01-04T07:33:07+00:00,0.0
2017-01-04T07:34:43+00:00,0.0
2017-01-04T07:36:35+00:00,0.0
2017-01-04T07:38:21+00:00,0.0
2017-01-04T07:40:00+00:00,0.0
2017-01-04T07:41:50+00:00,0.0
2017-01-04T07:43:27+00:00,0.0
2017-01-04T07:45:06+00:00,0.0
2017-01-04T07:46:59+00:00,0.0
2017-01-04T07:48:34+00:00,0.0
2017-01-04T07:50:18+00:00,0.0
2017-01-04T07:52:04+00:00,0.0
2017-01-04T07:53:40+00:00,0.0
2017-01-04T07:55:31+00:00,0.0
2017-01-04T07:57:15+00:00,0.0
2017-01-04T07:58:52+00:00,0.0
2017-01-04T08:00:41+00:00,0.0
2017-01-04T08:02:27+00:00,0.0
2017-01-04T08:04:03+00:00,0.0
2017-01-04T08:05:54+00:00,0.0
2017-01-04T08:07:37+00:00,0.0
2017-01-04T08:09:15+00:00,0.0
2017-01-04T08:11:09+00:00,0.0
2017-01-04T08:12:47+00:00,0.0
2017-01-04T08:14:24+00:00,0.0
2017-01-04T08:16:18+00:00,0.0
2017-01-04T08:18:03+00:00,0.0
2017-01-04T08:19:41+00:00,0.0
2017-01-04T08:21:32+00:00,0.0
2017-01-04T08:23:07+00:00,0.0
2017-01-04T08:24:42+00:00,0.0
2017-01-04T08:26:35+00:00,0.0
2017-01-04T08:28:10+00:00,0.0
2017-01-04T08:29:47+00:00,0.0
2017-01-04T08:31:42+00:00,0.0
2017-01-04T08:33:18+00:00,0.0
2017-01-04T08:34:54+00:00,0.0
2017-01-04T08:36:46+00:00,0.0
2017-01-04T08:38:20+00:00,0.0
2017-01-04T08:40:00+00:00,0.0
2017-01-04T08:41:50+00:00,0.0
2017-01-04T08:43:25+00:00,0.0
2017-01-04T08:45:05+00:00,0.0
2017-01-04T08:46:54+00:00,0.0
2017-01-04T08:48:31+00:00,0.0
2017-01-04T08:50:12+00:00,0.0
2017-01-04T08:52:03+00:00,0.0
2017-01-04T08:53:38+00:00,0.0
2017-01-04T08:55:20+00:00,0.0
2017-01-04T08:57:08+00:00,0.0
2017-01-04T08:58:43+00:00,0.0
2017-01-04T09:00:27+00:00,0.0
2017-01-04T09:02:22+00:00,0.0
2017-01-04T09:03:59+00:00,0.0
2017-01-04T09:05:45+00:00,0.0
2017-01-04T09:07:28+00:00,0.0
2017-01-04T09:09:04+00:00,0.0
2017-01-04T09:10:51+00:00,0.0
2017-01-04T09:12:35+00:00,0.0
2017-01-04T09:14:13+00:00,0.0
2017-01-04T09:16:01+00:00,0.0
2017-01-04T09:17:42+00:00,0.0
2017-01-04T09:19:17+00:00,0.0
2017-01-04T09:21:09+00:00,0.0
2017-01-04T09:22:48+00:00,0.0
2017-01-04T09:24:23+00:00,0.0
2017-01-04T09:26:18+00:00,0.0
2017-01-04T09:27:54+00:00,0.0
2017-01-04T09:29:30+00:00,0.0
2017-01-04T09:31:23+00:00,0.0
2017-01-04T09:32:58+00:00,0.0
2017-01-04T09:34:35+00:00,0.0
2017-01-04T09:36:28+00:00,0.0
2017-01-04T09:38:03+00:00,0.0
2017-01-04T09:39:39+00:00,0.0
2017-01-04T09:41:32+00:00,0.0
2017-01-04T09:43:09+00:00,0.0
2017-01-04T09:44:44+00:00,0.0
2017-01-04T09:46:38+00:00,0.0
2017-01-04T09:48:13+00:00,0.0
2017-01-04T09:50:00+00:00,0.0
2017-01-04T09:51:50+00:00,0.0
2017-01-04T09:53:25+00:00,0.0
2017-01-04T09:55:05+00:00,0.0
2017-01-04T09:56:53+00:00,0.0
2017-01-04T09:58:29+00:00,0.0
2017-01-04T10:00:11+00:00,0.0
2017-01-04T10:02:01+00:00,0.0
2017-01-04T10:03:38+00:00,0.0
2017-01-04T10:05:20+00:00,0.0
2017-01-04T10:07:10+00:00,0.0
2017-01-04T10:08:48+00:00,0.0
2017-01-04T10:10:33+00:00,0.0
2017-01-04T10:12:21+00:00,0.0
2017-01-04T10:13:59+00:00,0.0
2017-01-04T10:15:47+00:00,0.0
2017-01-04T10:17:32+00:00,0.0
2017-01-04T10:19:09+00:00,0.0
2017-01-04T10:20:57+00:00,0.0
2017-01-04T10:22:38+00:00,0.0
2017-01-04T10:24:14+00:00,0.0
2017-01-04T10:26:08+00:00,0.0
2017-01-04T10:27:47+00:00,0.0
2017-01-04T10:30:00+00:00,0.0
2017-01-04T10:32:36+00:00,0.0
2017-01-04T10:35:05+00:00,0.0
2017-01-04T10:37:37+00:00,0.0
2017-01-04T10:39:47+00:00,0.0
2017-01-04T10:42:35+00:00,0.0
2017-01-04T10:44:20+00:00,0.0
2017-01-04T10:46:39+00:00,0.0
2017-01-04T10:48:25+00:00,0.0
2017-01-04T10:50:15+00:00,0.0
2017-01-04T10:52:08+00:00,0.0
2017-01-04T10:53:46+00:00,0.0
2017-01-04T10:55:56+00:00,0.0
2017-01-04T10:57:38+00:00,0.0
2017-01-04T10:59:16+00:00,0.0
2017-01-04T11:01:11+00:00,0.0
2017-01-04T11:02:54+00:00,0.0
2017-01-04T11:04:39+00:00,0.0
2017-01-04T11:06:38+00:00,0.0
2017-01-04T11:08:22+00:00,0.0
2017-01-04T11:10:08+00:00,0.0
2017-01-04T11:12:04+00:00,0.0
2017-01-04T11:13:48+00:00,0.0
2017-01-04T11:15:38+00:00,0.0
2017-01-04T11:17:26+00:00,0.0
2017-01-04T11:19:04+00:00,0.0
2017-01-04T11:20:55+00:00,0.0
2017-01-04T11:22:39+00:00,0.0
2017-01-04T11:24:15+00:00,0.0
2017-01-04T11:26:11+00:00,0.0
2017-01-04T11:27:53+00:00,0.0
2017-01-04T11:29:31+00:00,0.0
2017-01-04T11:31:49+00:00,0.0
2017-01-04T11:34:07+00:00,0.0
2017-01-04T11:35:59+00:00,0.0
2017-01-04T11:37:48+00:00,0.0
2017-01-04T11:39:28+00:00,0.0
2017-01-04T11:41:34+00:00,0.0
2017-01-04T11:43:13+00:00,0.0
2017-01-04T11:44:55+00:00,0.0
2017-01-04T11:46:52+00:00,0.0
2017-01-04T11:48:33+00:00,0.0
2017-01-04T11:50:21+00:00,0.0
2017-01-04T11:52:15+00:00,0.0
2017-01-04T11:53:55+00:00,0.0
2017-01-04T11:55:43+00:00,0.0
2017-01-04T11:57:33+00:00,0.0
2017-01-04T11:59:17+00:00,0.0
2017-01-04T12:01:06+00:00,0.0
2017-01-04T12:03:12+00:00,0.0
2017-01-04T12:04:55+00:00,0.0
2017-01-04T12:06:54+00:00,0.0
2017-01-04T12:08:39+00:00,0.0
2017-01-04T12:10:35+00:00,0.0
2017-01-04T12:12:33+00:00,0.0
2017-01-04T12:14:28+00:00,0.0
2017-01-04T12:16:22+00:00,0.0
2017-01-04T12:18:09+00:00,0.0
2017-01-04T12:19:52+00:00,0.0
2017-01-04T12:21:52+00:00,0.0
2017-01-04T12:23:37+00:00,0.0
2017-01-04T12:25:25+00:00,0.0
2017-01-04T12:27:16+00:00,0.0
2017-01-04T12:28:57+00:00,0.0
2017-01-04T12:30:44+00:00,0.0
2017-01-04T12:32:28+00:00,0.0
2017-01-04T12:34:05+00:00,0.0
2017-01-04T12:35:54+00:00,0.0
2017-01-04T12:37:38+00:00,0.0
2017-01-04T12:39:14+00:00,0.0
2017-01-04T12:41:06+00:00,0.0
2017-01-04T12:42:42+00:00,0.0
2017-01-04T12:44:18+00:00,0.0
2017-01-04T12:46:12+00:00,0.0
2017-01-04T12:47:49+00:00,0.0
2017-01-04T12:49:27+00:00,0.0
2017-01-04T12:51:21+00:00,0.0
2017-01-04T12:53:00+00:00,0.0
2017-01-04T12:54:37+00:00,0.0
2017-01-04T12:56:33+00:00,0.0
2017-01-04T12:58:09+00:00,0.0
2017-01-04T12:59:50+00:00,0.0
2017-01-04T13:02:26+00:00,0.0
2017-01-04T13:04:02+00:00,0.0
2017-01-04T13:05:49+00:00,0.0
2017-01-04T13:07:35+00:00,0.0
2017-01-04T13:09:11+00:00,0.0
2017-01-04T13:10:57+00:00,0.0
2017-01-04T13:12:36+00:00,0.0
2017-01-04T13:14:31+00:00,0.0
2017-01-04T13:16:23+00:00,0.0
2017-01-04T13:17:58+00:00,0.0
2017-01-04T13:19:35+00:00,0.0
2017-01-04T13:21:28+00:00,0.0
2017-01-04T13:23:02+00:00,0.0
2017-01-04T13:24:38+00:00,0.0
2017-01-04T13:26:29+00:00,0.0
2017-01-04T13:28:06+00:00,0.0
2017-01-04T13:29:41+00:00,0.0
2017-01-04T13:31:34+00:00,0.0
2017-01-04T13:33:08+00:00,0.0
2017-01-04T13:34:44+00:00,0.0
2017-01-04T13:36:37+00:00,0.0
2017-01-04T13:38:11+00:00,0.0
2017-01-04T13:39:47+00:00,0.0
2017-01-04T13:41:39+00:00,0.0
2017-01-04T13:43:14+00:00,0.0
2017-01-04T13:44:50+00:00,0.0
2017-01-04T13:46:40+00:00,0.0
2017-01-04T13:48:14+00:00,0.0
2017-01-04T13:49:51+00:00,0.0
2017-01-04T13:51:41+00:00,0.0
2017-01-04T13:53:16+00:00,0.0
2017-01-04T13:54:53+00:00,0.0
2017-01-04T13:56:44+00:00,0.0
2017-01-04T13:58:19+00:00,0.0
2017-01-04T13:59:58+00:00,0.0
2017-01-04T14:01:49+00:00,0.0
2017-01-04T14:03:34+00:00,0.0
2017-01-04T14:05:13+00:00,0.0
2017-01-04T14:07:03+00:00,0.0
2017-01-04T14:08:37+00:00,0.0
2017-01-04T14:10:18+00:00,0.0
2017-01-04T14:12:03+00:00,0.0
2017-01-04T14:13:37+00:00,0.0
2017-01-04T14:15:18+00:00,0.0
2017-01-04T14:17:14+00:00,0.0
2017-01-04T14:18:48+00:00,0.0
2017-01-04T14:20:30+00:00,0.0
2017-01-04T14:22:15+00:00,0.0
2017-01-04T14:23:49+00:00,0.0
2017-01-04T14:25:31+00:00,0.0
2017-01-04T14:27:17+00:00,0.0
2017-01-04T14:28:50+00:00,0.0
2017-01-04T14:30:32+00:00,0.0
2017-01-04T14:32:15+00:00,0.0
2017-01-04T14:33:51+00:00,0.0
2017-01-04T14:35:34+00:00,0.0
2017-01-04T14:37:17+00:00,0.0
2017-01-04T14:38:51+00:00,0.0
2017-01-04T14:40:34+00:00,0.0
2017-01-04T14:42:16+00:00,0.0
2017-01-04T14:43:52+00:00,0.0
2017-01-04T14:45:36+00:00,0.0
2017-01-04T14:47:20+00:00,0.0
2017-01-04T14:48:56+00:00,0.0
2017-01-04T14:50:41+00:00,0.0
2017-01-04T14:52:23+00:00,0.0
2017-01-04T14:53:56+00:00,0.0
2017-01-04T14:55:40+00:00,0.0
2017-01-04T14:57:23+00:00,0.0
2017-01-04T14:58:57+00:00,0.0
2017-01-04T15:00:44+00:00,0.0
2017-01-04T15:02:26+00:00,0.0
2017-01-04T15:04:01+00:00,0.0
2017-01-04T15:05:48+00:00,0.0
2017-01-04T15:07:31+00:00,0.0
2017-01-04T15:09:07+00:00,0.0
2017-01-04T15:10:54+00:00,0.0
2017-01-04T15:12:34+00:00,0.0
2017-01-04T15:14:12+00:00,0.0
2017-01-04T15:16:02+00:00,0.0
2017-01-04T15:17:43+00:00,0.0
2017-01-04T15:19:18+00:00,0.0
2017-01-04T15:21:09+00:00,0.0
2017-01-04T15:22:46+00:00,0.0
2017-01-04T15:24:21+00:00,0.0
2017-01-04T15:26:24+00:00,0.0
2017-01-04T15:27:59+00:00,0.0
2017-01-04T15:29:34+00:00,0.0
2017-01-04T15:31:27+00:00,0.0
2017-01-04T15:33:02+00:00,0.0
2017-01-04T15:34:38+00:00,0.0
2017-01-04T15:36:32+00:00,0.0
2017-01-04T15:38:07+00:00,0.0
2017-01-04T15:39:43+00:00,0.0
2017-01-04T15:41:36+00:00,0.0
2017-01-04T15:43:11+00:00,0.0
2017-01-04T15:44:49+00:00,0.0
2017-01-04T15:46:44+00:00,0.0
2017-01-04T15:48:19+00:00,0.0
2017-01-04T15:49:56+00:00,0.0
2017-01-04T15:51:49+00:00,0.0
2017-01-04T15:53:25+00:00,0.0
2017-01-04T15:55:03+00:00,0.0
2017-01-04T15:56:52+00:00,0.0
2017-01-04T15:58:28+00:00,0.0
2017-01-04T16:00:07+00:00,0.0
2017-01-04T16:01:59+00:00,0.0
2017-01-04T16:03:37+00:00,0.0
2017-01-04T16:05:20+00:00,0.0
2017-01-04T16:07:07+00:00,0.0
2017-01-04T16:08:43+00:00,0.0
2017-01-04T16:10:26+00:00,0.0
2017-01-04T16:12:13+00:00,0.0
2017-01-04T16:13:54+00:00,0.0
2017-01-04T16:15:39+00:00,0.0
2017-01-04T16:17:24+00:00,0.0
2017-01-04T16:19:03+00:00,0.0
2017-01-04T16:20:51+00:00,0.0
2017-01-04T16:22:34+00:00,0.0
2017-01-04T16:24:10+00:00,0.0
2017-01-04T16:25:59+00:00,0.0
2017-01-04T16:27:40+00:00,0.0
2017-01-04T16:29:19+00:00,0.0
2017-01-04T16:31:12+00:00,0.0
2017-01-04T16:32:49+00:00,0.0
2017-01-04T16:34:26+00:00,0.0
2017-01-04T16:36:19+00:00,0.0
2017-01-04T16:37:54+00:00,0.0
2017-01-04T16:39:34+00:00,0.0
2017-01-04T16:41:27+00:00,0.0
2017-01-04T16:43:03+00:00,0.0
2017-01-04T16:44:40+00:00,0.0
2017-01-04T16:46:34+00:00,0.0
2017-01-04T16:48:11+00:00,0.0
2017-01-04T16:49:53+00:00,0.0
2017-01-04T16:51:45+00:00,0.0
2017-01-04T16:53:21+00:00,0.0
2017-01-04T16:54:58+00:00,0.0
2017-01-04T16:56:49+00:00,0.0
2017-01-04T16:58:25+00:00,0.0
2017-01-04T17:00:06+00:00,0.0
2017-01-04T17:01:58+00:00,0.0
2017-01-04T17:03:33+00:00,0.0
2017-01-04T17:05:15+00:00,0.0
2017-01-04T17:07:03+00:00,0.0
2017-01-04T17:08:40+00:00,0.0
2017-01-04T17:10:21+00:00,0.0
2017-01-04T17:12:09+00:00,0.0
2017-01-04T17:13:46+00:00,0.0
2017-01-04T17:15:30+00:00,0.0
2017-01-04T17:17:20+00:00,0.0
2017-01-04T17:18:58+00:00,0.0
2017-01-04T17:20:44+00:00,0.0
2017-01-04T17:22:28+00:00,0.0
2017-01-04T17:24:06+00:00,0.0
2017-01-04T17:25:52+00:00,0.0
2017-01-04T17:27:33+00:00,0.0
2017-01-04T17:29:10+00:00,0.0
2017-01-04T17:30:59+00:00,0.0
2017-01-04T17:32:41+00:00,0.0
2017-01-04T17:34:16+00:00,0.0
2017-01-04T17:36:10+00:00,0.0
2017-01-04T17:37:49+00:00,0.0
2017-01-04T17:39:24+00:00,0.0
2017-01-04T17:41:20+00:00,0.0
2017-01-04T17:42:56+00:00,0.0
2017-01-04T17:44:31+00:00,0.0
2017-01-04T17:46:26+00:00,0.0
2017-01-04T17:48:02+00:00,0.0
2017-01-04T17:49:45+00:00,0.0
2017-01-04T17:51:39+00:00,0.0
2017-01-04T17:53:15+00:00,0.0
2017-01-04T17:54:54+00:00,0.0
2017-01-04T17:56:46+00:00,0.0
2017-01-04T17:58:21+00:00,0.0
2017-01-04T18:00:01+00:00,0.0
2017-01-04T18:01:52+00:00,0.0
2017-01-04T18:03:30+00:00,0.0
2017-01-04T18:05:10+00:00,0.0
2017-01-04T18:07:00+00:00,0.0
2017-01-04T18:08:39+00:00,0.0
2017-01-04T18:10:22+00:00,0.0
2017-01-04T18:12:10+00:00,0.0
2017-01-04T18:13:46+00:00,0.0
2017-01-04T18:15:31+00:00,0.0
2017-01-04T18:17:20+00:00,0.0
2017-01-04T18:18:57+00:00,0.0
2017-01-04T18:20:55+00:00,0.0
2017-01-04T18:22:38+00:00,0.0
2017-01-04T18:24:13+00:00,0.0
2017-01-04T18:26:04+00:00,0.0
2017-01-04T18:27:43+00:00,0.0
2017-01-04T18:29:18+00:00,0.0
2017-01-04T18:31:11+00:00,0.0
2017-01-04T18:32:48+00:00,0.0
2017-01-04T18:34:24+00:00,0.0
2017-01-04T18:36:18+00:00,0.0
2017-01-04T18:37:55+00:00,0.0
2017-01-04T18:39:30+00:00,0.0
2017-01-04T18:41:24+00:00,0.0
2017-01-04T18:43:02+00:00,0.0
2017-01-04T18:44:40+00:00,0.0
2017-01-04T18:46:33+00:00,0.0
2017-01-04T18:48:08+00:00,0.0
2017-01-04T18:49:46+00:00,0.0
2017-01-04T18:51:40+00:00,0.0
2017-01-04T18:53:18+00:00,0.0
2017-01-04T18:54:58+00:00,0.0
2017-01-04T18:56:50+00:00,0.0
2017-01-04T18:58:25+00:00,0.0
2017-01-04T19:00:06+00:00,0.0
2017-01-04T19:01:55+00:00,0.0
2017-01-04T19:03:34+00:00,0.0
2017-01-04T19:05:16+00:00,0.0
2017-01-04T19:07:12+00:00,0.0
2017-01-04T19:08:48+00:00,0.0
2017-01-04T19:10:32+00:00,0.0
2017-01-04T19:12:19+00:00,0.0
2017-01-04T19:13:55+00:00,0.0
2017-01-04T19:15:39+00:00,0.0
2017-01-04T19:17:25+00:00,0.0
2017-01-04T19:19:03+00:00,0.0
2017-01-04T19:21:14+00:00,0.0
2017-01-04T19:22:54+00:00,0.0
2017-01-04T19:24:31+00:00,0.0
2017-01-04T19:26:23+00:00,0.0
2017-01-04T19:27:59+00:00,0.0
2017-01-04T19:29:37+00:00,0.0
2017-01-04T19:31:30+00:00,0.0
2017-01-04T19:33:05+00:00,0.0
2017-01-04T19:34:42+00:00,0.0
2017-01-04T19:36:35+00:00,0.0
2017-01-04T19:38:10+00:00,0.0
2017-01-04T19:39:50+00:00,0.0
2017-01-04T19:41:44+00:00,0.0
2017-01-04T19:43:21+00:00,0.0
2017-01-04T19:45:01+00:00,0.0
2017-01-04T19:46:53+00:00,0.0
2017-01-04T19:48:30+00:00,0.0
2017-01-04T19:50:09+00:00,0.0
2017-01-04T19:52:01+00:00,0.0
2017-01-04T19:53:35+00:00,0.0
2017-01-04T19:55:14+00:00,0.0
2017-01-04T19:57:03+00:00,0.0
2017-01-04T19:58:38+00:00,0.0
2017-01-04T20:00:26+00:00,0.0
2017-01-04T20:02:13+00:00,0.0
2017-01-04T20:03:51+00:00,0.0
2017-01-04T20:05:35+00:00,0.0
2017-01-04T20:07:21+00:00,0.0
2017-01-04T20:08:57+00:00,0.0
2017-01-04T20:10:42+00:00,0.0
2017-01-04T20:12:25+00:00,0.0
2017-01-04T20:14:02+00:00,0.0
2017-01-04T20:15:50+00:00,0.0
2017-01-04T20:17:34+00:00,0.0
2017-01-04T20:19:11+00:00,0.0
2017-01-04T20:21:14+00:00,0.0
2017-01-04T20:22:51+00:00,0.0
2017-01-04T20:24:28+00:00,0.0
2017-01-04T20:26:20+00:00,0.0
2017-01-04T20:27:57+00:00,0.0
2017-01-04T20:29:35+00:00,0.0
2017-01-04T20:31:28+00:00,0.0
2017-01-04T20:33:06+00:00,0.0
2017-01-04T20:34:43+00:00,0.0
2017-01-04T20:36:34+00:00,0.0
2017-01-04T20:38:10+00:00,0.0
2017-01-04T20:39:48+00:00,0.0
2017-01-04T20:41:42+00:00,0.0
2017-01-04T20:43:17+00:00,0.0
2017-01-04T20:44:55+00:00,0.0
2017-01-04T20:46:47+00:00,0.0
2017-01-04T20:48:24+00:00,0.0
2017-01-04T20:50:03+00:00,0.0
2017-01-04T20:51:56+00:00,0.0
2017-01-04T20:53:32+00:00,0.0
2017-01-04T20:55:15+00:00,0.0
2017-01-04T20:57:05+00:00,0.0
2017-01-04T20:58:42+00:00,0.0
2017-01-04T21:00:27+00:00,0.0
2017-01-04T21:02:13+00:00,0.0
2017-01-04T21:03:50+00:00,0.0
2017-01-04T21:05:34+00:00,0.0
2017-01-04T21:07:18+00:00,0.0
2017-01-04T21:08:54+00:00,0.0
2017-01-04T21:10:40+00:00,0.0
2017-01-04T21:12:26+00:00,0.0
2017-01-04T21:14:02+00:00,0.0
2017-01-04T21:15:49+00:00,0.0
2017-01-04T21:17:35+00:00,0.0
2017-01-04T21:19:13+00:00,0.0
2017-01-04T21:21:01+00:00,0.0
2017-01-04T21:22:44+00:00,0.0
2017-01-04T21:24:21+00:00,0.0
2017-01-04T21:26:13+00:00,0.0
2017-01-04T21:27:53+00:00,0.0
2017-01-04T21:29:31+00:00,0.0
2017-01-04T21:31:27+00:00,0.0
2017-01-04T21:33:04+00:00,0.0
2017-01-04T21:34:43+00:00,0.0
2017-01-04T21:36:37+00:00,0.0
2017-01-04T21:38:14+00:00,0.0
2017-01-04T21:39:52+00:00,0.0
2017-01-04T21:41:46+00:00,0.0
2017-01-04T21:43:23+00:00,0.0
2017-01-04T21:45:04+00:00,0.0
2017-01-04T21:46:56+00:00,0.0
2017-01-04T21:48:32+00:00,0.0
2017-01-04T21:50:12+00:00,0.0
2017-01-04T21:51:59+00:00,0.0
2017-01-04T21:53:35+00:00,0.0
2017-01-04T21:55:18+00:00,0.0
2017-01-04T21:57:07+00:00,0.0
2017-01-04T21:58:42+00:00,0.0
2017-01-04T22:00:27+00:00,0.0
2017-01-04T22:02:14+00:00,0.0
2017-01-04T22:03:52+00:00,0.0
2017-01-04T22:05:34+00:00,0.0
2017-01-04T22:07:20+00:00,0.0
2017-01-04T22:08:56+00:00,0.0
2017-01-04T22:11:20+00:00,0.0
2017-01-04T22:12:57+00:00,0.0
2017-01-04T22:14:34+00:00,0.0
2017-01-04T22:16:27+00:00,0.0
2017-01-04T22:18:05+00:00,0.0
2017-01-04T22:19:42+00:00,0.0
2017-01-04T22:21:35+00:00,0.0
2017-01-04T22:23:12+00:00,0.0
2017-01-04T22:24:50+00:00,0.0
2017-01-04T22:26:41+00:00,0.0
2017-01-04T22:28:18+00:00,0.0
2017-01-04T22:30:00+00:00,0.0
2017-01-04T22:31:50+00:00,0.0
2017-01-04T22:33:25+00:00,0.0
2017-01-04T22:35:05+00:00,0.0
2017-01-04T22:36:57+00:00,0.0
2017-01-04T22:38:33+00:00,0.0
2017-01-04T22:40:26+00:00,0.0
2017-01-04T22:42:16+00:00,0.0
2017-01-04T22:43:52+00:00,0.0
2017-01-04T22:45:40+00:00,0.0
2017-01-04T22:47:25+00:00,0.0
2017-01-04T22:49:02+00:00,0.0
2017-01-04T22:50:49+00:00,0.0
2017-01-04T22:52:34+00:00,0.0
2017-01-04T22:54:11+00:00,0.0
2017-01-04T22:56:00+00:00,0.0
2017-01-04T22:57:42+00:00,0.0
2017-01-04T22:59:18+00:00,0.0
2017-01-04T23:01:10+00:00,0.0
2017-01-04T23:02:48+00:00,0.0
2017-01-04T23:04:25+00:00,0.0
2017-01-04T23:06:17+00:00,0.0
2017-01-04T23:07:55+00:00,0.0
2017-01-04T23:09:34+00:00,0.0
2017-01-04T23:11:27+00:00,0.0
2017-01-04T23:13:02+00:00,0.0
2017-01-04T23:14:37+00:00,0.0
2017-01-04T23:16:29+00:00,0.0
2017-01-04T23:18:04+00:00,0.0
2017-01-04T23:19:40+00:00,0.0
2017-01-04T23:21:31+00:00,0.0
2017-01-04T23:23:07+00:00,0.0
2017-01-04T23:24:47+00:00,0.0
2017-01-04T23:26:39+00:00,0.0
2017-01-04T23:28:14+00:00,0.0
2017-01-04T23:29:52+00:00,0.0
2017-01-04T23:31:44+00:00,0.0
2017-01-04T23:33:21+00:00,0.0
2017-01-04T23:34:59+00:00,0.0
2017-01-04T23:36:49+00:00,0.0
2017-01-04T23:38:24+00:00,0.0
2017-01-04T23:40:02+00:00,0.0
2017-01-04T23:41:53+00:00,0.0
2017-01-04T23:43:30+00:00,0.0
2017-01-04T23:45:10+00:00,0.0
2017-01-04T23:46:59+00:00,0.0
2017-01-04T23:48:35+00:00,0.0
2017-01-04T23:50:15+00:00,0.0
2017-01-04T23:52:03+00:00,0.0
2017-01-04T23:53:38+00:00,0.0
2017-01-04T23:55:19+00:00,0.0
2017-01-04T23:57:07+00:00,0.0
2017-01-04T23:58:42+00:00,0.0
2017-01-05T00:00:24+00:00,0.0
2017-01-05T00:02:14+00:00,0.0
2017-01-05T00:03:49+00:00,0.0
2017-01-05T00:05:35+00:00,0.0
2017-01-05T00:07:20+00:00,0.0
2017-01-05T00:08:57+00:00,0.0
2017-01-05T00:10:42+00:00,0.0
2017-01-05T00:12:25+00:00,0.0
2017-01-05T00:14:01+00:00,0.0
2017-01-05T00:15:51+00:00,0.0
2017-01-05T00:17:34+00:00,0.0
2017-01-05T00:19:09+00:00,0.0
2017-01-05T00:21:00+00:00,0.0
2017-01-05T00:22:40+00:00,0.0
2017-01-05T00:24:18+00:00,0.0
2017-01-05T00:26:08+00:00,0.0
2017-01-05T00:27:46+00:00,0.0
2017-01-05T00:29:21+00:00,0.0
2017-01-05T00:31:11+00:00,0.0
2017-01-05T00:32:50+00:00,0.0
2017-01-05T00:34:25+00:00,0.0
2017-01-05T00:36:21+00:00,0.0
2017-01-05T00:37:58+00:00,0.0
2017-01-05T00:39:33+00:00,0.0
2017-01-05T00:41:27+00:00,0.0
2017-01-05T00:43:06+00:00,0.0
2017-01-05T00:44:45+00:00,0.0
2017-01-05T00:46:36+00:00,0.0
2017-01-05T00:48:12+00:00,0.0
2017-01-05T00:49:50+00:00,0.0
2017-01-05T00:51:45+00:00,0.0
2017-01-05T00:53:21+00:00,0.0
2017-01-05T00:55:01+00:00,0.0
2017-01-05T00:56:52+00:00,0.0
2017-01-05T00:58:26+00:00,0.0
2017-01-05T01:00:06+00:00,0.0
2017-01-05T01:01:55+00:00,0.0
2017-01-05T01:03:32+00:00,0.0
2017-01-05T01:05:12+00:00,0.0
2017-01-05T01:06:59+00:00,0.0
2017-01-05T01:08:35+00:00,0.0
2017-01-05T01:10:14+00:00,0.0
2017-01-05T01:12:02+00:00,0.0
2017-01-05T01:13:39+00:00,0.0
2017-01-05T01:15:24+00:00,0.0
2017-01-05T01:17:08+00:00,0.0
2017-01-05T01:18:44+00:00,0.0
2017-01-05T01:20:27+00:00,0.0
2017-01-05T01:22:11+00:00,0.0
2017-01-05T01:23:47+00:00,0.0
2017-01-05T01:25:29+00:00,0.0
2017-01-05T01:27:15+00:00,0.0
2017-01-05T01:28:51+00:00,0.0
2017-01-05T01:30:33+00:00,0.0
2017-01-05T01:32:19+00:00,0.0
2017-01-05T01:33:54+00:00,0.0
2017-01-05T01:35:39+00:00,0.0
2017-01-05T01:37:19+00:00,0.0
2017-01-05T01:38:53+00:00,0.0
2017-01-05T01:40:36+00:00,0.0
2017-01-05T01:42:19+00:00,0.0
2017-01-05T01:43:56+00:00,0.0
2017-01-05T01:45:41+00:00,0.0
2017-01-05T01:47:25+00:00,0.0
2017-01-05T01:49:03+00:00,0.0
2017-01-05T01:50:52+00:00,0.0
2017-01-05T01:52:31+00:00,0.0
2017-01-05T01:54:15+00:00,0.0
2017-01-05T01:56:03+00:00,0.0
2017-01-05T01:57:40+00:00,0.0
