2017-01-01T00:01:16+00:00,0.4
2017-01-01T00:02:56+00:00,0.39
2017-01-01T00:04:46+00:00,0.33
2017-01-01T00:06:23+00:00,0.32
2017-01-01T00:08:07+00:00,0.41
2017-01-01T00:09:53+00:00,0.33
2017-01-01T00:11:29+00:00,0.32
2017-01-01T00:13:10+00:00,0.32
2017-01-01T00:14:56+00:00,0.32
2017-01-01T00:17:00+00:00,1.65
2017-01-01T00:18:50+00:00,0.54
2017-01-01T00:20:28+00:00,0.33
2017-01-01T00:22:05+00:00,0.74
2017-01-01T00:23:56+00:00,0.51
2017-01-01T00:25:34+00:00,0.5
2017-01-01T00:27:08+00:00,0.63
2017-01-01T00:28:58+00:00,0.56
2017-01-01T00:30:36+00:00,0.55
2017-01-01T00:32:13+00:00,0.49
2017-01-01T00:34:04+00:00,0.49
2017-01-01T00:35:42+00:00,0.49
2017-01-01T00:37:20+00:00,0.49
2017-01-01T00:39:10+00:00,0.33
2017-01-01T00:40:45+00:00,0.33
2017-01-01T00:42:20+00:00,0.33
2017-01-01T00:44:19+00:00,0.32
2017-01-01T00:45:56+00:00,0.32
2017-01-01T00:47:32+00:00,0.32
2017-01-01T00:49:27+00:00,0.6
2017-01-01T00:51:01+00:00,0.33
2017-01-01T00:52:36+00:00,0.34
2017-01-01T00:54:31+00:00,0.41
2017-01-01T00:56:15+00:00,0.4
2017-01-01T00:57:54+00:00,0.4
2017-01-01T00:59:42+00:00,0.33
2017-01-01T01:01:17+00:00,0.33
2017-01-01T01:02:54+00:00,0.8
2017-01-01T01:04:45+00:00,0.51
2017-01-01T01:06:20+00:00,0.51
2017-01-01T01:08:03+00:00,0.5
2017-01-01T01:09:51+00:00,0.5
2017-01-01T01:11:25+00:00,0.67
2017-01-01T01:13:07+00:00,0.5
2017-01-01T01:14:53+00:00,0.62
2017-01-01T01:16:29+00:00,0.73
2017-01-01T01:18:13+00:00,0.33
2017-01-01T01:19:58+00:00,0.33
2017-01-01T01:21:32+00:00,0.41
2017-01-01T01:23:13+00:00,0.46
2017-01-01T01:24:59+00:00,0.4
2017-01-01T01:26:35+00:00,0.33
2017-01-01T01:28:21+00:00,0.33
2017-01-01T01:30:07+00:00,0.33
2017-01-01T01:31:43+00:00,0.33
2017-01-01T01:33:25+00:00,0.53
2017-01-01T01:35:11+00:00,0.33
2017-01-01T01:36:45+00:00,0.35
2017-01-01T01:38:34+00:00,0.33
2017-01-01T01:40:17+00:00,0.33
2017-01-01T01:41:52+00:00,0.54
2017-01-01T01:43:36+00:00,0.53
2017-01-01T01:45:21+00:00,0.51
2017-01-01T01:46:55+00:00,0.5
2017-01-01T01:48:41+00:00,0.58
2017-01-01T01:50:22+00:00,0.77
2017-01-01T01:51:58+00:00,0.56
2017-01-01T01:53:48+00:00,0.77
2017-01-01T01:55:30+00:00,0.49
2017-01-01T01:57:08+00:00,0.64
2017-01-01T01:58:58+00:00,0.33
2017-01-01T02:00:37+00:00,0.33
2017-01-01T02:02:13+00:00,0.33
2017-01-01T02:04:09+00:00,0.33
2017-01-01T02:05:46+00:00,0.33
2017-01-01T02:07:23+00:00,0.33
2017-01-01T02:09:15+00:00,0.33
2017-01-01T02:10:54+00:00,0.33
2017-01-01T02:12:31+00:00,0.33
2017-01-01T02:14:24+00:00,0.33
2017-01-01T02:16:01+00:00,0.41
2017-01-01T02:17:38+00:00,0.4
2017-01-01T02:19:32+00:00,0.4
2017-01-01T02:21:06+00:00,0.42
2017-01-01T02:22:41+00:00,0.54
2017-01-01T02:24:33+00:00,0.58
2017-01-01T02:26:09+00:00,0.51
2017-01-01T02:27:44+00:00,0.51
2017-01-01T02:29:41+00:00,0.5
2017-01-01T02:31:17+00:00,1.85
2017-01-01T02:32:56+00:00,1.84
2017-01-01T02:34:43+00:00,0.5
2017-01-01T02:36:18+00:00,0.64
2017-01-01T02:37:56+00:00,0.49
2017-01-01T02:39:45+00:00,0.33
2017-01-01T02:41:21+00:00,0.33
2017-01-01T02:43:00+00:00,0.33
2017-01-01T02:44:52+00:00,0.61
2017-01-01T02:46:28+00:00,0.4
2017-01-01T02:48:09+00:00,0.4
2017-01-01T02:49:55+00:00,0.33
2017-01-01T02:51:30+00:00,0.33
2017-01-01T02:53:14+00:00,0.33
2017-01-01T02:55:01+00:00,0.33
2017-01-01T02:56:37+00:00,0.33
2017-01-01T02:58:33+00:00,0.33
2017-01-01T03:00:20+00:00,0.33
2017-01-01T03:01:55+00:00,0.33
2017-01-01T03:03:39+00:00,0.54
2017-01-01T03:05:24+00:00,0.69
2017-01-01T03:07:02+00:00,0.51
2017-01-01T03:08:58+00:00,0.5
2017-01-01T03:10:37+00:00,0.5
2017-01-01T03:12:23+00:00,0.57
2017-01-01T03:14:17+00:00,0.57
2017-01-01T03:15:55+00:00,0.56
2017-01-01T03:17:32+00:00,0.49
2017-01-01T03:19:23+00:00,0.33
2017-01-01T03:20:58+00:00,0.33
2017-01-01T03:22:35+00:00,0.33
2017-01-01T03:24:27+00:00,0.33
2017-01-01T03:26:01+00:00,0.36
2017-01-01T03:27:37+00:00,0.33
2017-01-01T03:29:27+00:00,0.33
2017-01-01T03:31:03+00:00,0.34
2017-01-01T03:32:38+00:00,0.33
2017-01-01T03:34:30+00:00,0.55
2017-01-01T03:36:05+00:00,0.42
2017-01-01T03:37:44+00:00,0.33
2017-01-01T03:39:45+00:00,0.41
2017-01-01T03:41:20+00:00,0.4
2017-01-01T03:42:58+00:00,0.82
2017-01-01T03:44:46+00:00,0.8
2017-01-01T03:46:22+00:00,0.55
2017-01-01T03:48:03+00:00,0.5
2017-01-01T03:49:51+00:00,0.68
2017-01-01T03:51:26+00:00,0.72
2017-01-01T03:53:09+00:00,0.75
2017-01-01T03:54:56+00:00,0.5
2017-01-01T03:56:30+00:00,0.49
2017-01-01T03:58:11+00:00,0.49
2017-01-01T03:59:56+00:00,0.33
2017-01-01T04:01:33+00:00,0.33
2017-01-01T04:03:15+00:00,0.52
2017-01-01T04:05:02+00:00,0.33
2017-01-01T04:06:38+00:00,0.41
2017-01-01T04:08:34+00:00,0.52
2017-01-01T04:10:19+00:00,0.4
2017-01-01T04:11:54+00:00,0.39
2017-01-01T04:13:42+00:00,0.33
2017-01-01T04:15:25+00:00,0.33
2017-01-01T04:17:00+00:00,0.34
2017-01-01T04:18:51+00:00,0.33
2017-01-01T04:20:29+00:00,0.39
2017-01-01T04:22:03+00:00,0.33
2017-01-01T04:23:55+00:00,0.54
2017-01-01T04:25:36+00:00,0.51
2017-01-01T04:27:12+00:00,0.51
2017-01-01T04:29:16+00:00,0.5
2017-01-01T04:30:53+00:00,0.71
2017-01-01T04:32:29+00:00,0.5
2017-01-01T04:34:21+00:00,0.58
2017-01-01T04:35:56+00:00,0.57
2017-01-01T04:37:32+00:00,0.56
2017-01-01T04:39:23+00:00,0.4
2017-01-01T04:40:59+00:00,0.33
2017-01-01T04:42:34+00:00,0.33
2017-01-01T04:44:24+00:00,0.33
2017-01-01T04:45:58+00:00,0.6
2017-01-01T04:47:36+00:00,0.33
2017-01-01T04:49:28+00:00,1.68
2017-01-01T04:51:04+00:00,1.85
2017-01-01T04:52:43+00:00,0.33
2017-01-01T04:54:35+00:00,0.33
2017-01-01T04:56:28+00:00,0.47
2017-01-01T04:58:09+00:00,0.59
2017-01-01T04:59:56+00:00,0.33
2017-01-01T05:01:35+00:00,0.33
2017-01-01T05:03:20+00:00,0.62
2017-01-01T05:05:16+00:00,0.61
2017-01-01T05:06:58+00:00,0.57
2017-01-01T05:08:48+00:00,0.55
2017-01-01T05:10:33+00:00,0.5
2017-01-01T05:12:11+00:00,0.5
2017-01-01T05:14:14+00:00,0.49
2017-01-01T05:16:10+00:00,0.48
2017-01-01T05:18:10+00:00,0.63
2017-01-01T05:20:06+00:00,0.32
2017-01-01T05:21:53+00:00,0.32
2017-01-01T05:23:48+00:00,0.32
2017-01-01T05:25:40+00:00,0.32
2017-01-01T05:27:39+00:00,0.32
2017-01-01T06:33:29+00:00,0.49
2017-01-01T06:35:15+00:00,0.49
2017-01-01T06:36:48+00:00,0.58
2017-01-01T06:39:09+00:00,0.48
2017-01-01T06:40:43+00:00,0.32
2017-01-01T06:42:20+00:00,0.32
2017-01-01T06:44:13+00:00,0.32
2017-01-01T06:45:46+00:00,0.57
2017-01-01T06:47:22+00:00,0.48
2017-01-01T06:49:13+00:00,0.32
2017-01-01T06:50:48+00:00,0.42
2017-01-01T06:52:23+00:00,0.32
2017-01-01T06:54:22+00:00,0.4
2017-01-01T06:55:57+00:00,0.4
2017-01-01T06:57:31+00:00,0.39
2017-01-01T06:59:22+00:00,0.32
2017-01-01T07:00:58+00:00,0.32
2017-01-01T07:02:34+00:00,0.32
2017-01-01T07:04:23+00:00,0.71
2017-01-01T07:05:58+00:00,0.52
2017-01-01T07:07:33+00:00,1.9
2017-01-01T07:09:24+00:00,0.5
2017-01-01T07:11:00+00:00,0.5
2017-01-01T07:12:36+00:00,0.5
2017-01-01T07:14:25+00:00,0.65
2017-01-01T07:16:10+00:00,0.49
2017-01-01T07:17:47+00:00,0.62
2017-01-01T07:19:39+00:00,0.49
2017-01-01T07:21:13+00:00,0.33
2017-01-01T07:22:49+00:00,0.4
2017-01-01T07:24:39+00:00,0.57
2017-01-01T07:26:14+00:00,0.62
2017-01-01T07:27:51+00:00,0.33
2017-01-01T07:29:41+00:00,0.61
2017-01-01T07:31:17+00:00,0.33
2017-01-01T07:32:56+00:00,0.33
2017-01-01T07:34:45+00:00,0.56
2017-01-01T07:36:20+00:00,0.44
2017-01-01T07:37:58+00:00,0.33
2017-01-01T07:39:45+00:00,0.58
2017-01-01T07:41:19+00:00,0.44
2017-01-01T07:42:56+00:00,0.46
2017-01-01T07:44:44+00:00,0.54
2017-01-01T07:46:30+00:00,0.76
2017-01-01T07:48:12+00:00,0.5
2017-01-01T07:50:00+00:00,0.58
2017-01-01T07:51:36+00:00,0.57
2017-01-01T07:53:17+00:00,0.56
2017-01-01T07:55:04+00:00,0.49
2017-01-01T07:56:37+00:00,0.49
2017-01-01T07:58:19+00:00,0.49
2017-01-01T08:00:04+00:00,0.49
2017-01-01T08:01:39+00:00,0.48
2017-01-01T08:03:19+00:00,0.33
2017-01-01T08:05:04+00:00,0.33
2017-01-01T08:06:40+00:00,0.33
2017-01-01T08:08:23+00:00,0.33
2017-01-01T08:10:06+00:00,0.33
2017-01-01T08:11:41+00:00,0.33
2017-01-01T08:13:24+00:00,0.33
2017-01-01T08:15:12+00:00,0.33
2017-01-01T08:16:47+00:00,0.44
2017-01-01T08:18:33+00:00,0.7
2017-01-01T08:20:27+00:00,0.4
2017-01-01T08:22:08+00:00,0.39
2017-01-01T08:24:00+00:00,0.41
2017-01-01T08:25:34+00:00,0.74
2017-01-01T08:27:09+00:00,0.51
2017-01-01T08:28:59+00:00,0.5
2017-01-01T08:30:37+00:00,0.73
2017-01-01T08:32:11+00:00,0.49
2017-01-01T08:34:05+00:00,0.68
2017-01-01T08:35:41+00:00,0.49
2017-01-01T08:37:15+00:00,0.49
2017-01-01T08:39:07+00:00,0.49
2017-01-01T08:40:43+00:00,0.7
2017-01-01T08:42:18+00:00,0.45
2017-01-01T08:44:10+00:00,0.33
2017-01-01T08:45:53+00:00,0.4
2017-01-01T08:47:30+00:00,0.4
2017-01-01T08:49:19+00:00,0.39
2017-01-01T08:50:53+00:00,0.33
2017-01-01T08:52:29+00:00,0.33
2017-01-01T08:54:23+00:00,0.33
2017-01-01T08:56:00+00:00,0.33
2017-01-01T08:57:38+00:00,0.33
2017-01-01T08:59:33+00:00,0.33
2017-01-01T09:01:09+00:00,0.46
2017-01-01T09:02:45+00:00,0.32
2017-01-01T09:04:38+00:00,0.32
2017-01-01T09:06:14+00:00,0.53
2017-01-01T09:07:55+00:00,0.51
2017-01-01T09:09:45+00:00,0.5
2017-01-01T09:11:20+00:00,0.5
2017-01-01T09:12:58+00:00,0.77
2017-01-01T09:15:07+00:00,0.68
2017-01-01T09:16:44+00:00,0.57
2017-01-01T09:18:30+00:00,0.48
2017-01-01T09:20:17+00:00,0.52
2017-01-01T09:22:00+00:00,0.32
2017-01-01T09:23:49+00:00,1.64
2017-01-01T09:25:29+00:00,1.64
2017-01-01T09:27:06+00:00,0.32
2017-01-01T09:28:56+00:00,0.47
2017-01-01T09:30:32+00:00,0.32
2017-01-01T09:32:07+00:00,0.32
2017-01-01T09:33:56+00:00,0.32
2017-01-01T09:35:32+00:00,0.32
2017-01-01T09:37:07+00:00,0.32
2017-01-01T09:39:00+00:00,0.32
2017-01-01T09:40:37+00:00,0.32
2017-01-01T09:42:10+00:00,0.53
2017-01-01T09:44:01+00:00,0.39
2017-01-01T09:45:39+00:00,0.6
2017-01-01T09:47:13+00:00,0.51
2017-01-01T09:49:08+00:00,0.5
2017-01-01T09:50:44+00:00,0.5
2017-01-01T09:52:20+00:00,0.5
2017-01-01T09:54:12+00:00,0.67
2017-01-01T09:55:48+00:00,0.79
2017-01-01T09:57:24+00:00,0.49
2017-01-01T09:59:27+00:00,0.49
2017-01-01T10:01:01+00:00,0.49
2017-01-01T10:02:40+00:00,0.32
2017-01-01T10:04:34+00:00,0.44
2017-01-01T10:06:08+00:00,0.32
2017-01-01T10:07:47+00:00,0.32
2017-01-01T10:09:39+00:00,0.4
2017-01-01T10:11:15+00:00,0.4
2017-01-01T10:12:55+00:00,0.39
2017-01-01T10:14:47+00:00,0.32
2017-01-01T10:16:25+00:00,0.32
2017-01-01T10:18:05+00:00,0.35
2017-01-01T10:19:52+00:00,0.32
2017-01-01T10:21:26+00:00,0.37
2017-01-01T10:23:08+00:00,0.58
2017-01-01T10:24:55+00:00,0.33
2017-01-01T10:26:32+00:00,0.67
2017-01-01T10:28:16+00:00,0.51
2017-01-01T10:30:24+00:00,0.5
2017-01-01T10:32:42+00:00,0.5
2017-01-01T10:35:07+00:00,0.53
2017-01-01T10:37:29+00:00,0.69
2017-01-01T10:39:44+00:00,0.56
2017-01-01T10:42:17+00:00,0.33
2017-01-01T10:44:16+00:00,0.33
2017-01-01T10:46:02+00:00,0.33
2017-01-01T10:47:43+00:00,0.44
2017-01-01T10:49:37+00:00,0.33
2017-01-01T10:51:16+00:00,0.33
2017-01-01T10:52:59+00:00,0.33
2017-01-01T10:54:50+00:00,0.33
2017-01-01T10:56:28+00:00,0.33
2017-01-01T10:58:13+00:00,0.4
2017-01-01T11:00:04+00:00,0.33
2017-01-01T11:01:43+00:00,0.33
2017-01-01T11:03:32+00:00,0.33
2017-01-01T11:05:20+00:00,0.79
2017-01-01T11:07:02+00:00,0.61
2017-01-01T11:08:59+00:00,0.65
2017-01-01T11:10:48+00:00,0.65
2017-01-01T11:12:41+00:00,0.58
2017-01-01T11:14:41+00:00,0.61
2017-01-01T11:16:21+00:00,0.49
2017-01-01T11:18:09+00:00,0.49
2017-01-01T11:20:11+00:00,0.56
2017-01-01T11:21:48+00:00,0.64
2017-01-01T11:23:36+00:00,0.33
2017-01-01T11:25:25+00:00,0.33
2017-01-01T11:27:04+00:00,0.33
2017-01-01T11:28:57+00:00,0.33
2017-01-01T11:30:57+00:00,0.33
2017-01-01T11:33:12+00:00,0.49
2017-01-01T11:35:12+00:00,0.4
2017-01-01T11:36:53+00:00,0.4
2017-01-01T11:38:48+00:00,1.67
2017-01-01T11:40:37+00:00,0.33
2017-01-01T11:42:19+00:00,0.33
2017-01-01T11:44:18+00:00,0.33
2017-01-01T11:46:03+00:00,0.33
2017-01-01T11:47:47+00:00,0.53
2017-01-01T11:49:44+00:00,0.51
2017-01-01T11:51:29+00:00,0.5
2017-01-01T11:53:16+00:00,0.5
2017-01-01T11:55:11+00:00,0.66
2017-01-01T11:56:50+00:00,0.49
2017-01-01T11:58:40+00:00,0.49
2017-01-01T12:00:28+00:00,0.49
2017-01-01T12:02:12+00:00,0.57
2017-01-01T12:04:00+00:00,0.4
2017-01-01T12:05:52+00:00,0.4
2017-01-01T12:07:37+00:00,0.33
2017-01-01T12:09:36+00:00,0.33
2017-01-01T12:11:41+00:00,0.33
2017-01-01T12:13:37+00:00,0.33
2017-01-01T12:15:30+00:00,0.33
2017-01-01T12:17:11+00:00,0.33
2017-01-01T12:19:04+00:00,0.35
2017-01-01T12:20:59+00:00,0.52
2017-01-01T12:22:40+00:00,0.33
2017-01-01T12:24:38+00:00,0.63
2017-01-01T12:26:20+00:00,0.33
2017-01-01T12:28:01+00:00,0.54
2017-01-01T12:29:53+00:00,0.51
2017-01-01T12:31:31+00:00,0.58
2017-01-01T12:33:23+00:00,0.57
2017-01-01T12:35:06+00:00,0.56
2017-01-01T12:36:43+00:00,0.76
2017-01-01T12:38:27+00:00,0.49
2017-01-01T12:40:14+00:00,0.49
2017-01-01T12:41:49+00:00,0.59
2017-01-01T12:43:35+00:00,0.57
2017-01-01T12:45:18+00:00,0.33
2017-01-01T12:46:54+00:00,0.33
2017-01-01T12:48:37+00:00,0.46
2017-01-01T12:50:23+00:00,0.33
2017-01-01T12:51:58+00:00,0.33
2017-01-01T12:53:44+00:00,0.55
2017-01-01T12:55:25+00:00,0.33
2017-01-01T12:57:01+00:00,0.33
2017-01-01T12:58:48+00:00,0.33
2017-01-01T13:00:58+00:00,0.4
2017-01-01T13:02:34+00:00,0.4
2017-01-01T13:04:29+00:00,0.33
2017-01-01T13:06:08+00:00,0.33
2017-01-01T13:07:46+00:00,0.54
2017-01-01T13:09:37+00:00,0.52
2017-01-01T13:11:13+00:00,0.51
2017-01-01T13:12:52+00:00,0.5
2017-01-01T13:14:42+00:00,0.64
2017-01-01T13:16:16+00:00,0.49
2017-01-01T13:17:52+00:00,0.49
2017-01-01T13:19:43+00:00,0.49
2017-01-01T13:21:27+00:00,0.49
2017-01-01T13:23:12+00:00,0.49
2017-01-01T13:24:58+00:00,0.32
2017-01-01T13:26:33+00:00,0.32
2017-01-01T13:28:12+00:00,0.4
2017-01-01T13:30:00+00:00,0.43
2017-01-01T13:31:33+00:00,0.56
2017-01-01T13:33:17+00:00,0.33
2017-01-01T13:35:06+00:00,0.41
2017-01-01T13:36:42+00:00,0.32
2017-01-01T13:38:25+00:00,0.52
2017-01-01T13:40:09+00:00,0.32
2017-01-01T13:41:43+00:00,0.32
2017-01-01T13:43:25+00:00,0.33
2017-01-01T13:45:10+00:00,0.32
2017-01-01T13:46:44+00:00,0.33
2017-01-01T13:48:26+00:00,0.53
2017-01-01T13:50:12+00:00,1.93
2017-01-01T13:51:47+00:00,1.83
2017-01-01T13:53:31+00:00,0.5
2017-01-01T13:55:15+00:00,0.61
2017-01-01T13:56:51+00:00,0.57
2017-01-01T13:58:33+00:00,0.56
2017-01-01T14:00:16+00:00,0.55
2017-01-01T14:01:52+00:00,0.49
2017-01-01T14:03:36+00:00,0.32
2017-01-01T14:05:19+00:00,0.32
2017-01-01T14:06:54+00:00,0.38
2017-01-01T14:08:38+00:00,0.32
2017-01-01T14:10:22+00:00,0.4
2017-01-01T14:11:57+00:00,0.32
2017-01-01T14:13:42+00:00,0.32
2017-01-01T14:15:22+00:00,0.32
2017-01-01T14:16:56+00:00,0.32
2017-01-01T14:18:42+00:00,0.32
2017-01-01T14:20:23+00:00,0.32
2017-01-01T14:22:00+00:00,0.54
2017-01-01T14:24:10+00:00,0.32
2017-01-01T14:25:46+00:00,0.4
2017-01-01T14:27:22+00:00,0.39
2017-01-01T14:29:14+00:00,0.59
2017-01-01T14:30:50+00:00,0.51
2017-01-01T14:32:24+00:00,0.5
2017-01-01T14:34:15+00:00,0.49
2017-01-01T14:35:48+00:00,0.49
2017-01-01T14:37:26+00:00,0.49
2017-01-01T14:39:18+00:00,0.49
2017-01-01T14:40:53+00:00,0.49
2017-01-01T14:42:28+00:00,0.48
2017-01-01T14:44:19+00:00,0.32
2017-01-01T14:45:56+00:00,0.32
2017-01-01T14:47:31+00:00,0.32
2017-01-01T14:49:22+00:00,0.32
2017-01-01T14:50:57+00:00,0.32
2017-01-01T14:52:37+00:00,0.32
2017-01-01T14:54:29+00:00,0.4
2017-01-01T14:56:05+00:00,0.54
2017-01-01T14:57:42+00:00,0.39
2017-01-01T14:59:32+00:00,0.32
2017-01-01T15:01:07+00:00,0.32
2017-01-01T15:02:42+00:00,0.32
2017-01-01T15:04:36+00:00,0.32
2017-01-01T15:06:11+00:00,0.32
2017-01-01T15:07:48+00:00,0.32
2017-01-01T15:09:38+00:00,0.61
2017-01-01T15:11:14+00:00,0.66
2017-01-01T15:12:50+00:00,0.55
2017-01-01T15:14:42+00:00,0.75
2017-01-01T15:16:20+00:00,0.49
2017-01-01T15:18:01+00:00,0.49
2017-01-01T15:19:48+00:00,0.49
2017-01-01T15:21:23+00:00,0.49
2017-01-01T15:23:03+00:00,0.56
2017-01-01T15:24:51+00:00,0.39
2017-01-01T15:26:27+00:00,0.52
2017-01-01T15:28:06+00:00,0.32
2017-01-01T15:29:53+00:00,0.32
2017-01-01T15:31:28+00:00,0.32
2017-01-01T15:33:08+00:00,0.42
2017-01-01T15:34:56+00:00,0.32
2017-01-01T15:36:32+00:00,0.32
2017-01-01T15:38:24+00:00,0.32
2017-01-01T15:40:12+00:00,0.33
2017-01-01T15:41:46+00:00,0.49
2017-01-01T15:43:32+00:00,0.33
2017-01-01T15:45:16+00:00,0.52
2017-01-01T15:46:50+00:00,0.33
2017-01-01T15:48:46+00:00,0.33
2017-01-01T15:50:26+00:00,0.87
2017-01-01T15:52:01+00:00,15.66
2017-01-01T15:53:55+00:00,0.57
2017-01-01T15:55:34+00:00,0.5
2017-01-01T15:57:08+00:00,0.5
2017-01-01T15:58:59+00:00,0.49
2017-01-01T16:00:37+00:00,1.83
2017-01-01T16:02:14+00:00,0.49
2017-01-01T16:04:05+00:00,0.49
2017-01-01T16:05:42+00:00,0.33
2017-01-01T16:07:18+00:00,0.33
2017-01-01T16:09:12+00:00,0.51
2017-01-01T16:10:58+00:00,0.33
2017-01-01T16:12:36+00:00,0.33
2017-01-01T16:14:28+00:00,0.33
2017-01-01T16:16:04+00:00,0.32
2017-01-01T16:17:41+00:00,0.32
2017-01-01T16:19:34+00:00,0.63
2017-01-01T16:21:10+00:00,0.4
2017-01-01T16:22:51+00:00,0.39
2017-01-01T16:24:39+00:00,0.32
2017-01-01T16:26:13+00:00,0.32
2017-01-01T16:27:50+00:00,0.33
2017-01-01T16:29:41+00:00,0.54
2017-01-01T16:31:15+00:00,0.52
2017-01-01T16:32:52+00:00,0.51
2017-01-01T16:34:40+00:00,0.5
2017-01-01T16:36:15+00:00,0.5
2017-01-01T16:37:53+00:00,0.5
2017-01-01T16:39:42+00:00,0.49
2017-01-01T16:41:16+00:00,0.49
2017-01-01T16:43:08+00:00,0.53
2017-01-01T16:44:55+00:00,0.49
2017-01-01T16:46:29+00:00,0.34
2017-01-01T16:48:09+00:00,0.6
2017-01-01T16:49:55+00:00,0.4
2017-01-01T16:51:30+00:00,0.39
2017-01-01T16:53:14+00:00,0.33
2017-01-01T16:54:59+00:00,0.4
2017-01-01T16:56:34+00:00,0.33
2017-01-01T16:58:16+00:00,0.33
2017-01-01T17:00:02+00:00,0.52
2017-01-01T17:01:38+00:00,0.5
2017-01-01T17:03:22+00:00,0.33
2017-01-01T17:05:07+00:00,0.5
2017-01-01T17:06:42+00:00,0.33
2017-01-01T17:08:23+00:00,0.33
2017-01-01T17:10:10+00:00,0.54
2017-01-01T17:11:48+00:00,0.52
2017-01-01T17:13:34+00:00,0.51
2017-01-01T17:15:15+00:00,0.5
2017-01-01T17:16:51+00:00,0.58
2017-01-01T17:18:37+00:00,0.57
2017-01-01T17:20:21+00:00,0.84
2017-01-01T17:21:57+00:00,0.49
2017-01-01T17:23:45+00:00,0.49
2017-01-01T17:25:24+00:00,0.49
2017-01-01T17:27:00+00:00,0.33
2017-01-01T17:28:46+00:00,0.33
2017-01-01T17:30:29+00:00,0.37
2017-01-01T17:32:05+00:00,0.33
2017-01-01T17:34:05+00:00,0.33
2017-01-01T17:35:39+00:00,0.45
2017-01-01T17:37:14+00:00,0.33
2017-01-01T17:39:03+00:00,0.33
2017-01-01T17:40:39+00:00,0.33
2017-01-01T17:42:14+00:00,0.33
2017-01-01T17:44:04+00:00,0.32
2017-01-01T17:45:43+00:00,0.4
2017-01-01T17:47:17+00:00,0.56
2017-01-01T17:49:12+00:00,0.39
2017-01-01T17:50:48+00:00,0.54
2017-01-01T17:52:25+00:00,0.52
2017-01-01T17:54:20+00:00,0.51
2017-01-01T17:55:57+00:00,0.5
2017-01-01T17:57:34+00:00,0.5
2017-01-01T17:59:46+00:00,0.49
2017-01-01T18:01:23+00:00,0.49
2017-01-01T18:03:04+00:00,0.49
2017-01-01T18:04:53+00:00,0.49
2017-01-01T18:06:28+00:00,0.32
2017-01-01T18:08:08+00:00,0.32
2017-01-01T18:09:55+00:00,0.32
2017-01-01T18:11:30+00:00,1.65
2017-01-01T18:13:12+00:00,1.81
2017-01-01T18:14:58+00:00,0.39
2017-01-01T18:16:36+00:00,0.39
2017-01-01T18:18:20+00:00,0.32
2017-01-01T18:20:06+00:00,0.32
2017-01-01T18:21:41+00:00,0.47
2017-01-01T18:23:23+00:00,0.32
2017-01-01T18:25:10+00:00,0.32
2017-01-01T18:26:46+00:00,0.32
2017-01-01T18:28:31+00:00,0.32
2017-01-01T18:30:15+00:00,0.51
2017-01-01T18:31:52+00:00,0.68
2017-01-01T18:33:39+00:00,0.51
2017-01-01T18:35:23+00:00,0.5
2017-01-01T18:36:57+00:00,0.5
2017-01-01T18:38:42+00:00,0.49
2017-01-01T18:40:22+00:00,0.57
2017-01-01T18:41:58+00:00,0.56
2017-01-01T18:43:45+00:00,0.66
2017-01-01T18:45:28+00:00,0.49
2017-01-01T18:47:06+00:00,0.32
2017-01-01T18:48:58+00:00,0.32
2017-01-01T18:50:35+00:00,0.32
2017-01-01T18:52:12+00:00,0.32
2017-01-01T18:54:05+00:00,0.32
2017-01-01T18:55:40+00:00,0.5
2017-01-01T18:57:20+00:00,0.32
2017-01-01T18:59:12+00:00,0.62
2017-01-01T19:00:47+00:00,0.51
2017-01-01T19:02:23+00:00,0.36
2017-01-01T19:04:16+00:00,0.32
2017-01-01T19:05:53+00:00,0.32
2017-01-01T19:07:30+00:00,0.32
2017-01-01T19:09:20+00:00,0.4
2017-01-01T19:10:56+00:00,0.6
2017-01-01T19:12:31+00:00,0.58
2017-01-01T19:14:21+00:00,0.5
2017-01-01T19:16:07+00:00,0.49
2017-01-01T19:17:44+00:00,0.49
2017-01-01T19:19:35+00:00,0.53
2017-01-01T19:21:15+00:00,0.49
2017-01-01T19:22:55+00:00,0.48
2017-01-01T19:24:45+00:00,0.48
2017-01-01T19:26:23+00:00,0.48
2017-01-01T19:28:02+00:00,0.32
2017-01-01T19:29:56+00:00,0.32
2017-01-01T19:31:31+00:00,0.32
2017-01-01T19:33:12+00:00,0.44
2017-01-01T19:34:59+00:00,0.36
2017-01-01T19:36:37+00:00,0.4
2017-01-01T19:38:20+00:00,0.39
2017-01-01T19:40:04+00:00,0.39
2017-01-01T19:41:38+00:00,0.36
2017-01-01T19:43:20+00:00,0.32
2017-01-01T19:45:05+00:00,0.41
2017-01-01T19:46:43+00:00,0.32
2017-01-01T19:48:26+00:00,0.47
2017-01-01T19:50:11+00:00,0.32
2017-01-01T19:51:46+00:00,0.73
2017-01-01T19:53:33+00:00,0.51
2017-01-01T19:55:36+00:00,0.5
2017-01-01T19:57:11+00:00,0.49
2017-01-01T19:59:04+00:00,0.49
2017-01-01T20:00:42+00:00,0.49
2017-01-01T20:02:20+00:00,0.49
2017-01-01T20:04:16+00:00,0.56
2017-01-01T20:05:52+00:00,0.66
2017-01-01T20:07:33+00:00,0.39
2017-01-01T20:09:27+00:00,0.32
2017-01-01T20:11:04+00:00,0.32
2017-01-01T20:12:43+00:00,0.32
2017-01-01T20:14:36+00:00,0.53
2017-01-01T20:16:15+00:00,0.32
2017-01-01T20:17:55+00:00,0.32
2017-01-01T20:19:46+00:00,0.38
2017-01-01T20:21:22+00:00,0.32
2017-01-01T20:23:01+00:00,0.41
2017-01-01T20:24:54+00:00,0.33
2017-01-01T20:26:28+00:00,0.33
2017-01-01T20:28:10+00:00,1.67
2017-01-01T20:29:57+00:00,0.33
2017-01-01T20:31:35+00:00,0.62
2017-01-01T20:33:15+00:00,0.81
2017-01-01T20:35:01+00:00,0.57
2017-01-01T20:36:36+00:00,0.5
2017-01-01T20:38:20+00:00,0.61
2017-01-01T20:40:04+00:00,0.49
2017-01-01T20:41:39+00:00,0.49
2017-01-01T20:43:22+00:00,0.54
2017-01-01T20:45:10+00:00,0.49
2017-01-01T20:46:52+00:00,0.49
2017-01-01T20:48:47+00:00,0.33
2017-01-01T20:50:28+00:00,0.46
2017-01-01T20:52:03+00:00,0.33
2017-01-01T20:53:50+00:00,0.33
2017-01-01T20:55:31+00:00,0.58
2017-01-01T20:57:05+00:00,0.33
2017-01-01T20:58:54+00:00,0.41
2017-01-01T21:00:31+00:00,0.4
2017-01-01T21:02:08+00:00,0.39
2017-01-01T21:03:59+00:00,0.33
2017-01-01T21:05:37+00:00,0.33
2017-01-01T21:07:12+00:00,0.33
2017-01-01T21:09:05+00:00,0.33
2017-01-01T21:10:43+00:00,0.33
2017-01-01T21:12:25+00:00,0.66
2017-01-01T21:14:19+00:00,0.74
2017-01-01T21:16:01+00:00,0.5
2017-01-01T21:17:39+00:00,0.64
2017-01-01T21:19:30+00:00,0.49
2017-01-01T21:21:07+00:00,0.57
2017-01-01T21:22:44+00:00,0.49
2017-01-01T21:24:35+00:00,0.49
2017-01-01T21:26:11+00:00,0.57
2017-01-01T21:27:50+00:00,0.56
2017-01-01T21:29:40+00:00,0.56
2017-01-01T21:31:17+00:00,0.37
2017-01-01T21:32:58+00:00,0.32
2017-01-01T21:34:49+00:00,0.32
2017-01-01T21:36:24+00:00,0.39
2017-01-01T21:38:09+00:00,0.33
2017-01-01T21:39:55+00:00,0.33
2017-01-01T21:41:44+00:00,0.32
2017-01-01T21:43:27+00:00,0.41
2017-01-01T21:45:11+00:00,0.33
2017-01-01T21:46:46+00:00,0.33
2017-01-01T21:48:31+00:00,0.33
2017-01-01T21:50:13+00:00,0.33
2017-01-01T21:51:50+00:00,0.54
2017-01-01T21:53:34+00:00,0.75
2017-01-01T21:55:18+00:00,0.8
2017-01-01T21:56:54+00:00,0.57
2017-01-01T21:58:39+00:00,0.5
2017-01-01T22:00:23+00:00,0.49
2017-01-01T22:01:59+00:00,0.66
2017-01-01T22:03:47+00:00,0.49
2017-01-01T22:05:36+00:00,0.49
2017-01-01T22:07:13+00:00,0.54
2017-01-01T22:09:06+00:00,0.33
2017-01-01T22:10:48+00:00,0.33
2017-01-01T22:12:26+00:00,0.33
2017-01-01T22:14:18+00:00,0.33
2017-01-01T22:15:55+00:00,0.34
2017-01-01T22:17:38+00:00,0.33
2017-01-01T22:19:31+00:00,0.42
2017-01-01T22:21:07+00:00,0.41
2017-01-01T22:22:48+00:00,0.4
2017-01-01T22:24:39+00:00,0.4
2017-01-01T22:26:13+00:00,0.49
2017-01-01T22:27:52+00:00,0.33
2017-01-01T22:29:42+00:00,0.33
2017-01-01T22:31:19+00:00,0.33
2017-01-01T22:32:56+00:00,0.53
2017-01-01T22:34:47+00:00,0.51
2017-01-01T22:36:24+00:00,0.51
2017-01-01T22:38:01+00:00,0.5
2017-01-01T22:39:51+00:00,1.84
2017-01-01T22:41:28+00:00,1.84
2017-01-01T22:43:09+00:00,0.5
2017-01-01T22:44:57+00:00,0.49
2017-01-01T22:46:34+00:00,0.71
2017-01-01T22:48:20+00:00,0.41
2017-01-01T22:50:07+00:00,0.4
2017-01-01T22:51:43+00:00,0.4
2017-01-01T22:53:29+00:00,0.33
2017-01-01T22:55:36+00:00,0.33
2017-01-01T22:57:14+00:00,0.33
2017-01-01T22:59:11+00:00,0.51
2017-01-01T23:00:50+00:00,0.33
2017-01-01T23:02:29+00:00,0.33
2017-01-01T23:04:21+00:00,0.33
2017-01-01T23:05:59+00:00,0.33
2017-01-01T23:07:38+00:00,0.33
2017-01-01T23:09:29+00:00,0.47
2017-01-01T23:11:07+00:00,0.6
2017-01-01T23:12:47+00:00,0.53
2017-01-01T23:14:39+00:00,0.51
2017-01-01T23:16:16+00:00,0.58
2017-01-01T23:17:54+00:00,0.6
2017-01-01T23:19:44+00:00,0.56
2017-01-01T23:21:20+00:00,0.5
2017-01-01T23:23:03+00:00,0.71
2017-01-01T23:24:53+00:00,0.74
2017-01-01T23:26:38+00:00,0.49
2017-01-01T23:28:23+00:00,0.45
2017-01-01T23:30:11+00:00,0.48
2017-01-01T23:31:46+00:00,0.33
2017-01-01T23:33:31+00:00,0.33
2017-01-01T23:35:16+00:00,0.33
2017-01-01T23:36:51+00:00,0.5
2017-01-01T23:38:38+00:00,0.33
2017-01-01T23:40:20+00:00,0.33
2017-01-01T23:41:57+00:00,0.63
2017-01-01T23:43:47+00:00,0.69
2017-01-01T23:45:32+00:00,0.4
2017-01-01T23:47:08+00:00,0.4
2017-01-01T23:49:01+00:00,0.33
2017-01-01T23:50:43+00:00,0.33
2017-01-01T23:52:21+00:00,0.56
2017-01-01T23:54:24+00:00,0.56
2017-01-01T23:56:01+00:00,0.59
2017-01-01T23:57:42+00:00,0.5
2017-01-01T23:59:32+00:00,0.5
2017-01-02T00:01:08+00:00,0.5
2017-01-02T00:03:10+00:00,0.49
2017-01-02T00:04:57+00:00,0.49
2017-01-02T00:06:33+00:00,0.49
2017-01-02T00:08:19+00:00,0.6
2017-01-02T00:10:07+00:00,0.41
2017-01-02T00:11:45+00:00,0.4
2017-01-02T00:13:34+00:00,0.4
2017-01-02T00:15:21+00:00,0.33
2017-01-02T00:17:01+00:00,0.33
2017-01-02T00:18:52+00:00,0.33
2017-01-02T00:20:33+00:00,0.33
2017-01-02T00:22:07+00:00,0.33
2017-01-02T00:23:59+00:00,0.33
2017-01-02T00:25:37+00:00,0.33
2017-01-02T00:27:11+00:00,0.33
2017-01-02T00:29:04+00:00,0.44
2017-01-02T00:30:40+00:00,0.33
2017-01-02T00:32:16+00:00,0.54
2017-01-02T00:34:11+00:00,0.74
2017-01-02T00:35:48+00:00,0.76
2017-01-02T00:37:27+00:00,0.5
2017-01-02T00:39:20+00:00,0.65
2017-01-02T00:40:59+00:00,0.56
2017-01-02T00:42:39+00:00,0.55
2017-01-02T00:44:34+00:00,0.49
2017-01-02T00:46:12+00:00,0.49
2017-01-02T00:47:49+00:00,0.75
2017-01-02T00:49:43+00:00,0.33
2017-01-02T00:51:21+00:00,0.33
2017-01-02T00:53:02+00:00,0.33
2017-01-02T00:54:57+00:00,0.33
2017-01-02T00:56:32+00:00,1.73
2017-01-02T00:58:14+00:00,1.67
2017-01-02T01:00:01+00:00,0.33
2017-01-02T01:01:36+00:00,0.33
2017-01-02T01:03:23+00:00,0.33
2017-01-02T01:05:08+00:00,0.33
2017-01-02T01:06:44+00:00,0.46
2017-01-02T01:08:34+00:00,0.46
2017-01-02T01:10:19+00:00,0.39
2017-01-02T01:11:55+00:00,0.33
2017-01-02T01:13:40+00:00,0.52
2017-01-02T01:15:24+00:00,0.67
2017-01-02T01:17:01+00:00,0.5
2017-01-02T01:18:51+00:00,0.5
2017-01-02T01:20:31+00:00,0.49
2017-01-02T01:22:10+00:00,0.49
2017-01-02T01:24:02+00:00,0.49
2017-01-02T01:25:39+00:00,0.49
2017-01-02T01:27:17+00:00,0.48
2017-01-02T01:29:12+00:00,0.32
2017-01-02T01:30:49+00:00,0.32
2017-01-02T01:32:28+00:00,0.32
2017-01-02T01:34:20+00:00,0.64
2017-01-02T01:35:55+00:00,0.4
2017-01-02T01:37:30+00:00,0.39
2017-01-02T01:39:21+00:00,0.32
2017-01-02T01:40:57+00:00,0.33
2017-01-02T01:42:32+00:00,0.52
2017-01-02T01:44:25+00:00,0.33
2017-01-02T01:46:01+00:00,0.33
2017-01-02T01:47:42+00:00,0.33
2017-01-02T01:49:33+00:00,0.6
2017-01-02T01:51:09+00:00,0.33
2017-01-02T01:52:45+00:00,0.55
2017-01-02T01:54:37+00:00,0.52
2017-01-02T01:56:13+00:00,0.61
2017-01-02T01:57:50+00:00,0.5
2017-01-02T01:59:41+00:00,0.69
2017-01-02T02:01:17+00:00,0.58
2017-01-02T02:02:54+00:00,0.57
2017-01-02T02:04:41+00:00,0.56
2017-01-02T02:06:16+00:00,0.56
2017-01-02T02:07:57+00:00,0.49
2017-01-02T02:09:47+00:00,0.33
2017-01-02T02:11:26+00:00,0.33
2017-01-02T02:13:05+00:00,0.33
2017-01-02T02:14:51+00:00,0.52
2017-01-02T02:16:29+00:00,0.33
2017-01-02T02:18:12+00:00,0.47
2017-01-02T02:20:01+00:00,0.33
2017-01-02T02:21:36+00:00,0.33
2017-01-02T02:23:16+00:00,0.33
2017-01-02T02:25:00+00:00,0.33
2017-01-02T02:26:38+00:00,0.43
2017-01-02T02:28:24+00:00,0.61
2017-01-02T02:30:09+00:00,0.44
2017-01-02T02:31:47+00:00,0.4
2017-01-02T02:33:31+00:00,0.6
2017-01-02T02:35:14+00:00,0.63
2017-01-02T02:36:47+00:00,0.51
2017-01-02T02:38:32+00:00,0.5
2017-01-02T02:40:14+00:00,0.5
2017-01-02T02:41:49+00:00,0.5
2017-01-02T02:43:35+00:00,0.75
2017-01-02T02:45:22+00:00,0.49
2017-01-02T02:46:57+00:00,0.49
2017-01-02T02:48:49+00:00,0.33
2017-01-02T02:50:31+00:00,0.33
2017-01-02T02:52:09+00:00,0.33
2017-01-02T02:54:00+00:00,0.33
2017-01-02T02:55:38+00:00,0.33
2017-01-02T02:57:13+00:00,0.33
2017-01-02T02:59:04+00:00,0.4
2017-01-02T03:00:41+00:00,0.4
2017-01-02T03:02:17+00:00,0.4
2017-01-02T03:04:15+00:00,0.47
2017-01-02T03:05:53+00:00,0.33
2017-01-02T03:07:32+00:00,0.64
2017-01-02T03:09:25+00:00,0.33
2017-01-02T03:11:03+00:00,0.33
2017-01-02T03:12:42+00:00,1.68
2017-01-02T03:14:36+00:00,1.87
2017-01-02T03:16:13+00:00,0.51
2017-01-02T03:17:49+00:00,0.68
2017-01-02T03:19:37+00:00,0.5
2017-01-02T03:21:13+00:00,0.57
2017-01-02T03:22:51+00:00,0.5
2017-01-02T03:24:40+00:00,0.49
2017-01-02T03:26:19+00:00,0.57
2017-01-02T03:27:58+00:00,0.56
2017-01-02T03:29:46+00:00,0.58
2017-01-02T03:31:23+00:00,0.36
2017-01-02T03:33:05+00:00,0.41
2017-01-02T03:34:53+00:00,0.53
2017-01-02T03:36:34+00:00,0.33
2017-01-02T03:38:28+00:00,0.33
2017-01-02T03:40:14+00:00,0.35
2017-01-02T03:41:54+00:00,0.33
2017-01-02T03:43:39+00:00,0.33
2017-01-02T03:45:21+00:00,0.6
2017-01-02T03:46:57+00:00,0.33
2017-01-02T03:48:47+00:00,0.33
2017-01-02T03:50:28+00:00,0.33
2017-01-02T03:52:06+00:00,0.34
2017-01-02T03:53:56+00:00,0.62
2017-01-02T03:55:33+00:00,0.59
2017-01-02T03:57:09+00:00,0.61
2017-01-02T03:58:59+00:00,0.64
2017-01-02T04:00:36+00:00,0.5
2017-01-02T04:02:10+00:00,0.58
2017-01-02T04:04:03+00:00,0.49
2017-01-02T04:05:47+00:00,0.49
2017-01-02T04:07:24+00:00,0.49
2017-01-02T04:09:16+00:00,0.33
2017-01-02T04:10:51+00:00,0.39
2017-01-02T04:12:27+00:00,0.33
2017-01-02T04:14:21+00:00,0.32
2017-01-02T04:15:57+00:00,0.34
2017-01-02T04:17:34+00:00,0.53
2017-01-02T04:19:24+00:00,0.33
2017-01-02T04:21:00+00:00,0.33
2017-01-02T04:22:40+00:00,0.4
2017-01-02T04:24:32+00:00,0.58
2017-01-02T04:26:10+00:00,0.41
2017-01-02T04:27:47+00:00,0.48
2017-01-02T04:29:37+00:00,0.32
2017-01-02T04:31:15+00:00,0.33
2017-01-02T04:32:52+00:00,0.42
2017-01-02T04:34:42+00:00,0.52
2017-01-02T04:36:16+00:00,0.51
2017-01-02T04:37:55+00:00,0.53
2017-01-02T04:39:44+00:00,0.5
2017-01-02T04:41:21+00:00,0.49
2017-01-02T04:43:02+00:00,0.49
2017-01-02T04:44:56+00:00,0.49
2017-01-02T04:46:31+00:00,0.49
2017-01-02T04:48:11+00:00,0.49
2017-01-02T04:50:01+00:00,0.41
2017-01-02T04:51:39+00:00,0.4
2017-01-02T04:53:22+00:00,0.39
2017-01-02T04:55:06+00:00,0.33
2017-01-02T04:56:47+00:00,0.33
2017-01-02T04:58:59+00:00,0.33
2017-01-02T05:06:53+00:00,0.33
2017-01-02T05:08:42+00:00,0.33
2017-01-02T05:10:36+00:00,0.49
2017-01-02T05:12:34+00:00,0.33
2017-01-02T05:24:23+00:00,0.5
2017-01-02T05:26:12+00:00,0.5
2017-01-02T05:28:11+00:00,1.83
2017-01-02T05:30:25+00:00,0.52
2017-01-02T05:44:33+00:00,0.41
2017-01-02T05:47:02+00:00,0.56
2017-01-02T05:49:47+00:00,0.52
2017-01-02T05:52:18+00:00,0.33
2017-01-02T05:55:04+00:00,0.74
2017-01-02T09:07:55+00:00,0.33
2017-01-02T09:09:44+00:00,0.33
2017-01-02T09:11:19+00:00,0.33
2017-01-02T09:12:55+00:00,0.33
2017-01-02T09:14:45+00:00,0.33
2017-01-02T09:16:20+00:00,0.53
2017-01-02T09:17:57+00:00,0.51
2017-01-02T09:19:44+00:00,0.5
2017-01-02T09:21:19+00:00,0.5
2017-01-02T09:22:55+00:00,0.5
2017-01-02T09:24:42+00:00,0.49
2017-01-02T09:26:17+00:00,0.57
2017-01-02T09:27:52+00:00,0.56
2017-01-02T09:29:53+00:00,0.56
2017-01-02T09:31:27+00:00,0.33
2017-01-02T09:33:07+00:00,0.33
2017-01-02T09:35:02+00:00,0.6
2017-01-02T09:36:36+00:00,0.33
2017-01-02T09:38:18+00:00,0.34
2017-01-02T09:40:12+00:00,0.33
2017-01-02T09:41:45+00:00,0.49
2017-01-02T09:43:26+00:00,0.33
2017-01-02T09:45:11+00:00,0.4
2017-01-02T09:46:45+00:00,0.33
2017-01-02T09:48:26+00:00,0.33
2017-01-02T09:50:13+00:00,0.33
2017-01-02T09:51:49+00:00,0.33
2017-01-02T09:53:33+00:00,0.41
2017-01-02T09:55:14+00:00,0.6
2017-01-02T09:56:59+00:00,2.02
2017-01-02T09:58:44+00:00,0.51
2017-01-02T10:00:24+00:00,0.5
2017-01-02T10:02:02+00:00,0.5
2017-01-02T10:03:49+00:00,0.5
2017-01-02T10:05:31+00:00,0.49
2017-01-02T10:07:07+00:00,0.49
2017-01-02T10:08:56+00:00,0.49
2017-01-02T10:10:39+00:00,0.55
2017-01-02T10:12:15+00:00,0.33
2017-01-02T10:14:06+00:00,0.33
2017-01-02T10:15:45+00:00,0.33
2017-01-02T10:17:21+00:00,0.33
2017-01-02T10:19:14+00:00,0.33
2017-01-02T10:20:49+00:00,0.41
2017-01-02T10:22:25+00:00,0.64
2017-01-02T10:24:16+00:00,0.7
2017-01-02T10:25:51+00:00,0.49
2017-01-02T10:27:27+00:00,0.33
2017-01-02T10:29:16+00:00,0.43
2017-01-02T10:31:46+00:00,0.33
2017-01-02T10:34:05+00:00,0.33
2017-01-02T10:36:32+00:00,0.82
2017-01-02T10:38:43+00:00,0.51
2017-01-02T10:41:12+00:00,0.5
2017-01-02T10:43:26+00:00,0.69
2017-01-02T10:45:17+00:00,0.49
2017-01-02T10:46:57+00:00,0.49
2017-01-02T10:48:46+00:00,0.56
2017-01-02T10:50:29+00:00,0.67
2017-01-02T10:52:06+00:00,0.39
2017-01-02T10:53:57+00:00,0.37
2017-01-02T10:55:38+00:00,0.32
2017-01-02T10:57:15+00:00,0.56
2017-01-02T10:59:08+00:00,0.32
2017-01-02T11:00:47+00:00,0.32
2017-01-02T11:02:29+00:00,0.32
2017-01-02T11:04:26+00:00,0.32
2017-01-02T11:06:13+00:00,0.32
2017-01-02T11:07:53+00:00,0.36
2017-01-02T11:09:48+00:00,0.32
2017-01-02T11:11:29+00:00,0.32
2017-01-02T11:13:29+00:00,0.32
2017-01-02T11:15:27+00:00,0.82
2017-01-02T11:17:06+00:00,0.6
2017-01-02T11:19:01+00:00,0.77
2017-01-02T11:20:41+00:00,0.5
2017-01-02T11:22:18+00:00,0.49
2017-01-02T11:24:23+00:00,0.61
2017-01-02T11:25:58+00:00,0.77
2017-01-02T11:27:35+00:00,0.5
2017-01-02T11:29:29+00:00,0.48
2017-01-02T11:31:09+00:00,0.48
2017-01-02T11:33:03+00:00,0.32
2017-01-02T11:35:35+00:00,0.44
2017-01-02T11:37:18+00:00,0.48
2017-01-02T11:39:11+00:00,0.32
2017-01-02T11:41:05+00:00,0.32
2017-01-02T11:42:46+00:00,0.32
2017-01-02T11:44:45+00:00,0.4
2017-01-02T11:46:24+00:00,0.39
2017-01-02T11:48:07+00:00,0.32
2017-01-02T11:50:02+00:00,0.32
2017-01-02T11:51:43+00:00,0.32
2017-01-02T11:53:29+00:00,0.32
2017-01-02T11:55:17+00:00,0.32
2017-01-02T11:56:55+00:00,0.53
2017-01-02T11:58:42+00:00,0.57
2017-01-02T12:00:31+00:00,0.5
2017-01-02T12:02:13+00:00,0.77
2017-01-02T12:04:07+00:00,0.49
2017-01-02T12:05:55+00:00,0.49
2017-01-02T12:07:40+00:00,0.49
2017-01-02T12:09:41+00:00,1.84
2017-01-02T12:11:46+00:00,0.56
2017-01-02T12:13:42+00:00,0.41
2017-01-02T12:15:34+00:00,0.5
2017-01-02T12:17:14+00:00,0.6
2017-01-02T12:19:07+00:00,0.51
2017-01-02T12:20:56+00:00,0.32
2017-01-02T12:22:36+00:00,0.39
2017-01-02T12:24:30+00:00,0.32
2017-01-02T12:26:13+00:00,0.32
2017-01-02T12:28:10+00:00,0.35
2017-01-02T12:29:58+00:00,0.32
2017-01-02T12:31:34+00:00,0.32
2017-01-02T12:33:15+00:00,0.32
2017-01-02T12:35:04+00:00,0.36
2017-01-02T12:36:39+00:00,0.33
2017-01-02T12:38:23+00:00,0.63
2017-01-02T12:40:08+00:00,0.58
2017-01-02T12:41:43+00:00,0.57
2017-01-02T12:43:26+00:00,0.5
2017-01-02T12:45:12+00:00,0.49
2017-01-02T12:46:49+00:00,0.56
2017-01-02T12:48:34+00:00,0.7
2017-01-02T12:50:15+00:00,0.73
2017-01-02T12:51:51+00:00,0.49
2017-01-02T12:53:37+00:00,0.33
2017-01-02T12:55:20+00:00,0.32
2017-01-02T12:57:04+00:00,0.51
2017-01-02T12:58:51+00:00,0.48
2017-01-02T13:01:11+00:00,0.32
2017-01-02T13:02:47+00:00,0.32
2017-01-02T13:04:40+00:00,0.56
2017-01-02T13:06:15+00:00,0.4
2017-01-02T13:07:54+00:00,0.4
2017-01-02T13:09:44+00:00,0.39
2017-01-02T13:11:18+00:00,0.32
2017-01-02T13:12:55+00:00,0.46
2017-01-02T13:14:47+00:00,0.32
2017-01-02T13:16:21+00:00,0.42
2017-01-02T13:17:58+00:00,0.53
2017-01-02T13:19:45+00:00,0.51
2017-01-02T13:21:19+00:00,0.5
2017-01-02T13:22:56+00:00,0.5
2017-01-02T13:24:46+00:00,0.69
2017-01-02T13:26:21+00:00,0.73
2017-01-02T13:28:01+00:00,0.49
2017-01-02T13:29:51+00:00,0.79
2017-01-02T13:31:30+00:00,0.49
2017-01-02T13:33:10+00:00,0.48
2017-01-02T13:34:57+00:00,0.44
2017-01-02T13:36:36+00:00,0.54
2017-01-02T13:38:17+00:00,0.39
2017-01-02T13:40:03+00:00,0.32
2017-01-02T13:41:36+00:00,0.32
2017-01-02T13:43:15+00:00,0.32
2017-01-02T13:45:00+00:00,0.47
2017-01-02T13:46:32+00:00,0.32
2017-01-02T13:48:12+00:00,0.37
2017-01-02T13:49:56+00:00,0.44
2017-01-02T13:51:31+00:00,0.32
2017-01-02T13:53:10+00:00,0.32
2017-01-02T13:54:55+00:00,0.46
2017-01-02T13:56:29+00:00,0.32
2017-01-02T13:58:09+00:00,0.72
2017-01-02T13:59:52+00:00,0.51
2017-01-02T14:01:27+00:00,0.51
2017-01-02T14:03:05+00:00,0.57
2017-01-02T14:04:53+00:00,0.57
2017-01-02T14:06:27+00:00,0.56
2017-01-02T14:08:05+00:00,0.5
2017-01-02T14:09:54+00:00,0.49
2017-01-02T14:11:28+00:00,0.49
2017-01-02T14:13:04+00:00,0.49
2017-01-02T14:14:52+00:00,0.33
2017-01-02T14:16:26+00:00,0.33
2017-01-02T14:18:05+00:00,0.53
2017-01-02T14:19:53+00:00,0.61
2017-01-02T14:21:29+00:00,0.52
2017-01-02T14:23:06+00:00,1.7
2017-01-02T14:24:53+00:00,0.33
2017-01-02T14:26:28+00:00,0.42
2017-01-02T14:28:06+00:00,0.5
2017-01-02T14:29:51+00:00,0.53
2017-01-02T14:31:26+00:00,0.4
2017-01-02T14:33:03+00:00,0.6
2017-01-02T14:34:51+00:00,0.41
2017-01-02T14:36:25+00:00,0.33
2017-01-02T14:38:01+00:00,0.33
2017-01-02T14:39:47+00:00,0.52
2017-01-02T14:41:22+00:00,0.52
2017-01-02T14:42:57+00:00,0.5
2017-01-02T14:44:46+00:00,0.73
2017-01-02T14:46:20+00:00,0.5
2017-01-02T14:47:56+00:00,0.49
2017-01-02T14:49:45+00:00,0.49
2017-01-02T14:51:20+00:00,0.49
2017-01-02T14:52:58+00:00,0.49
2017-01-02T14:54:47+00:00,0.52
2017-01-02T14:56:22+00:00,0.33
2017-01-02T14:57:59+00:00,0.41
2017-01-02T14:59:46+00:00,0.68
2017-01-02T15:01:21+00:00,0.39
2017-01-02T15:02:58+00:00,0.33
2017-01-02T15:04:48+00:00,0.41
2017-01-02T15:06:22+00:00,0.33
2017-01-02T15:07:59+00:00,0.33
2017-01-02T15:09:48+00:00,0.32
2017-01-02T15:11:23+00:00,0.63
2017-01-02T15:13:01+00:00,0.33
2017-01-02T15:14:50+00:00,0.5
2017-01-02T15:16:24+00:00,0.54
2017-01-02T15:18:01+00:00,0.36
2017-01-02T15:19:48+00:00,0.53
2017-01-02T15:21:21+00:00,0.51
2017-01-02T15:22:57+00:00,0.5
2017-01-02T15:24:42+00:00,0.5
2017-01-02T15:26:16+00:00,0.57
2017-01-02T15:27:52+00:00,0.56
2017-01-02T15:29:41+00:00,0.56
2017-01-02T15:31:16+00:00,0.49
2017-01-02T15:32:52+00:00,0.49
2017-01-02T15:34:42+00:00,0.32
2017-01-02T15:36:15+00:00,0.32
2017-01-02T15:37:49+00:00,0.32
2017-01-02T15:39:40+00:00,0.32
2017-01-02T15:41:14+00:00,0.32
2017-01-02T15:42:50+00:00,0.32
2017-01-02T15:44:40+00:00,0.5
2017-01-02T15:46:14+00:00,0.32
2017-01-02T15:47:48+00:00,0.6
2017-01-02T15:49:37+00:00,0.32
2017-01-02T15:51:11+00:00,0.32
2017-01-02T15:52:45+00:00,0.41
2017-01-02T15:54:36+00:00,0.4
2017-01-02T15:56:10+00:00,0.39
2017-01-02T15:57:46+00:00,0.32
2017-01-02T15:59:36+00:00,0.53
2017-01-02T16:01:14+00:00,0.58
2017-01-02T16:02:52+00:00,0.6
2017-01-02T16:04:42+00:00,0.5
2017-01-02T16:06:16+00:00,0.67
2017-01-02T16:07:53+00:00,0.49
2017-01-02T16:09:43+00:00,0.49
2017-01-02T16:11:17+00:00,0.49
2017-01-02T16:12:56+00:00,0.48
2017-01-02T16:14:47+00:00,0.48
2017-01-02T16:16:22+00:00,0.32
2017-01-02T16:18:00+00:00,0.32
2017-01-02T16:19:48+00:00,0.32
2017-01-02T16:21:23+00:00,0.4
2017-01-02T16:22:59+00:00,0.4
2017-01-02T16:24:46+00:00,0.39
2017-01-02T16:26:21+00:00,0.32
2017-01-02T16:28:00+00:00,0.32
2017-01-02T16:29:48+00:00,0.44
2017-01-02T16:31:22+00:00,0.32
2017-01-02T16:33:01+00:00,0.32
2017-01-02T16:34:50+00:00,1.65
2017-01-02T16:36:24+00:00,0.32
2017-01-02T16:38:07+00:00,0.32
2017-01-02T16:39:56+00:00,0.76
2017-01-02T16:41:31+00:00,0.58
2017-01-02T16:43:12+00:00,0.5
2017-01-02T16:44:57+00:00,0.59
2017-01-02T16:46:47+00:00,0.49
2017-01-02T16:48:32+00:00,0.57
2017-01-02T16:50:13+00:00,0.56
2017-01-02T16:51:48+00:00,0.86
2017-01-02T16:53:31+00:00,0.49
2017-01-02T16:55:16+00:00,0.48
2017-01-02T16:56:51+00:00,0.54
2017-01-02T16:58:35+00:00,0.34
2017-01-02T17:00:18+00:00,0.51
2017-01-02T17:02:03+00:00,0.32
2017-01-02T17:03:50+00:00,0.33
2017-01-02T17:05:33+00:00,0.62
2017-01-02T17:07:09+00:00,0.53
2017-01-02T17:08:56+00:00,0.5
2017-01-02T17:10:36+00:00,0.33
2017-01-02T17:12:12+00:00,0.33
2017-01-02T17:14:03+00:00,0.33
2017-01-02T17:15:42+00:00,0.33
2017-01-02T17:17:17+00:00,0.41
2017-01-02T17:19:08+00:00,0.4
2017-01-02T17:20:45+00:00,0.6
2017-01-02T17:22:20+00:00,0.51
2017-01-02T17:24:09+00:00,0.51
2017-01-02T17:25:46+00:00,0.5
2017-01-02T17:27:22+00:00,0.58
2017-01-02T17:29:15+00:00,0.5
2017-01-02T17:30:50+00:00,0.49
2017-01-02T17:32:25+00:00,0.49
2017-01-02T17:34:15+00:00,0.68
2017-01-02T17:35:50+00:00,0.33
2017-01-02T17:37:27+00:00,0.33
2017-01-02T17:39:23+00:00,0.33
2017-01-02T17:40:59+00:00,0.55
2017-01-02T17:42:36+00:00,0.33
2017-01-02T17:44:29+00:00,0.43
2017-01-02T17:46:05+00:00,0.4
2017-01-02T17:47:41+00:00,0.39
2017-01-02T17:49:33+00:00,0.33
2017-01-02T17:51:07+00:00,0.33
2017-01-02T17:52:46+00:00,0.33
2017-01-02T17:54:38+00:00,0.41
2017-01-02T17:56:15+00:00,0.39
2017-01-02T17:57:53+00:00,0.33
2017-01-02T17:59:45+00:00,0.56
2017-01-02T18:01:20+00:00,0.53
2017-01-02T18:03:00+00:00,0.51
2017-01-02T18:04:50+00:00,0.5
2017-01-02T18:06:26+00:00,0.5
2017-01-02T18:08:05+00:00,0.66
2017-01-02T18:09:56+00:00,0.49
2017-01-02T18:11:31+00:00,0.57
2017-01-02T18:13:14+00:00,0.57
2017-01-02T18:15:03+00:00,0.56
2017-01-02T18:16:39+00:00,0.62
2017-01-02T18:18:23+00:00,0.33
2017-01-02T18:20:08+00:00,0.49
2017-01-02T18:21:42+00:00,0.33
2017-01-02T18:23:26+00:00,0.4
2017-01-02T18:25:13+00:00,0.33
2017-01-02T18:26:48+00:00,0.33
2017-01-02T18:28:44+00:00,0.33
2017-01-02T18:30:26+00:00,0.33
2017-01-02T18:32:01+00:00,0.4
2017-01-02T18:33:49+00:00,0.33
2017-01-02T18:35:31+00:00,0.33
2017-01-02T18:37:06+00:00,0.44
2017-01-02T18:38:55+00:00,0.33
2017-01-02T18:40:34+00:00,0.61
2017-01-02T18:42:09+00:00,0.59
2017-01-02T18:43:59+00:00,0.57
2017-01-02T18:45:35+00:00,0.72
2017-01-02T18:47:11+00:00,0.5
2017-01-02T18:49:02+00:00,1.83
2017-01-02T18:50:39+00:00,1.9
2017-01-02T18:52:16+00:00,0.49
2017-01-02T18:54:08+00:00,0.49
2017-01-02T18:55:44+00:00,0.49
2017-01-02T18:57:19+00:00,0.57
2017-01-02T18:59:12+00:00,0.47
2017-01-02T19:00:49+00:00,0.33
2017-01-02T19:02:23+00:00,0.33
2017-01-02T19:04:20+00:00,0.33
2017-01-02T19:05:58+00:00,0.33
2017-01-02T19:07:34+00:00,0.41
2017-01-02T19:09:27+00:00,0.4
2017-01-02T19:11:03+00:00,0.5
2017-01-02T19:12:43+00:00,0.33
2017-01-02T19:14:33+00:00,0.33
2017-01-02T19:16:07+00:00,0.5
2017-01-02T19:17:44+00:00,0.33
2017-01-02T19:19:33+00:00,0.33
2017-01-02T19:21:10+00:00,0.54
2017-01-02T19:22:45+00:00,0.52
2017-01-02T19:24:40+00:00,0.51
2017-01-02T19:26:15+00:00,0.5
2017-01-02T19:27:50+00:00,0.5
2017-01-02T19:29:40+00:00,0.5
2017-01-02T19:31:16+00:00,0.49
2017-01-02T19:32:53+00:00,0.56
2017-01-02T19:34:43+00:00,0.49
2017-01-02T19:36:19+00:00,0.56
2017-01-02T19:37:57+00:00,0.4
2017-01-02T19:39:43+00:00,0.53
2017-01-02T19:41:18+00:00,0.33
2017-01-02T19:42:56+00:00,0.33
2017-01-02T19:44:47+00:00,0.56
2017-01-02T19:46:24+00:00,0.33
2017-01-02T19:48:01+00:00,0.33
2017-01-02T19:49:49+00:00,0.33
2017-01-02T19:51:25+00:00,0.38
2017-01-02T19:53:04+00:00,0.33
2017-01-02T19:54:51+00:00,0.44
2017-01-02T19:56:26+00:00,0.33
2017-01-02T19:58:06+00:00,0.33
2017-01-02T19:59:55+00:00,0.33
2017-01-02T20:01:30+00:00,0.54
2017-01-02T20:03:10+00:00,0.74
2017-01-02T20:04:59+00:00,0.69
2017-01-02T20:06:35+00:00,0.57
2017-01-02T20:09:06+00:00,0.5
2017-01-02T20:10:42+00:00,0.71
2017-01-02T20:12:18+00:00,0.49
2017-01-02T20:14:09+00:00,0.58
2017-01-02T20:15:47+00:00,0.49
2017-01-02T20:17:24+00:00,0.53
2017-01-02T20:19:14+00:00,0.33
2017-01-02T20:20:50+00:00,0.46
2017-01-02T20:22:25+00:00,0.33
2017-01-02T20:24:19+00:00,0.33
2017-01-02T20:25:55+00:00,0.33
2017-01-02T20:27:30+00:00,0.33
2017-01-02T20:29:22+00:00,0.33
2017-01-02T20:30:57+00:00,0.6
2017-01-02T20:32:33+00:00,0.4
2017-01-02T20:34:24+00:00,0.57
2017-01-02T20:35:59+00:00,0.33
2017-01-02T20:37:35+00:00,0.39
2017-01-02T20:39:23+00:00,0.33
2017-01-02T20:40:58+00:00,0.73
2017-01-02T20:42:36+00:00,0.67
2017-01-02T20:44:29+00:00,0.72
2017-01-02T20:46:05+00:00,0.64
2017-01-02T20:47:42+00:00,0.5
2017-01-02T20:49:34+00:00,0.5
2017-01-02T20:51:10+00:00,0.5
2017-01-02T20:52:47+00:00,0.56
2017-01-02T20:54:38+00:00,0.49
2017-01-02T20:56:14+00:00,0.49
2017-01-02T20:57:50+00:00,0.64
2017-01-02T20:59:40+00:00,0.4
2017-01-02T21:01:16+00:00,0.4
2017-01-02T21:02:53+00:00,0.33
2017-01-02T21:04:43+00:00,0.33
2017-01-02T21:06:18+00:00,1.7
2017-01-02T21:07:57+00:00,0.33
2017-01-02T21:09:48+00:00,0.33
2017-01-02T21:11:24+00:00,0.47
2017-01-02T21:13:03+00:00,0.33
2017-01-02T21:14:50+00:00,0.33
2017-01-02T21:16:24+00:00,0.33
2017-01-02T21:18:03+00:00,0.33
2017-01-02T21:19:54+00:00,0.33
2017-01-02T21:21:28+00:00,0.54
2017-01-02T21:23:09+00:00,0.76
2017-01-02T21:24:55+00:00,0.76
2017-01-02T21:26:30+00:00,0.89
2017-01-02T21:28:11+00:00,0.57
2017-01-02T21:29:57+00:00,0.5
2017-01-02T21:31:39+00:00,0.57
2017-01-02T21:33:20+00:00,0.5
2017-01-02T21:35:05+00:00,0.49
2017-01-02T21:36:43+00:00,0.49
2017-01-02T21:38:27+00:00,0.33
2017-01-02T21:40:12+00:00,0.33
2017-01-02T21:41:46+00:00,0.33
2017-01-02T21:43:31+00:00,0.61
2017-01-02T21:45:16+00:00,0.33
2017-01-02T21:46:51+00:00,0.33
2017-01-02T21:48:49+00:00,0.33
2017-01-02T21:50:31+00:00,0.61
2017-01-02T21:52:06+00:00,0.33
2017-01-02T21:53:56+00:00,0.4
2017-01-02T21:55:34+00:00,0.4
2017-01-02T21:57:09+00:00,0.39
2017-01-02T21:58:58+00:00,0.33
2017-01-02T22:00:34+00:00,0.55
2017-01-02T22:02:09+00:00,0.79
2017-01-02T22:04:06+00:00,0.51
2017-01-02T22:05:42+00:00,0.51
2017-01-02T22:07:17+00:00,0.5
2017-01-02T22:09:09+00:00,0.5
2017-01-02T22:10:44+00:00,0.49
2017-01-02T22:12:19+00:00,0.49
2017-01-02T22:14:12+00:00,0.48
2017-01-02T22:15:50+00:00,0.48
2017-01-02T22:17:26+00:00,0.58
2017-01-02T22:19:17+00:00,0.32
2017-01-02T22:20:51+00:00,0.4
2017-01-02T22:22:26+00:00,0.4
2017-01-02T22:24:16+00:00,0.6
2017-01-02T22:25:51+00:00,0.32
2017-01-02T22:27:26+00:00,0.32
2017-01-02T22:29:19+00:00,0.32
2017-01-02T22:30:53+00:00,0.32
2017-01-02T22:32:31+00:00,0.47
2017-01-02T22:34:25+00:00,0.32
2017-01-02T22:35:59+00:00,0.32
2017-01-02T22:37:35+00:00,0.32
2017-01-02T22:39:28+00:00,0.32
2017-01-02T22:41:04+00:00,0.61
2017-01-02T22:42:40+00:00,0.52
2017-01-02T22:44:33+00:00,0.58
2017-01-02T22:46:08+00:00,0.5
2017-01-02T22:47:45+00:00,0.5
2017-01-02T22:49:34+00:00,0.63
2017-01-02T22:51:09+00:00,0.56
2017-01-02T22:52:44+00:00,0.56
2017-01-02T22:54:34+00:00,0.49
2017-01-02T22:56:09+00:00,0.48
2017-01-02T22:57:46+00:00,0.48
2017-01-02T22:59:36+00:00,0.32
2017-01-02T23:01:12+00:00,0.32
2017-01-02T23:02:47+00:00,0.32
2017-01-02T23:04:38+00:00,0.32
2017-01-02T23:06:14+00:00,0.32
2017-01-02T23:07:50+00:00,0.32
2017-01-02T23:09:41+00:00,0.63
2017-01-02T23:11:16+00:00,0.32
2017-01-02T23:12:54+00:00,0.44
2017-01-02T23:14:44+00:00,0.32
2017-01-02T23:16:18+00:00,0.4
2017-01-02T23:17:55+00:00,0.4
2017-01-02T23:19:43+00:00,0.39
2017-01-02T23:21:18+00:00,0.32
2017-01-02T23:22:54+00:00,1.85
2017-01-02T23:24:44+00:00,0.51
2017-01-02T23:26:18+00:00,0.5
2017-01-02T23:27:54+00:00,0.7
2017-01-02T23:29:43+00:00,0.49
2017-01-02T23:31:18+00:00,0.49
2017-01-02T23:32:57+00:00,0.49
2017-01-02T23:34:46+00:00,0.65
2017-01-02T23:36:21+00:00,0.6
2017-01-02T23:37:57+00:00,0.57
2017-01-02T23:39:46+00:00,0.32
2017-01-02T23:41:22+00:00,0.32
2017-01-02T23:43:01+00:00,0.4
2017-01-02T23:44:51+00:00,0.4
2017-01-02T23:46:26+00:00,0.62
2017-01-02T23:48:05+00:00,0.32
2017-01-02T23:49:54+00:00,0.32
2017-01-02T23:51:32+00:00,0.32
2017-01-02T23:53:11+00:00,0.32
2017-01-02T23:54:55+00:00,0.32
2017-01-02T23:56:31+00:00,0.52
2017-01-02T23:58:10+00:00,0.32
2017-01-02T23:59:55+00:00,0.4
2017-01-03T00:01:30+00:00,0.53
2017-01-03T00:03:09+00:00,0.53
2017-01-03T00:04:55+00:00,0.61
2017-01-03T00:06:31+00:00,0.5
2017-01-03T00:08:13+00:00,0.5
2017-01-03T00:10:00+00:00,0.58
2017-01-03T00:11:35+00:00,0.57
2017-01-03T00:13:16+00:00,0.56
2017-01-03T00:15:03+00:00,0.49
2017-01-03T00:16:38+00:00,0.49
2017-01-03T00:18:21+00:00,0.33
2017-01-03T00:20:08+00:00,0.33
2017-01-03T00:21:42+00:00,0.33
2017-01-03T00:23:24+00:00,0.57
2017-01-03T00:25:11+00:00,0.33
2017-01-03T00:26:45+00:00,0.32
2017-01-03T00:28:27+00:00,0.5
2017-01-03T00:30:14+00:00,0.46
2017-01-03T00:31:50+00:00,0.58
2017-01-03T00:33:39+00:00,0.32
2017-01-03T00:35:21+00:00,0.32
2017-01-03T00:36:57+00:00,0.32
2017-01-03T00:38:46+00:00,0.4
2017-01-03T00:40:26+00:00,0.39
2017-01-03T00:42:01+00:00,0.54
2017-01-03T00:43:49+00:00,0.52
2017-01-03T00:45:29+00:00,0.66
2017-01-03T00:47:06+00:00,0.5
2017-01-03T00:48:54+00:00,0.65
2017-01-03T00:50:34+00:00,0.5
2017-01-03T00:52:08+00:00,0.49
2017-01-03T00:53:57+00:00,0.49
2017-01-03T00:55:34+00:00,0.51
2017-01-03T00:57:10+00:00,0.48
2017-01-03T00:59:01+00:00,0.32
2017-01-03T01:00:38+00:00,0.33
2017-01-03T01:02:13+00:00,0.33
2017-01-03T01:04:07+00:00,0.46
2017-01-03T01:05:43+00:00,0.4
2017-01-03T01:07:20+00:00,0.4
2017-01-03T01:09:13+00:00,0.33
2017-01-03T01:10:51+00:00,0.35
2017-01-03T01:12:27+00:00,0.33
2017-01-03T01:14:19+00:00,0.56
2017-01-03T01:15:56+00:00,0.33
2017-01-03T01:17:34+00:00,0.33
2017-01-03T01:19:27+00:00,0.33
2017-01-03T01:21:02+00:00,0.33
2017-01-03T01:22:37+00:00,0.54
2017-01-03T01:24:30+00:00,0.52
2017-01-03T01:26:05+00:00,0.7
2017-01-03T01:27:40+00:00,0.55
2017-01-03T01:29:35+00:00,0.5
2017-01-03T01:31:10+00:00,0.52
2017-01-03T01:32:46+00:00,0.57
2017-01-03T01:34:38+00:00,0.66
2017-01-03T01:36:11+00:00,0.56
2017-01-03T01:37:48+00:00,2.07
2017-01-03T01:39:38+00:00,0.33
2017-01-03T01:41:14+00:00,0.33
2017-01-03T01:42:54+00:00,0.33
2017-01-03T01:44:44+00:00,0.33
2017-01-03T01:46:18+00:00,0.33
2017-01-03T01:47:54+00:00,0.33
2017-01-03T01:49:43+00:00,0.33
2017-01-03T01:51:27+00:00,0.41
2017-01-03T01:53:09+00:00,0.33
2017-01-03T01:54:56+00:00,0.33
2017-01-03T01:56:32+00:00,0.33
2017-01-03T01:58:12+00:00,0.33
2017-01-03T02:00:01+00:00,0.41
2017-01-03T02:01:39+00:00,0.41
2017-01-03T02:03:21+00:00,0.87
2017-01-03T02:05:06+00:00,0.52
2017-01-03T02:06:41+00:00,0.54
2017-01-03T02:08:26+00:00,0.65
2017-01-03T02:10:12+00:00,0.5
2017-01-03T02:11:48+00:00,0.69
2017-01-03T02:13:31+00:00,0.5
2017-01-03T02:15:19+00:00,0.49
2017-01-03T02:16:54+00:00,0.49
2017-01-03T02:18:41+00:00,0.47
2017-01-03T02:20:28+00:00,0.33
2017-01-03T02:22:10+00:00,0.33
2017-01-03T02:23:58+00:00,0.44
2017-01-03T02:25:36+00:00,0.42
2017-01-03T02:27:13+00:00,0.55
2017-01-03T02:29:06+00:00,0.4
2017-01-03T02:30:41+00:00,0.4
2017-01-03T02:32:17+00:00,0.33
2017-01-03T02:34:07+00:00,0.45
2017-01-03T02:35:45+00:00,0.33
2017-01-03T02:37:20+00:00,0.33
2017-01-03T02:39:09+00:00,0.33
2017-01-03T02:40:44+00:00,0.33
2017-01-03T02:42:20+00:00,0.32
2017-01-03T02:44:14+00:00,0.69
2017-01-03T02:45:48+00:00,0.5
2017-01-03T02:47:22+00:00,0.5
2017-01-03T02:49:13+00:00,0.54
2017-01-03T02:50:48+00:00,0.49
2017-01-03T02:52:24+00:00,0.49
2017-01-03T02:54:15+00:00,0.57
2017-01-03T02:55:50+00:00,0.56
2017-01-03T02:57:25+00:00,0.55
2017-01-03T02:59:18+00:00,0.32
2017-01-03T03:00:55+00:00,0.38
2017-01-03T03:02:30+00:00,0.32
2017-01-03T03:04:22+00:00,0.45
2017-01-03T03:05:59+00:00,0.32
2017-01-03T03:07:35+00:00,0.32
2017-01-03T03:09:29+00:00,0.32
2017-01-03T03:11:04+00:00,0.32
2017-01-03T03:12:40+00:00,0.32
2017-01-03T03:14:31+00:00,0.32
2017-01-03T03:16:05+00:00,0.32
2017-01-03T03:17:44+00:00,0.63
2017-01-03T03:19:36+00:00,0.32
2017-01-03T03:21:11+00:00,0.41
2017-01-03T03:22:46+00:00,0.61
2017-01-03T03:24:40+00:00,0.58
2017-01-03T03:26:13+00:00,0.6
2017-01-03T03:27:49+00:00,0.64
2017-01-03T03:29:58+00:00,0.5
2017-01-03T03:31:32+00:00,0.49
2017-01-03T03:33:14+00:00,0.58
2017-01-03T03:35:00+00:00,0.49
2017-01-03T03:36:34+00:00,0.49
2017-01-03T03:38:15+00:00,0.49
2017-01-03T03:40:00+00:00,0.33
2017-01-03T03:41:35+00:00,0.33
2017-01-03T03:43:17+00:00,0.32
2017-01-03T03:45:01+00:00,0.33
2017-01-03T03:46:36+00:00,0.33
2017-01-03T03:48:19+00:00,0.41
2017-01-03T03:50:04+00:00,0.4
2017-01-03T03:51:39+00:00,0.39
2017-01-03T03:53:19+00:00,1.67
2017-01-03T03:55:10+00:00,0.33
2017-01-03T03:56:46+00:00,0.33
2017-01-03T03:58:28+00:00,0.33
2017-01-03T04:00:16+00:00,0.33
2017-01-03T04:01:51+00:00,0.33
2017-01-03T04:03:33+00:00,0.54
2017-01-03T04:05:18+00:00,0.52
2017-01-03T04:06:58+00:00,0.67
2017-01-03T04:08:42+00:00,0.52
2017-01-03T04:10:25+00:00,0.53
2017-01-03T04:11:59+00:00,0.66
2017-01-03T04:13:44+00:00,0.64
2017-01-03T04:15:27+00:00,0.49
2017-01-03T04:17:02+00:00,0.57
2017-01-03T04:18:49+00:00,0.61
2017-01-03T04:20:27+00:00,0.66
2017-01-03T04:22:03+00:00,0.33
2017-01-03T04:23:49+00:00,0.33
2017-01-03T04:25:30+00:00,0.33
2017-01-03T04:27:05+00:00,0.33
2017-01-03T04:28:55+00:00,0.33
2017-01-03T04:30:34+00:00,0.64
2017-01-03T04:32:08+00:00,0.33
2017-01-03T04:33:56+00:00,0.33
2017-01-03T04:35:33+00:00,0.33
2017-01-03T04:37:07+00:00,0.33
2017-01-03T04:38:59+00:00,0.38
2017-01-03T04:40:36+00:00,0.33
2017-01-03T04:42:11+00:00,0.33
2017-01-03T04:43:58+00:00,0.54
2017-01-03T04:45:35+00:00,0.59
2017-01-03T04:47:11+00:00,0.58
2017-01-03T04:48:59+00:00,0.64
2017-01-03T04:50:36+00:00,0.5
2017-01-03T04:52:11+00:00,0.5
2017-01-03T04:54:02+00:00,0.5
2017-01-03T04:55:39+00:00,0.75
2017-01-03T04:57:14+00:00,0.49
2017-01-03T04:59:05+00:00,0.49
2017-01-03T05:00:48+00:00,0.33
2017-01-03T05:02:46+00:00,0.49
2017-01-03T05:08:01+00:00,0.45
2017-01-03T05:10:08+00:00,0.41
2017-01-03T05:11:45+00:00,0.62
2017-01-03T05:13:29+00:00,0.4
2017-01-03T05:15:16+00:00,0.4
2017-01-03T05:16:53+00:00,0.33
2017-01-03T05:18:39+00:00,0.57
2017-01-03T05:20:27+00:00,0.33
2017-01-03T05:22:04+00:00,0.33
2017-01-03T05:24:05+00:00,0.55
2017-01-03T05:25:51+00:00,0.52
2017-01-03T05:27:34+00:00,0.51
2017-01-03T05:29:30+00:00,0.64
2017-01-03T05:31:14+00:00,0.5
2017-01-03T05:33:06+00:00,0.5
2017-01-03T05:35:14+00:00,0.49
2017-01-03T13:08:26+00:00,0.4
2017-01-03T13:10:17+00:00,0.33
2017-01-03T13:11:57+00:00,0.33
2017-01-03T13:13:42+00:00,0.45
2017-01-03T13:15:27+00:00,0.33
2017-01-03T13:17:04+00:00,0.4
2017-01-03T13:18:47+00:00,0.32
2017-01-03T13:20:35+00:00,0.33
2017-01-03T13:22:12+00:00,0.48
2017-01-03T13:23:59+00:00,0.32
2017-01-03T13:25:48+00:00,0.32
2017-01-03T13:27:26+00:00,0.32
2017-01-03T13:29:18+00:00,0.52
2017-01-03T13:31:02+00:00,0.51
2017-01-03T13:32:39+00:00,0.5
2017-01-03T13:34:35+00:00,0.57
2017-01-03T13:36:09+00:00,0.56
2017-01-03T13:37:45+00:00,0.56
2017-01-03T13:39:36+00:00,0.49
2017-01-03T13:41:11+00:00,0.49
2017-01-03T13:42:47+00:00,0.48
2017-01-03T13:44:38+00:00,0.48
2017-01-03T13:46:13+00:00,0.32
2017-01-03T13:47:48+00:00,0.33
2017-01-03T13:49:40+00:00,0.33
2017-01-03T13:51:23+00:00,0.33
2017-01-03T13:53:00+00:00,0.33
2017-01-03T13:54:50+00:00,0.33
2017-01-03T13:56:23+00:00,0.42
2017-01-03T13:57:59+00:00,0.33
2017-01-03T13:59:51+00:00,0.51
2017-01-03T14:01:26+00:00,0.54
2017-01-03T14:03:03+00:00,0.4
2017-01-03T14:04:54+00:00,0.39
2017-01-03T14:06:29+00:00,0.39
2017-01-03T14:08:06+00:00,0.45
2017-01-03T14:09:58+00:00,0.74
2017-01-03T14:11:33+00:00,0.51
2017-01-03T14:13:09+00:00,0.5
2017-01-03T14:15:14+00:00,0.49
2017-01-03T14:16:48+00:00,0.7
2017-01-03T14:18:29+00:00,0.49
2017-01-03T14:20:16+00:00,0.49
2017-01-03T14:21:50+00:00,0.5
2017-01-03T14:23:31+00:00,0.49
2017-01-03T14:25:17+00:00,0.33
2017-01-03T14:26:52+00:00,0.33
2017-01-03T14:28:30+00:00,0.33
2017-01-03T14:30:19+00:00,0.41
2017-01-03T14:31:54+00:00,0.5
2017-01-03T14:33:35+00:00,0.39
2017-01-03T14:35:23+00:00,0.56
2017-01-03T14:36:57+00:00,0.34
2017-01-03T14:38:40+00:00,0.33
2017-01-03T14:40:24+00:00,0.32
2017-01-03T14:41:58+00:00,0.32
2017-01-03T14:43:40+00:00,0.59
2017-01-03T14:45:26+00:00,0.32
2017-01-03T14:47:01+00:00,0.32
2017-01-03T14:48:42+00:00,0.54
2017-01-03T14:50:27+00:00,0.51
2017-01-03T14:52:02+00:00,0.5
2017-01-03T14:53:44+00:00,0.5
2017-01-03T14:55:28+00:00,0.5
2017-01-03T14:57:02+00:00,0.49
2017-01-03T14:58:45+00:00,0.96
2017-01-03T15:00:33+00:00,1.89
2017-01-03T15:02:09+00:00,0.64
2017-01-03T15:03:53+00:00,0.74
2017-01-03T15:05:37+00:00,0.33
2017-01-03T15:07:13+00:00,0.33
2017-01-03T15:08:57+00:00,0.33
2017-01-03T15:10:47+00:00,0.37
2017-01-03T15:12:21+00:00,0.33
2017-01-03T15:14:12+00:00,0.33
2017-01-03T15:15:51+00:00,0.33
2017-01-03T15:17:26+00:00,0.33
2017-01-03T15:19:14+00:00,0.56
2017-01-03T15:20:53+00:00,0.33
2017-01-03T15:22:28+00:00,0.46
2017-01-03T15:24:18+00:00,0.35
2017-01-03T15:25:56+00:00,0.33
2017-01-03T15:27:31+00:00,0.41
2017-01-03T15:29:22+00:00,0.61
2017-01-03T15:31:00+00:00,0.59
2017-01-03T15:32:36+00:00,0.51
2017-01-03T15:34:28+00:00,0.5
2017-01-03T15:36:06+00:00,0.51
2017-01-03T15:37:41+00:00,0.5
2017-01-03T15:39:34+00:00,0.74
2017-01-03T15:41:09+00:00,0.49
2017-01-03T15:42:44+00:00,0.49
2017-01-03T15:44:36+00:00,0.38
2017-01-03T15:46:12+00:00,0.33
2017-01-03T15:47:47+00:00,0.33
2017-01-03T15:49:37+00:00,0.33
2017-01-03T15:51:11+00:00,0.33
2017-01-03T15:52:47+00:00,0.33
2017-01-03T15:54:37+00:00,0.33
2017-01-03T15:56:12+00:00,0.33
2017-01-03T15:57:47+00:00,0.41
2017-01-03T15:59:38+00:00,0.4
2017-01-03T16:01:14+00:00,0.39
2017-01-03T16:02:50+00:00,0.64
2017-01-03T16:04:41+00:00,0.33
2017-01-03T16:06:17+00:00,0.33
2017-01-03T16:07:53+00:00,0.33
2017-01-03T16:09:44+00:00,0.74
2017-01-03T16:11:20+00:00,0.72
2017-01-03T16:12:57+00:00,0.64
2017-01-03T16:14:49+00:00,0.5
2017-01-03T16:16:23+00:00,0.5
2017-01-03T16:17:59+00:00,0.5
2017-01-03T16:19:50+00:00,0.5
2017-01-03T16:21:25+00:00,0.49
2017-01-03T16:23:00+00:00,0.69
2017-01-03T16:24:52+00:00,0.49
2017-01-03T16:26:27+00:00,0.46
2017-01-03T16:28:04+00:00,0.71
2017-01-03T16:29:55+00:00,0.42
2017-01-03T16:31:31+00:00,0.33
2017-01-03T16:33:08+00:00,0.33
2017-01-03T16:35:01+00:00,0.52
2017-01-03T16:36:35+00:00,0.43
2017-01-03T16:38:12+00:00,0.33
2017-01-03T16:40:23+00:00,0.57
2017-01-03T16:41:57+00:00,0.33
2017-01-03T16:43:38+00:00,0.33
2017-01-03T16:45:24+00:00,0.45
2017-01-03T16:46:59+00:00,0.33
2017-01-03T16:48:40+00:00,0.49
2017-01-03T16:50:26+00:00,0.54
2017-01-03T16:52:02+00:00,0.58
2017-01-03T16:53:43+00:00,0.56
2017-01-03T16:55:28+00:00,0.58
2017-01-03T16:57:04+00:00,0.57
2017-01-03T16:58:45+00:00,0.56
2017-01-03T17:00:30+00:00,0.49
2017-01-03T17:02:04+00:00,0.49
2017-01-03T17:03:47+00:00,0.56
2017-01-03T17:05:32+00:00,0.52
2017-01-03T17:07:06+00:00,0.33
2017-01-03T17:08:50+00:00,0.33
2017-01-03T17:10:32+00:00,0.33
2017-01-03T17:12:08+00:00,0.33
2017-01-03T17:13:52+00:00,0.33
2017-01-03T17:15:38+00:00,1.67
2017-01-03T17:17:14+00:00,0.33
2017-01-03T17:18:58+00:00,0.32
2017-01-03T17:20:41+00:00,0.38
2017-01-03T17:22:15+00:00,0.33
2017-01-03T17:24:01+00:00,0.6
2017-01-03T17:25:52+00:00,0.63
2017-01-03T17:27:27+00:00,0.51
2017-01-03T17:29:15+00:00,0.53
2017-01-03T17:30:54+00:00,0.53
2017-01-03T17:32:29+00:00,0.51
2017-01-03T17:34:18+00:00,0.54
2017-01-03T17:35:57+00:00,0.5
2017-01-03T17:37:32+00:00,0.71
2017-01-03T17:39:20+00:00,0.74
2017-01-03T17:40:58+00:00,0.49
2017-01-03T17:42:33+00:00,0.49
2017-01-03T17:44:24+00:00,0.49
2017-01-03T17:46:00+00:00,0.49
2017-01-03T17:47:34+00:00,0.33
2017-01-03T17:49:25+00:00,0.33
2017-01-03T17:51:02+00:00,0.41
2017-01-03T17:52:37+00:00,0.4
2017-01-03T17:54:29+00:00,0.4
2017-01-03T17:56:05+00:00,0.33
2017-01-03T17:57:40+00:00,0.33
2017-01-03T17:59:30+00:00,0.33
2017-01-03T18:01:06+00:00,0.33
2017-01-03T18:02:41+00:00,0.33
2017-01-03T18:04:32+00:00,0.33
2017-01-03T18:06:10+00:00,0.64
2017-01-03T18:07:44+00:00,0.53
2017-01-03T18:09:34+00:00,0.33
2017-01-03T18:11:11+00:00,0.64
2017-01-03T18:12:47+00:00,0.52
2017-01-03T18:14:38+00:00,0.51
2017-01-03T18:16:14+00:00,0.51
2017-01-03T18:17:49+00:00,0.81
2017-01-03T18:19:42+00:00,0.58
2017-01-03T18:21:17+00:00,0.57
2017-01-03T18:22:53+00:00,0.57
2017-01-03T18:24:45+00:00,0.5
2017-01-03T18:26:20+00:00,0.49
2017-01-03T18:27:55+00:00,0.33
2017-01-03T18:29:44+00:00,0.36
2017-01-03T18:31:19+00:00,0.33
2017-01-03T18:32:55+00:00,0.33
2017-01-03T18:34:46+00:00,0.49
2017-01-03T18:36:21+00:00,0.33
2017-01-03T18:37:59+00:00,0.33
2017-01-03T18:39:49+00:00,0.41
2017-01-03T18:41:23+00:00,0.57
2017-01-03T18:43:00+00:00,0.33
2017-01-03T18:44:50+00:00,0.33
2017-01-03T18:46:25+00:00,0.33
2017-01-03T18:48:01+00:00,0.63
2017-01-03T18:49:54+00:00,0.4
2017-01-03T18:51:29+00:00,0.61
2017-01-03T18:53:04+00:00,0.52
2017-01-03T18:54:55+00:00,0.51
2017-01-03T18:56:29+00:00,0.51
2017-01-03T18:58:06+00:00,0.5
2017-01-03T18:59:57+00:00,0.5
2017-01-03T19:01:32+00:00,0.5
2017-01-03T19:03:08+00:00,0.5
2017-01-03T19:04:59+00:00,0.5
2017-01-03T19:06:33+00:00,0.49
2017-01-03T19:08:11+00:00,0.33
2017-01-03T19:10:01+00:00,0.33
2017-01-03T19:11:36+00:00,0.33
2017-01-03T19:13:15+00:00,0.33
2017-01-03T19:15:04+00:00,0.33
2017-01-03T19:16:40+00:00,0.41
2017-01-03T19:18:17+00:00,0.4
2017-01-03T19:20:06+00:00,0.42
2017-01-03T19:21:41+00:00,0.55
2017-01-03T19:23:18+00:00,0.33
2017-01-03T19:25:06+00:00,0.46
2017-01-03T19:26:40+00:00,0.33
2017-01-03T19:28:18+00:00,0.33
2017-01-03T19:30:09+00:00,1.93
2017-01-03T19:31:44+00:00,2.05
2017-01-03T19:33:24+00:00,0.7
2017-01-03T19:35:13+00:00,0.69
2017-01-03T19:36:47+00:00,0.5
2017-01-03T19:38:28+00:00,0.5
2017-01-03T19:40:15+00:00,0.5
2017-01-03T19:41:50+00:00,0.5
2017-01-03T19:43:30+00:00,0.5
2017-01-03T19:45:16+00:00,0.57
2017-01-03T19:46:50+00:00,0.59
2017-01-03T19:48:30+00:00,0.48
2017-01-03T19:50:19+00:00,0.38
2017-01-03T19:51:55+00:00,0.38
2017-01-03T19:53:37+00:00,0.33
2017-01-03T19:55:25+00:00,0.33
2017-01-03T19:57:02+00:00,0.33
2017-01-03T19:58:43+00:00,0.33
2017-01-03T20:00:30+00:00,0.33
2017-01-03T20:02:04+00:00,0.33
2017-01-03T20:03:49+00:00,0.33
2017-01-03T20:05:33+00:00,0.35
2017-01-03T20:07:10+00:00,0.33
2017-01-03T20:08:55+00:00,0.33
2017-01-03T20:10:43+00:00,0.33
2017-01-03T20:12:20+00:00,0.93
2017-01-03T20:14:05+00:00,0.59
2017-01-03T20:15:48+00:00,0.58
2017-01-03T20:17:28+00:00,0.51
2017-01-03T20:19:19+00:00,0.5
2017-01-03T20:20:59+00:00,0.5
2017-01-03T20:22:34+00:00,0.56
2017-01-03T20:24:27+00:00,0.5
2017-01-03T20:26:06+00:00,0.49
2017-01-03T20:27:42+00:00,0.33
2017-01-03T20:29:36+00:00,0.33
2017-01-03T20:31:14+00:00,0.33
2017-01-03T20:32:50+00:00,0.54
2017-01-03T20:34:45+00:00,0.33
2017-01-03T20:36:22+00:00,0.33
2017-01-03T20:37:59+00:00,0.33
2017-01-03T20:39:53+00:00,0.33
2017-01-03T20:41:28+00:00,0.41
2017-01-03T20:43:06+00:00,0.4
2017-01-03T20:44:57+00:00,0.33
2017-01-03T20:46:32+00:00,0.33
2017-01-03T20:48:09+00:00,0.33
2017-01-03T20:50:02+00:00,0.59
2017-01-03T20:51:39+00:00,0.33
2017-01-03T20:53:18+00:00,0.52
2017-01-03T20:55:06+00:00,0.51
2017-01-03T20:56:41+00:00,0.5
2017-01-03T20:58:19+00:00,0.5
2017-01-03T21:00:06+00:00,0.64
2017-01-03T21:01:43+00:00,0.5
2017-01-03T21:03:22+00:00,0.68
2017-01-03T21:05:21+00:00,0.49
2017-01-03T21:06:58+00:00,0.49
2017-01-03T21:08:41+00:00,0.41
2017-01-03T21:10:29+00:00,0.4
2017-01-03T21:12:05+00:00,0.4
2017-01-03T21:13:49+00:00,0.55
2017-01-03T21:15:38+00:00,0.33
2017-01-03T21:17:16+00:00,0.33
2017-01-03T21:19:01+00:00,0.33
2017-01-03T21:20:46+00:00,0.56
2017-01-03T21:22:22+00:00,0.33
2017-01-03T21:24:11+00:00,0.33
2017-01-03T21:25:53+00:00,0.56
2017-01-03T21:27:29+00:00,0.42
2017-01-03T21:29:19+00:00,0.33
2017-01-03T21:30:57+00:00,0.33
2017-01-03T21:32:33+00:00,0.67
2017-01-03T21:34:25+00:00,0.72
2017-01-03T21:36:03+00:00,0.59
2017-01-03T21:37:43+00:00,0.58
2017-01-03T21:39:36+00:00,0.57
2017-01-03T21:41:12+00:00,0.7
2017-01-03T21:42:48+00:00,0.5
2017-01-03T21:44:38+00:00,0.49
2017-01-03T21:46:23+00:00,1.9
2017-01-03T21:48:01+00:00,1.68
2017-01-03T21:49:55+00:00,0.33
2017-01-03T21:51:30+00:00,0.33
2017-01-03T21:53:09+00:00,0.33
2017-01-03T21:55:02+00:00,0.33
2017-01-03T21:56:45+00:00,0.33
2017-01-03T21:58:24+00:00,0.33
2017-01-03T22:00:23+00:00,0.33
2017-01-03T22:01:59+00:00,0.62
2017-01-03T22:03:43+00:00,0.59
2017-01-03T22:05:29+00:00,0.41
2017-01-03T22:07:06+00:00,0.4
2017-01-03T22:08:50+00:00,0.43
2017-01-03T22:10:46+00:00,0.33
2017-01-03T22:12:21+00:00,0.54
2017-01-03T22:14:11+00:00,0.7
2017-01-03T22:15:53+00:00,0.51
2017-01-03T22:17:29+00:00,0.55
2017-01-03T22:19:24+00:00,0.5
2017-01-03T22:21:03+00:00,0.65
2017-01-03T22:22:36+00:00,0.53
2017-01-03T22:24:28+00:00,0.5
2017-01-03T22:26:05+00:00,0.5
2017-01-03T22:27:39+00:00,0.48
2017-01-03T22:29:28+00:00,0.39
2017-01-03T22:31:04+00:00,0.32
2017-01-03T22:32:40+00:00,0.41
2017-01-03T22:34:29+00:00,0.4
2017-01-03T22:36:07+00:00,0.39
2017-01-03T22:37:41+00:00,0.33
2017-01-03T22:39:32+00:00,0.33
2017-01-03T22:41:09+00:00,0.33
2017-01-03T22:42:45+00:00,0.33
2017-01-03T22:44:37+00:00,0.33
2017-01-03T22:46:13+00:00,0.33
2017-01-03T22:47:48+00:00,0.58
2017-01-03T22:49:40+00:00,0.33
2017-01-03T22:51:17+00:00,0.33
2017-01-03T22:52:52+00:00,0.54
2017-01-03T22:54:42+00:00,0.67
2017-01-03T22:56:17+00:00,0.51
2017-01-03T22:57:53+00:00,0.51
2017-01-03T22:59:47+00:00,0.5
2017-01-03T23:01:23+00:00,0.57
2017-01-03T23:02:58+00:00,0.78
2017-01-03T23:04:49+00:00,0.56
2017-01-03T23:06:24+00:00,0.62
2017-01-03T23:08:00+00:00,0.79
2017-01-03T23:09:53+00:00,0.33
2017-01-03T23:11:29+00:00,0.52
2017-01-03T23:13:05+00:00,0.34
2017-01-03T23:14:58+00:00,0.34
2017-01-03T23:16:34+00:00,0.33
2017-01-03T23:18:13+00:00,0.33
2017-01-03T23:20:04+00:00,0.57
2017-01-03T23:21:40+00:00,0.44
2017-01-03T23:23:16+00:00,0.33
2017-01-03T23:25:08+00:00,0.33
2017-01-03T23:26:41+00:00,0.58
2017-01-03T23:28:32+00:00,0.58
2017-01-03T23:30:19+00:00,0.4
2017-01-03T23:31:54+00:00,0.4
2017-01-03T23:33:36+00:00,0.53
2017-01-03T23:35:25+00:00,0.51
2017-01-03T23:37:01+00:00,0.51
2017-01-03T23:38:43+00:00,0.5
2017-01-03T23:40:28+00:00,0.5
2017-01-03T23:42:03+00:00,0.5
2017-01-03T23:43:48+00:00,0.49
2017-01-03T23:45:34+00:00,0.49
2017-01-03T23:47:09+00:00,0.68
2017-01-03T23:48:54+00:00,0.33
2017-01-03T23:50:36+00:00,0.56
2017-01-03T23:52:13+00:00,0.47
2017-01-03T23:53:57+00:00,0.33
2017-01-03T23:55:38+00:00,0.33
2017-01-03T23:57:13+00:00,0.41
2017-01-03T23:58:58+00:00,0.4
2017-01-04T00:00:42+00:00,0.4
2017-01-04T00:02:17+00:00,1.81
2017-01-04T00:04:01+00:00,0.33
2017-01-04T00:05:43+00:00,0.33
2017-01-04T00:07:19+00:00,0.33
2017-01-04T00:09:07+00:00,0.33
2017-01-04T00:10:48+00:00,0.33
2017-01-04T00:12:23+00:00,0.54
2017-01-04T00:14:10+00:00,0.52
2017-01-04T00:15:51+00:00,0.52
2017-01-04T00:17:30+00:00,0.78
2017-01-04T00:19:19+00:00,0.76
2017-01-04T00:20:56+00:00,0.5
2017-01-04T00:22:32+00:00,0.57
2017-01-04T00:24:24+00:00,0.58
2017-01-04T00:26:01+00:00,0.57
2017-01-04T00:27:37+00:00,0.56
2017-01-04T00:29:28+00:00,0.4
2017-01-04T00:31:04+00:00,0.33
2017-01-04T00:32:40+00:00,0.33
2017-01-04T00:34:31+00:00,0.33
2017-01-04T00:36:08+00:00,0.33
2017-01-04T00:37:44+00:00,0.33
2017-01-04T00:39:37+00:00,0.33
2017-01-04T00:41:15+00:00,0.33
2017-01-04T00:42:50+00:00,0.33
2017-01-04T00:44:39+00:00,0.33
2017-01-04T00:46:17+00:00,0.33
2017-01-04T00:47:53+00:00,0.42
2017-01-04T00:49:45+00:00,0.5
2017-01-04T00:51:23+00:00,0.34
2017-01-04T00:53:04+00:00,0.62
2017-01-04T00:54:56+00:00,0.78
2017-01-04T00:56:32+00:00,0.58
2017-01-04T00:58:09+00:00,0.51
2017-01-04T00:59:59+00:00,0.5
2017-01-04T01:01:36+00:00,0.5
2017-01-04T01:03:12+00:00,0.69
2017-01-04T01:05:01+00:00,0.5
2017-01-04T01:06:37+00:00,0.49
2017-01-04T01:08:14+00:00,0.5
2017-01-04T01:10:05+00:00,0.58
2017-01-04T01:11:40+00:00,0.33
2017-01-04T01:13:18+00:00,0.33
2017-01-04T01:15:08+00:00,0.33
2017-01-04T01:16:45+00:00,0.33
2017-01-04T01:18:21+00:00,0.33
2017-01-04T01:20:10+00:00,0.33
2017-01-04T01:21:46+00:00,0.41
2017-01-04T01:23:25+00:00,0.48
2017-01-04T01:25:14+00:00,0.39
2017-01-04T01:26:47+00:00,0.33
2017-01-04T01:28:30+00:00,0.52
2017-01-04T01:30:16+00:00,0.33
2017-01-04T01:31:52+00:00,0.33
2017-01-04T01:33:33+00:00,0.54
2017-01-04T01:35:21+00:00,0.51
2017-01-04T01:36:56+00:00,0.62
2017-01-04T01:38:36+00:00,0.62
2017-01-04T01:40:23+00:00,0.5
2017-01-04T01:41:58+00:00,0.49
2017-01-04T01:43:43+00:00,0.68
2017-01-04T01:45:30+00:00,0.49
2017-01-04T01:47:07+00:00,0.54
2017-01-04T01:48:49+00:00,0.57
2017-01-04T01:50:33+00:00,0.42
2017-01-04T01:52:08+00:00,0.4
2017-01-04T01:53:50+00:00,0.33
2017-01-04T01:55:35+00:00,0.33
2017-01-04T01:57:13+00:00,0.33
2017-01-04T01:58:58+00:00,0.33
2017-01-04T02:00:44+00:00,0.54
2017-01-04T02:02:20+00:00,0.33
2017-01-04T02:04:18+00:00,0.33
2017-01-04T02:05:59+00:00,0.33
2017-01-04T02:07:34+00:00,0.33
2017-01-04T02:09:22+00:00,0.33
2017-01-04T02:11:00+00:00,0.33
2017-01-04T02:12:36+00:00,0.33
2017-01-04T02:14:26+00:00,0.54
2017-01-04T02:16:01+00:00,0.58
2017-01-04T02:17:38+00:00,2.16
2017-01-04T02:19:31+00:00,0.57
2017-01-04T02:21:07+00:00,0.56
2017-01-04T02:22:42+00:00,0.75
2017-01-04T02:24:33+00:00,0.49
2017-01-04T02:26:09+00:00,0.49
2017-01-04T02:27:45+00:00,0.55
2017-01-04T02:29:38+00:00,0.33
2017-01-04T02:31:14+00:00,0.33
2017-01-04T02:32:55+00:00,0.33
2017-01-04T02:34:50+00:00,0.33
2017-01-04T02:36:25+00:00,0.33
2017-01-04T02:38:01+00:00,0.33
2017-01-04T02:39:58+00:00,0.33
2017-01-04T02:41:33+00:00,0.33
2017-01-04T02:43:12+00:00,0.33
2017-01-04T02:45:15+00:00,0.41
2017-01-04T02:46:52+00:00,0.4
2017-01-04T02:48:31+00:00,0.4
2017-01-04T02:50:19+00:00,0.33
2017-01-04T02:51:57+00:00,0.33
2017-01-04T02:53:36+00:00,0.54
2017-01-04T02:55:21+00:00,0.52
2017-01-04T02:56:57+00:00,0.51
2017-01-04T02:58:38+00:00,0.51
2017-01-04T03:00:26+00:00,0.5
2017-01-04T03:02:02+00:00,0.5
2017-01-04T03:03:43+00:00,0.5
2017-01-04T03:05:31+00:00,0.49
2017-01-04T03:07:06+00:00,0.49
2017-01-04T03:08:48+00:00,0.49
2017-01-04T03:10:33+00:00,0.33
2017-01-04T03:12:09+00:00,0.33
2017-01-04T03:13:53+00:00,0.41
2017-01-04T03:15:39+00:00,0.57
2017-01-04T03:17:15+00:00,0.4
2017-01-04T03:19:01+00:00,0.33
2017-01-04T03:20:45+00:00,0.56
2017-01-04T03:22:21+00:00,0.5
2017-01-04T03:24:04+00:00,0.33
2017-01-04T03:25:56+00:00,0.33
2017-01-04T03:27:30+00:00,0.48
2017-01-04T03:29:17+00:00,0.51
2017-01-04T03:30:57+00:00,0.33
2017-01-04T03:32:32+00:00,0.33
2017-01-04T03:34:22+00:00,0.55
2017-01-04T03:36:00+00:00,0.52
2017-01-04T03:37:35+00:00,0.51
2017-01-04T03:39:23+00:00,0.54
2017-01-04T03:41:02+00:00,0.51
2017-01-04T03:42:38+00:00,0.63
2017-01-04T03:44:26+00:00,0.6
2017-01-04T03:46:01+00:00,0.57
2017-01-04T03:47:35+00:00,0.57
2017-01-04T03:49:27+00:00,0.34
2017-01-04T03:51:03+00:00,0.34
2017-01-04T03:52:39+00:00,0.46
2017-01-04T03:54:30+00:00,0.34
2017-01-04T03:56:06+00:00,0.33
2017-01-04T03:57:41+00:00,0.33
2017-01-04T03:59:31+00:00,0.44
2017-01-04T04:01:13+00:00,0.33
2017-01-04T04:02:59+00:00,0.48
2017-01-04T04:04:50+00:00,0.33
2017-01-04T04:06:26+00:00,0.33
2017-01-04T04:08:05+00:00,0.33
2017-01-04T04:10:10+00:00,0.41
2017-01-04T04:16:14+00:00,0.52
2017-01-04T04:17:50+00:00,0.51
2017-01-04T04:19:53+00:00,0.57
2017-01-04T04:21:39+00:00,0.74
2017-01-04T04:23:40+00:00,0.5
2017-01-04T04:34:58+00:00,0.33
2017-01-04T04:36:45+00:00,0.33
2017-01-04T04:38:45+00:00,0.47
2017-01-04T04:41:01+00:00,0.4
2017-01-04T04:52:06+00:00,0.33
2017-01-04T04:54:45+00:00,0.54
2017-01-04T04:56:47+00:00,0.52
2017-01-04T04:59:05+00:00,0.58
2017-01-04T05:01:17+00:00,0.5
2017-01-04T06:03:22+00:00,0.61
2017-01-04T06:05:02+00:00,0.4
2017-01-04T06:06:53+00:00,0.51
2017-01-04T06:08:30+00:00,0.33
2017-01-04T06:10:11+00:00,0.33
2017-01-04T06:11:59+00:00,0.33
2017-01-04T06:13:37+00:00,0.33
2017-01-04T06:15:18+00:00,0.55
2017-01-04T06:17:14+00:00,0.52
2017-01-04T06:18:50+00:00,0.51
2017-01-04T06:20:36+00:00,0.74
2017-01-04T06:22:20+00:00,0.5
2017-01-04T06:23:55+00:00,0.5
2017-01-04T06:25:39+00:00,0.5
2017-01-04T06:27:24+00:00,0.49
2017-01-04T06:28:59+00:00,0.49
2017-01-04T06:30:57+00:00,0.57
2017-01-04T06:32:35+00:00,0.4
2017-01-04T06:34:09+00:00,0.4
2017-01-04T06:35:58+00:00,0.33
2017-01-04T06:37:38+00:00,0.33
2017-01-04T06:39:12+00:00,0.33
2017-01-04T06:41:00+00:00,0.33
2017-01-04T06:42:38+00:00,0.33
2017-01-04T06:44:13+00:00,0.33
2017-01-04T06:46:05+00:00,1.66
2017-01-04T06:47:42+00:00,1.66
2017-01-04T06:49:16+00:00,0.33
2017-01-04T06:51:09+00:00,0.33
2017-01-04T06:52:47+00:00,0.33
2017-01-04T06:54:24+00:00,0.54
2017-01-04T06:56:17+00:00,0.54
2017-01-04T06:57:51+00:00,0.51
2017-01-04T06:59:27+00:00,0.59
2017-01-04T07:01:21+00:00,0.57
2017-01-04T07:02:58+00:00,0.56
2017-01-04T07:04:43+00:00,0.5
2017-01-04T07:06:36+00:00,0.49
2017-01-04T07:08:13+00:00,0.69
2017-01-04T07:09:50+00:00,0.49
2017-01-04T07:11:44+00:00,0.33
2017-01-04T07:13:18+00:00,0.33
2017-01-04T07:14:56+00:00,0.33
2017-01-04T07:16:48+00:00,0.32
2017-01-04T07:18:22+00:00,0.36
2017-01-04T07:20:01+00:00,0.33
2017-01-04T07:21:53+00:00,0.33
2017-01-04T07:23:28+00:00,0.33
2017-01-04T07:25:07+00:00,0.33
2017-01-04T07:26:56+00:00,0.33
2017-01-04T07:28:32+00:00,0.41
2017-01-04T07:30:12+00:00,0.64
2017-01-04T07:32:00+00:00,0.4
2017-01-04T07:33:36+00:00,0.33
2017-01-04T07:35:16+00:00,0.33
2017-01-04T07:37:04+00:00,0.53
2017-01-04T07:38:40+00:00,0.51
2017-01-04T07:40:23+00:00,0.51
2017-01-04T07:42:09+00:00,0.5
2017-01-04T07:43:46+00:00,0.5
2017-01-04T07:45:31+00:00,0.5
2017-01-04T07:47:17+00:00,0.49
2017-01-04T07:48:53+00:00,0.49
2017-01-04T07:50:41+00:00,0.49
2017-01-04T07:52:23+00:00,0.32
2017-01-04T07:53:59+00:00,0.32
2017-01-04T07:55:54+00:00,0.41
2017-01-04T07:57:35+00:00,0.4
2017-01-04T07:59:11+00:00,0.6
2017-01-04T08:01:05+00:00,0.6
2017-01-04T08:02:46+00:00,0.33
2017-01-04T08:04:23+00:00,0.33
2017-01-04T08:06:18+00:00,0.33
2017-01-04T08:07:57+00:00,0.33
2017-01-04T08:09:35+00:00,0.32
2017-01-04T08:11:30+00:00,0.33
2017-01-04T08:13:06+00:00,0.49
2017-01-04T08:14:43+00:00,0.33
2017-01-04T08:16:38+00:00,0.54
2017-01-04T08:18:13+00:00,0.52
2017-01-04T08:19:51+00:00,0.54
2017-01-04T08:21:41+00:00,0.5
2017-01-04T08:23:17+00:00,0.5
2017-01-04T08:24:53+00:00,0.62
2017-01-04T08:26:44+00:00,0.56
2017-01-04T08:28:19+00:00,0.56
2017-01-04T08:29:59+00:00,0.49
2017-01-04T08:31:52+00:00,0.49
2017-01-04T08:33:27+00:00,0.33
2017-01-04T08:35:05+00:00,0.49
2017-01-04T08:36:56+00:00,0.41
2017-01-04T08:38:30+00:00,0.33
2017-01-04T08:40:11+00:00,0.33
2017-01-04T08:42:00+00:00,0.33
2017-01-04T08:43:35+00:00,0.33
2017-01-04T08:45:16+00:00,0.36
2017-01-04T08:47:03+00:00,0.36
2017-01-04T08:48:40+00:00,0.33
2017-01-04T08:50:23+00:00,0.33
2017-01-04T08:52:13+00:00,0.57
2017-01-04T08:53:47+00:00,0.4
2017-01-04T08:55:43+00:00,0.4
2017-01-04T08:57:27+00:00,0.83
2017-01-04T08:59:03+00:00,0.68
2017-01-04T09:00:50+00:00,1.85
2017-01-04T09:02:41+00:00,0.8
2017-01-04T09:04:18+00:00,0.5
2017-01-04T09:06:09+00:00,0.49
2017-01-04T09:07:47+00:00,0.67
2017-01-04T09:09:33+00:00,0.49
2017-01-04T09:11:29+00:00,0.49
2017-01-04T09:13:03+00:00,0.51
2017-01-04T09:14:44+00:00,0.4
2017-01-04T09:16:35+00:00,0.33
2017-01-04T09:18:10+00:00,0.33
2017-01-04T09:19:48+00:00,0.33
2017-01-04T09:21:40+00:00,0.4
2017-01-04T09:23:17+00:00,0.4
2017-01-04T09:24:52+00:00,0.39
2017-01-04T09:26:46+00:00,0.33
2017-01-04T09:28:23+00:00,0.6
2017-01-04T09:30:01+00:00,0.58
2017-01-04T09:31:52+00:00,0.33
2017-01-04T09:33:26+00:00,0.33
2017-01-04T09:35:06+00:00,0.33
2017-01-04T09:36:57+00:00,0.57
2017-01-04T09:38:32+00:00,0.52
2017-01-04T09:40:12+00:00,0.63
2017-01-04T09:42:01+00:00,0.5
2017-01-04T09:43:38+00:00,0.5
2017-01-04T09:45:18+00:00,0.5
2017-01-04T09:47:06+00:00,0.49
2017-01-04T09:48:41+00:00,0.49
2017-01-04T09:50:22+00:00,0.61
2017-01-04T09:52:10+00:00,0.56
2017-01-04T09:53:44+00:00,0.39
2017-01-04T09:55:28+00:00,0.33
2017-01-04T09:57:13+00:00,0.33
2017-01-04T09:58:48+00:00,0.52
2017-01-04T10:00:33+00:00,0.32
2017-01-04T10:02:20+00:00,0.32
2017-01-04T10:03:57+00:00,0.59
2017-01-04T10:05:43+00:00,0.32
2017-01-04T10:07:30+00:00,0.33
2017-01-04T10:09:07+00:00,0.56
2017-01-04T10:10:58+00:00,0.33
2017-01-04T10:12:40+00:00,0.32
2017-01-04T10:14:18+00:00,0.32
2017-01-04T10:16:13+00:00,0.32
2017-01-04T10:17:52+00:00,0.53
2017-01-04T10:19:29+00:00,0.6
2017-01-04T10:21:20+00:00,0.77
2017-01-04T10:22:58+00:00,0.57
2017-01-04T10:24:35+00:00,0.5
2017-01-04T10:26:29+00:00,0.5
2017-01-04T10:28:05+00:00,0.61
2017-01-04T10:30:36+00:00,0.51
2017-01-04T10:33:08+00:00,0.75
2017-01-04T10:35:34+00:00,0.33
2017-01-04T10:38:07+00:00,0.54
2017-01-04T10:40:11+00:00,0.33
2017-01-04T10:42:47+00:00,0.33
2017-01-04T10:44:30+00:00,0.33
2017-01-04T10:46:29+00:00,0.33
2017-01-04T10:48:15+00:00,0.4
2017-01-04T10:50:03+00:00,0.4
2017-01-04T10:51:58+00:00,0.39
2017-01-04T10:53:36+00:00,0.33
2017-01-04T10:55:19+00:00,0.46
2017-01-04T10:57:09+00:00,0.33
2017-01-04T10:58:47+00:00,0.53
2017-01-04T11:00:34+00:00,0.51
2017-01-04T11:02:22+00:00,0.5
2017-01-04T11:04:07+00:00,0.74
2017-01-04T11:06:03+00:00,0.49
2017-01-04T11:07:51+00:00,0.57
2017-01-04T11:09:33+00:00,0.49
2017-01-04T11:11:32+00:00,0.49
2017-01-04T11:13:18+00:00,1.82
2017-01-04T11:15:02+00:00,0.41
2017-01-04T11:16:55+00:00,0.4
2017-01-04T11:18:35+00:00,0.4
2017-01-04T11:20:19+00:00,0.39
2017-01-04T11:22:20+00:00,0.33
2017-01-04T11:23:56+00:00,0.33
2017-01-04T11:25:44+00:00,0.33
2017-01-04T11:27:32+00:00,0.33
2017-01-04T11:29:11+00:00,0.32
2017-01-04T11:31:20+00:00,0.54
2017-01-04T11:33:43+00:00,0.33
2017-01-04T11:35:35+00:00,0.33
2017-01-04T11:37:27+00:00,0.32
2017-01-04T11:39:08+00:00,0.53
2017-01-04T11:40:57+00:00,0.6
2017-01-04T11:42:43+00:00,0.56
2017-01-04T11:44:23+00:00,0.5
2017-01-04T11:46:17+00:00,0.57
2017-01-04T11:48:03+00:00,0.7
2017-01-04T11:49:45+00:00,0.56
2017-01-04T11:51:42+00:00,0.49
2017-01-04T11:53:25+00:00,0.49
2017-01-04T11:55:08+00:00,0.32
2017-01-04T11:57:03+00:00,0.59
2017-01-04T11:58:47+00:00,0.32
2017-01-04T12:00:33+00:00,0.33
2017-01-04T12:02:25+00:00,0.33
2017-01-04T12:04:25+00:00,0.33
2017-01-04T12:06:16+00:00,0.33
2017-01-04T12:08:08+00:00,0.33
2017-01-04T12:09:59+00:00,0.33
2017-01-04T12:11:58+00:00,0.55
2017-01-04T12:13:59+00:00,0.72
2017-01-04T12:15:46+00:00,0.4
2017-01-04T12:17:38+00:00,0.4
2017-01-04T12:19:20+00:00,0.33
2017-01-04T12:21:14+00:00,0.52
2017-01-04T12:23:07+00:00,0.78
2017-01-04T12:24:53+00:00,0.5
2017-01-04T12:26:45+00:00,0.5
2017-01-04T12:28:28+00:00,0.7
2017-01-04T12:30:09+00:00,0.49
2017-01-04T12:31:59+00:00,0.49
2017-01-04T12:33:36+00:00,0.49
2017-01-04T12:35:19+00:00,0.32
2017-01-04T12:37:09+00:00,0.32
2017-01-04T12:38:45+00:00,0.33
2017-01-04T12:40:29+00:00,0.33
2017-01-04T12:42:14+00:00,0.33
2017-01-04T12:43:48+00:00,0.51
2017-01-04T12:45:34+00:00,0.4
2017-01-04T12:47:20+00:00,0.39
2017-01-04T12:48:58+00:00,0.33
2017-01-04T12:50:44+00:00,0.49
2017-01-04T12:52:29+00:00,0.56
2017-01-04T12:54:08+00:00,0.59
2017-01-04T12:55:56+00:00,0.33
2017-01-04T12:57:40+00:00,0.33
2017-01-04T12:59:19+00:00,0.33
2017-01-04T13:01:58+00:00,0.58
2017-01-04T13:03:33+00:00,0.5
2017-01-04T13:05:16+00:00,0.5
2017-01-04T13:07:06+00:00,0.49
2017-01-04T13:08:42+00:00,0.58
2017-01-04T13:10:22+00:00,0.63
2017-01-04T13:12:08+00:00,0.57
2017-01-04T13:13:43+00:00,0.85
2017-01-04T13:15:25+00:00,0.86
2017-01-04T13:17:10+00:00,0.33
2017-01-04T13:18:46+00:00,0.48
2017-01-04T13:20:29+00:00,0.32
2017-01-04T13:22:15+00:00,0.48
2017-01-04T13:23:49+00:00,1.83
2017-01-04T13:25:32+00:00,0.53
2017-01-04T13:27:18+00:00,0.32
2017-01-04T13:28:53+00:00,0.32
2017-01-04T13:30:36+00:00,0.33
2017-01-04T13:32:20+00:00,0.33
2017-01-04T13:33:55+00:00,0.33
2017-01-04T13:35:39+00:00,0.56
2017-01-04T13:37:24+00:00,0.56
2017-01-04T13:38:59+00:00,0.33
2017-01-04T13:40:44+00:00,0.68
2017-01-04T13:42:27+00:00,0.6
2017-01-04T13:44:01+00:00,0.81
2017-01-04T13:45:48+00:00,0.5
2017-01-04T13:47:27+00:00,0.52
2017-01-04T13:49:02+00:00,0.49
2017-01-04T13:50:49+00:00,0.49
2017-01-04T13:52:28+00:00,0.49
2017-01-04T13:54:05+00:00,0.49
2017-01-04T13:55:51+00:00,0.49
2017-01-04T13:57:41+00:00,0.33
2017-01-04T13:59:16+00:00,0.33
2017-01-04T14:01:09+00:00,0.32
2017-01-04T14:02:47+00:00,0.33
2017-01-04T14:04:31+00:00,0.32
2017-01-04T14:06:23+00:00,0.32
2017-01-04T14:08:00+00:00,0.33
2017-01-04T14:09:34+00:00,0.42
2017-01-04T14:11:25+00:00,0.49
2017-01-04T14:13:00+00:00,0.49
2017-01-04T14:14:35+00:00,0.4
2017-01-04T14:16:27+00:00,0.33
2017-01-04T14:18:02+00:00,0.33
2017-01-04T14:19:36+00:00,0.55
2017-01-04T14:21:27+00:00,0.54
2017-01-04T14:23:02+00:00,0.57
2017-01-04T14:24:37+00:00,0.51
2017-01-04T14:26:29+00:00,0.59
2017-01-04T14:28:03+00:00,0.5
2017-01-04T14:29:38+00:00,0.71
2017-01-04T14:31:29+00:00,0.49
2017-01-04T14:33:03+00:00,0.73
2017-01-04T14:34:40+00:00,0.49
2017-01-04T14:36:30+00:00,0.45
2017-01-04T14:38:04+00:00,0.32
2017-01-04T14:39:40+00:00,0.4
2017-01-04T14:41:30+00:00,0.4
2017-01-04T14:43:03+00:00,0.4
2017-01-04T14:44:40+00:00,0.33
2017-01-04T14:46:33+00:00,0.33
2017-01-04T14:48:08+00:00,0.33
2017-01-04T14:49:44+00:00,0.33
2017-01-04T14:51:36+00:00,0.33
2017-01-04T14:53:10+00:00,0.33
2017-01-04T14:54:45+00:00,0.33
2017-01-04T14:56:36+00:00,0.4
2017-01-04T14:58:10+00:00,0.34
2017-01-04T14:59:47+00:00,0.45
2017-01-04T15:01:39+00:00,0.54
2017-01-04T15:03:13+00:00,0.52
2017-01-04T15:04:50+00:00,0.5
2017-01-04T15:06:43+00:00,0.5
2017-01-04T15:08:17+00:00,0.58
2017-01-04T15:09:56+00:00,0.57
2017-01-04T15:11:46+00:00,0.7
2017-01-04T15:13:23+00:00,0.49
2017-01-04T15:15:03+00:00,0.49
2017-01-04T15:16:55+00:00,0.33
2017-01-04T15:18:30+00:00,0.41
2017-01-04T15:20:11+00:00,0.33
2017-01-04T15:21:59+00:00,0.59
2017-01-04T15:23:34+00:00,0.39
2017-01-04T15:25:15+00:00,0.33
2017-01-04T15:27:02+00:00,0.33
2017-01-04T15:28:37+00:00,0.33
2017-01-04T15:30:17+00:00,0.33
2017-01-04T15:32:05+00:00,0.33
2017-01-04T15:33:40+00:00,0.33
2017-01-04T15:35:22+00:00,1.88
2017-01-04T15:37:10+00:00,0.99
2017-01-04T15:38:45+00:00,0.42
2017-01-04T15:40:29+00:00,0.45
2017-01-04T15:42:14+00:00,0.54
2017-01-04T15:43:49+00:00,0.52
2017-01-04T15:45:36+00:00,0.51
2017-01-04T15:47:22+00:00,0.5
2017-01-04T15:48:57+00:00,0.5
2017-01-04T15:50:43+00:00,0.74
2017-01-04T15:52:27+00:00,0.49
2017-01-04T15:54:02+00:00,0.58
2017-01-04T15:55:50+00:00,0.64
2017-01-04T15:57:30+00:00,0.33
2017-01-04T15:59:06+00:00,0.33
2017-01-04T16:00:55+00:00,0.47
2017-01-04T16:02:38+00:00,0.33
2017-01-04T16:04:16+00:00,0.33
2017-01-04T16:06:08+00:00,0.33
2017-01-04T16:07:45+00:00,0.4
2017-01-04T16:09:21+00:00,0.4
2017-01-04T16:11:14+00:00,0.53
2017-01-04T16:12:54+00:00,0.39
2017-01-04T16:14:32+00:00,0.35
2017-01-04T16:16:25+00:00,0.34
2017-01-04T16:18:03+00:00,0.34
2017-01-04T16:19:42+00:00,0.34
2017-01-04T16:21:36+00:00,0.34
2017-01-04T16:23:12+00:00,0.55
2017-01-04T16:24:49+00:00,0.53
2017-01-04T16:26:43+00:00,0.52
2017-01-04T16:28:20+00:00,0.54
2017-01-04T16:30:00+00:00,0.51
2017-01-04T16:31:52+00:00,0.73
2017-01-04T16:33:27+00:00,0.5
2017-01-04T16:35:07+00:00,0.5
2017-01-04T16:36:57+00:00,0.57
2017-01-04T16:38:33+00:00,0.41
2017-01-04T16:40:17+00:00,0.47
2017-01-04T16:42:05+00:00,0.55
2017-01-04T16:43:41+00:00,0.41
2017-01-04T16:45:25+00:00,0.44
2017-01-04T16:47:12+00:00,0.34
2017-01-04T16:48:52+00:00,0.34
2017-01-04T16:50:39+00:00,0.38
2017-01-04T16:52:33+00:00,0.34
2017-01-04T16:54:08+00:00,0.33
2017-01-04T16:55:57+00:00,0.34
2017-01-04T16:57:37+00:00,0.34
2017-01-04T16:59:14+00:00,0.39
2017-01-04T17:01:04+00:00,0.34
2017-01-04T17:02:46+00:00,2.02
2017-01-04T17:04:22+00:00,0.54
2017-01-04T17:06:13+00:00,0.6
2017-01-04T17:07:52+00:00,0.58
2017-01-04T17:09:28+00:00,0.57
2017-01-04T17:11:40+00:00,0.5
2017-01-04T17:13:16+00:00,0.5
2017-01-04T17:14:56+00:00,0.5
2017-01-04T17:16:50+00:00,0.5
2017-01-04T17:18:30+00:00,0.5
2017-01-04T17:20:09+00:00,0.33
2017-01-04T17:21:59+00:00,0.33
2017-01-04T17:23:37+00:00,0.62
2017-01-04T17:25:18+00:00,0.33
2017-01-04T17:27:05+00:00,0.46
2017-01-04T17:28:41+00:00,0.58
2017-01-04T17:30:25+00:00,0.33
2017-01-04T17:32:11+00:00,0.45
2017-01-04T17:33:49+00:00,0.33
2017-01-04T17:35:33+00:00,0.41
2017-01-04T17:37:20+00:00,0.4
2017-01-04T17:38:56+00:00,0.33
2017-01-04T17:40:42+00:00,0.51
2017-01-04T17:42:27+00:00,0.33
2017-01-04T17:44:22+00:00,0.63
2017-01-04T17:46:15+00:00,1.88
2017-01-04T17:47:53+00:00,1.87
2017-01-04T17:49:35+00:00,0.66
2017-01-04T17:51:29+00:00,0.7
2017-01-04T17:53:05+00:00,0.5
2017-01-04T17:54:43+00:00,0.5
2017-01-04T17:56:36+00:00,0.5
2017-01-04T17:58:12+00:00,0.5
2017-01-04T17:59:49+00:00,0.34
2017-01-04T18:01:43+00:00,0.34
2017-01-04T18:03:20+00:00,0.62
2017-01-04T18:04:59+00:00,0.41
2017-01-04T18:06:51+00:00,0.6
2017-01-04T18:08:29+00:00,0.34
2017-01-04T18:10:11+00:00,0.34
2017-01-04T18:12:00+00:00,0.34
2017-01-04T18:13:37+00:00,0.34
2017-01-04T18:15:20+00:00,0.34
2017-01-04T18:17:10+00:00,0.52
2017-01-04T18:18:47+00:00,0.34
2017-01-04T18:20:32+00:00,0.33
2017-01-04T18:22:19+00:00,0.34
2017-01-04T18:23:54+00:00,0.55
2017-01-04T18:25:40+00:00,0.53
2017-01-04T18:27:24+00:00,0.52
2017-01-04T18:28:59+00:00,0.57
2017-01-04T18:30:48+00:00,0.5
2017-01-04T18:32:29+00:00,0.58
2017-01-04T18:34:05+00:00,0.68
2017-01-04T18:35:53+00:00,0.68
2017-01-04T18:37:35+00:00,0.5
2017-01-04T18:39:11+00:00,0.49
2017-01-04T18:41:03+00:00,0.33
2017-01-04T18:42:43+00:00,0.33
2017-01-04T18:44:20+00:00,0.33
2017-01-04T18:46:13+00:00,0.33
2017-01-04T18:47:59+00:00,0.33
2017-01-04T18:49:35+00:00,0.33
2017-01-04T18:51:31+00:00,0.59
2017-01-04T18:53:09+00:00,0.33
2017-01-04T18:54:47+00:00,0.45
2017-01-04T18:56:40+00:00,0.33
2017-01-04T18:58:16+00:00,0.33
2017-01-04T18:59:55+00:00,0.5
2017-01-04T19:01:46+00:00,0.4
2017-01-04T19:03:24+00:00,0.4
2017-01-04T19:05:04+00:00,0.54
2017-01-04T19:07:00+00:00,0.52
2017-01-04T19:08:38+00:00,0.51
2017-01-04T19:10:20+00:00,0.51
2017-01-04T19:12:19+00:00,0.5
2017-01-04T19:13:55+00:00,0.5
2017-01-04T19:15:39+00:00,0.5
2017-01-04T19:17:25+00:00,0.5
2017-01-04T19:19:03+00:00,0.49
2017-01-04T19:20:48+00:00,0.45
2017-01-04T19:22:35+00:00,0.33
2017-01-04T19:24:12+00:00,0.33
2017-01-04T19:25:58+00:00,0.33
2017-01-04T19:27:40+00:00,0.82
2017-01-04T19:29:16+00:00,0.44
2017-01-04T19:31:10+00:00,0.4
2017-01-04T19:32:46+00:00,0.33
2017-01-04T19:34:23+00:00,0.33
2017-01-04T19:36:15+00:00,0.33
2017-01-04T19:37:51+00:00,0.33
2017-01-04T19:39:30+00:00,0.33
2017-01-04T19:41:26+00:00,0.51
2017-01-04T19:43:02+00:00,0.37
2017-01-04T19:44:39+00:00,0.54
2017-01-04T19:46:34+00:00,0.53
2017-01-04T19:48:11+00:00,0.52
2017-01-04T19:49:47+00:00,0.51
2017-01-04T19:51:42+00:00,0.5
2017-01-04T19:53:17+00:00,0.51
2017-01-04T19:54:52+00:00,0.62
2017-01-04T19:56:43+00:00,0.58
2017-01-04T19:58:20+00:00,1.93
2017-01-04T20:00:02+00:00,0.57
2017-01-04T20:01:54+00:00,0.43
2017-01-04T20:03:31+00:00,0.59
2017-01-04T20:05:13+00:00,0.61
2017-01-04T20:07:02+00:00,0.34
2017-01-04T20:08:38+00:00,0.34
2017-01-04T20:10:19+00:00,0.34
2017-01-04T20:12:06+00:00,0.34
2017-01-04T20:13:43+00:00,0.34
2017-01-04T20:15:27+00:00,0.56
2017-01-04T20:17:15+00:00,0.63
2017-01-04T20:18:51+00:00,0.34
2017-01-04T20:20:37+00:00,0.34
2017-01-04T20:22:21+00:00,0.34
2017-01-04T20:23:59+00:00,0.52
2017-01-04T20:25:45+00:00,0.69
2017-01-04T20:27:28+00:00,0.6
2017-01-04T20:29:05+00:00,0.58
2017-01-04T20:30:53+00:00,0.51
2017-01-04T20:32:37+00:00,0.51
2017-01-04T20:34:13+00:00,0.51
2017-01-04T20:36:04+00:00,0.5
2017-01-04T20:37:41+00:00,0.5
2017-01-04T20:39:17+00:00,0.5
2017-01-04T20:41:11+00:00,0.34
2017-01-04T20:42:49+00:00,0.34
2017-01-04T20:45:06+00:00,0.34
2017-01-04T20:46:57+00:00,0.34
2017-01-04T20:48:34+00:00,0.34
2017-01-04T20:50:15+00:00,0.42
2017-01-04T20:52:05+00:00,0.35
2017-01-04T20:53:42+00:00,0.42
2017-01-04T20:55:27+00:00,0.41
2017-01-04T20:57:15+00:00,0.41
2017-01-04T20:58:52+00:00,0.43
2017-01-04T21:00:38+00:00,0.4
2017-01-04T21:02:22+00:00,0.41
2017-01-04T21:03:59+00:00,0.57
2017-01-04T21:05:45+00:00,0.55
2017-01-04T21:07:28+00:00,0.53
2017-01-04T21:09:04+00:00,0.52
2017-01-04T21:10:52+00:00,0.51
2017-01-04T21:12:35+00:00,0.51
2017-01-04T21:14:12+00:00,0.51
2017-01-04T21:16:04+00:00,0.5
2017-01-04T21:17:45+00:00,0.5
2017-01-04T21:19:22+00:00,0.6
2017-01-04T21:21:15+00:00,0.42
2017-01-04T21:22:53+00:00,0.42
2017-01-04T21:24:31+00:00,0.41
2017-01-04T21:26:25+00:00,0.45
2017-01-04T21:28:03+00:00,0.57
2017-01-04T21:29:42+00:00,0.6
2017-01-04T21:31:37+00:00,0.34
2017-01-04T21:33:14+00:00,0.34
2017-01-04T21:34:53+00:00,0.34
2017-01-04T21:36:47+00:00,0.34
2017-01-04T21:38:24+00:00,0.34
2017-01-04T21:40:02+00:00,0.34
2017-01-04T21:41:55+00:00,0.43
2017-01-04T21:43:32+00:00,0.34
2017-01-04T21:45:17+00:00,0.55
2017-01-04T21:47:06+00:00,0.61
2017-01-04T21:48:41+00:00,0.68
2017-01-04T21:50:23+00:00,0.59
2017-01-04T21:52:08+00:00,0.58
2017-01-04T21:53:45+00:00,0.74
2017-01-04T21:55:30+00:00,0.51
2017-01-04T21:57:17+00:00,0.5
2017-01-04T21:58:52+00:00,0.5
2017-01-04T22:00:38+00:00,0.5
2017-01-04T22:02:24+00:00,0.34
2017-01-04T22:04:01+00:00,0.54
2017-01-04T22:05:45+00:00,0.56
2017-01-04T22:07:30+00:00,0.34
2017-01-04T22:09:05+00:00,0.34
2017-01-04T22:10:55+00:00,0.34
2017-01-04T22:12:37+00:00,1.71
2017-01-04T22:14:14+00:00,1.7
2017-01-04T22:16:06+00:00,0.34
2017-01-04T22:17:46+00:00,0.42
2017-01-04T22:19:22+00:00,0.41
2017-01-04T22:21:16+00:00,0.41
2017-01-04T22:22:53+00:00,0.34
2017-01-04T22:24:30+00:00,0.46
2017-01-04T22:26:23+00:00,0.54
2017-01-04T22:27:58+00:00,0.53
2017-01-04T22:29:39+00:00,0.52
2017-01-04T22:31:31+00:00,0.52
2017-01-04T22:33:06+00:00,0.51
2017-01-04T22:34:44+00:00,0.5
2017-01-04T22:36:36+00:00,0.51
2017-01-04T22:38:14+00:00,0.5
2017-01-04T22:39:52+00:00,0.5
2017-01-04T22:41:46+00:00,0.34
2017-01-04T22:43:24+00:00,0.55
2017-01-04T22:45:28+00:00,0.42
2017-01-04T22:47:35+00:00,0.42
2017-01-04T22:49:11+00:00,0.41
2017-01-04T22:51:01+00:00,0.34
2017-01-04T22:52:44+00:00,0.36
2017-01-04T22:54:21+00:00,0.34
2017-01-04T22:56:14+00:00,0.34
2017-01-04T22:57:52+00:00,0.34
2017-01-04T22:59:28+00:00,0.36
2017-01-04T23:01:22+00:00,0.49
2017-01-04T23:02:58+00:00,0.34
2017-01-04T23:04:35+00:00,0.34
2017-01-04T23:06:27+00:00,0.54
2017-01-04T23:08:06+00:00,0.52
2017-01-04T23:09:45+00:00,0.52
2017-01-04T23:11:36+00:00,0.51
2017-01-04T23:13:11+00:00,0.59
2017-01-04T23:14:47+00:00,0.71
2017-01-04T23:16:38+00:00,0.82
2017-01-04T23:18:14+00:00,0.58
2017-01-04T23:19:50+00:00,0.5
2017-01-04T23:21:41+00:00,0.34
2017-01-04T23:23:17+00:00,0.34
2017-01-04T23:25:09+00:00,0.34
2017-01-04T23:26:58+00:00,0.37
2017-01-04T23:28:42+00:00,0.34
2017-01-04T23:30:26+00:00,0.57
2017-01-04T23:32:12+00:00,0.34
2017-01-04T23:33:49+00:00,0.34
2017-01-04T23:35:44+00:00,0.34
2017-01-04T23:37:27+00:00,0.34
2017-01-04T23:39:03+00:00,0.51
2017-01-04T23:40:46+00:00,0.34
2017-01-04T23:42:33+00:00,0.41
2017-01-04T23:44:09+00:00,0.66
2017-01-04T23:45:57+00:00,0.6
2017-01-04T23:47:37+00:00,0.52
2017-01-04T23:49:13+00:00,0.52
2017-01-04T23:51:02+00:00,0.51
2017-01-04T23:52:41+00:00,0.51
2017-01-04T23:54:16+00:00,0.51
2017-01-04T23:56:20+00:00,0.77
2017-01-04T23:57:55+00:00,0.51
2017-01-04T23:59:30+00:00,0.5
2017-01-05T00:01:25+00:00,0.34
2017-01-05T00:03:02+00:00,0.52
2017-01-05T00:04:38+00:00,0.46
2017-01-05T00:06:32+00:00,0.34
2017-01-05T00:08:09+00:00,0.34
2017-01-05T00:09:45+00:00,0.46
2017-01-05T00:11:48+00:00,0.41
2017-01-05T00:13:23+00:00,0.4
2017-01-05T00:15:03+00:00,0.33
2017-01-05T00:16:55+00:00,0.33
2017-01-05T00:18:31+00:00,0.33
2017-01-05T00:20:12+00:00,0.33
2017-01-05T00:22:02+00:00,0.33
2017-01-05T00:23:39+00:00,0.33
2017-01-05T00:25:21+00:00,0.54
2017-01-05T00:27:08+00:00,0.54
2017-01-05T00:28:44+00:00,0.7
2017-01-05T00:30:25+00:00,0.52
2017-01-05T00:32:12+00:00,1.86
2017-01-05T00:33:47+00:00,2.06
2017-01-05T00:35:31+00:00,0.5
2017-01-05T00:37:21+00:00,0.57
2017-01-05T00:38:56+00:00,0.57
2017-01-05T00:40:40+00:00,0.56
2017-01-05T00:42:24+00:00,0.33
2017-01-05T00:44:07+00:00,0.33
2017-01-05T00:45:53+00:00,0.33
2017-01-05T00:47:34+00:00,0.4
2017-01-05T00:49:09+00:00,0.33
2017-01-05T00:51:00+00:00,0.33
2017-01-05T00:52:43+00:00,0.33
2017-01-05T00:54:19+00:00,0.52
2017-01-05T00:56:11+00:00,0.33
2017-01-05T00:57:48+00:00,0.33
2017-01-05T00:59:23+00:00,0.33
2017-01-05T01:01:15+00:00,0.33
2017-01-05T01:02:53+00:00,0.33
2017-01-05T01:04:31+00:00,1.13
2017-01-05T01:06:20+00:00,0.59
2017-01-05T01:07:56+00:00,0.8
2017-01-05T01:09:32+00:00,0.57
2017-01-05T01:11:23+00:00,0.74
2017-01-05T01:13:01+00:00,0.5
2017-01-05T01:14:38+00:00,0.62
2017-01-05T01:16:31+00:00,0.5
2017-01-05T01:18:06+00:00,0.49
2017-01-05T01:19:42+00:00,0.49
2017-01-05T01:21:33+00:00,0.33
2017-01-05T01:23:09+00:00,0.33
2017-01-05T01:24:44+00:00,0.33
2017-01-05T01:26:36+00:00,0.33
2017-01-05T01:28:13+00:00,0.33
2017-01-05T01:29:50+00:00,0.33
2017-01-05T01:31:41+00:00,0.33
2017-01-05T01:33:16+00:00,0.4
2017-01-05T01:34:52+00:00,0.63
2017-01-05T01:36:42+00:00,0.39
2017-01-05T01:38:16+00:00,0.33
2017-01-05T01:39:51+00:00,0.5
2017-01-05T01:41:41+00:00,0.33
2017-01-05T01:43:15+00:00,0.33
2017-01-05T01:44:54+00:00,0.54
2017-01-05T01:46:47+00:00,0.52
2017-01-05T01:48:23+00:00,0.51
2017-01-05T01:50:05+00:00,0.5
2017-01-05T01:51:54+00:00,0.5
2017-01-05T01:53:27+00:00,0.5
2017-01-05T01:55:06+00:00,0.49
2017-01-05T01:56:52+00:00,0.59
