2017-01-01T00:00:38+00:00,2.99
2017-01-01T00:02:15+00:00,2.99
2017-01-01T00:04:05+00:00,2.98
2017-01-01T00:05:54+00:00,2.99
2017-01-01T00:07:55+00:00,2.98
2017-01-01T00:09:44+00:00,2.99
2017-01-01T00:11:20+00:00,2.99
2017-01-01T00:12:59+00:00,2.96
2017-01-01T00:14:47+00:00,2.99
2017-01-01T00:16:22+00:00,2.99
2017-01-01T00:18:02+00:00,2.98
2017-01-01T00:19:50+00:00,2.98
2017-01-01T00:21:26+00:00,17.08
2017-01-01T00:23:07+00:00,17.95
2017-01-01T00:24:57+00:00,18.48
2017-01-01T00:26:40+00:00,19.81
2017-01-01T00:28:23+00:00,19.1
2017-01-01T00:30:08+00:00,19.07
2017-01-01T00:31:45+00:00,19.16
2017-01-01T00:33:30+00:00,19.15
2017-01-01T00:35:12+00:00,19.16
2017-01-01T00:36:49+00:00,19.22
2017-01-01T00:38:34+00:00,19.12
2017-01-01T00:40:17+00:00,19.2
2017-01-01T00:41:51+00:00,19.17
2017-01-01T00:44:00+00:00,19.23
2017-01-01T00:45:37+00:00,19.15
2017-01-01T00:47:12+00:00,19.22
2017-01-01T00:49:08+00:00,19.19
2017-01-01T00:50:42+00:00,19.19
2017-01-01T00:52:16+00:00,19.43
2017-01-01T00:54:11+00:00,19.16
2017-01-01T00:56:06+00:00,19.3
2017-01-01T00:57:54+00:00,19.23
2017-01-01T00:59:42+00:00,19.2
2017-01-01T01:01:17+00:00,19.26
2017-01-01T01:02:54+00:00,2.93
2017-01-01T01:04:45+00:00,2.92
2017-01-01T01:06:20+00:00,2.95
2017-01-01T01:08:03+00:00,2.96
2017-01-01T01:09:51+00:00,2.95
2017-01-01T01:11:25+00:00,2.95
2017-01-01T01:13:07+00:00,2.98
2017-01-01T01:14:53+00:00,2.99
2017-01-01T01:16:29+00:00,2.99
2017-01-01T01:18:13+00:00,3.0
2017-01-01T01:19:58+00:00,2.99
2017-01-01T01:21:32+00:00,3.01
2017-01-01T01:23:13+00:00,2.99
2017-01-01T01:25:08+00:00,3.01
2017-01-01T01:26:45+00:00,3.0
2017-01-01T01:28:32+00:00,3.02
2017-01-01T01:30:17+00:00,4.66
2017-01-01T01:31:53+00:00,4.64
2017-01-01T01:33:37+00:00,4.64
2017-01-01T01:35:20+00:00,2.99
2017-01-01T01:36:55+00:00,2.99
2017-01-01T01:38:46+00:00,2.98
2017-01-01T01:40:26+00:00,2.99
2017-01-01T01:42:02+00:00,3.01
2017-01-01T01:43:49+00:00,3.0
2017-01-01T01:45:30+00:00,3.31
2017-01-01T01:47:05+00:00,3.02
2017-01-01T01:48:52+00:00,3.01
2017-01-01T01:50:32+00:00,3.01
2017-01-01T01:52:07+00:00,3.01
2017-01-01T01:54:13+00:00,4.08
2017-01-01T01:55:49+00:00,3.0
2017-01-01T01:57:27+00:00,2.99
2017-01-01T01:59:19+00:00,3.0
2017-01-01T02:00:57+00:00,17.24
2017-01-01T02:02:33+00:00,17.33
2017-01-01T02:04:29+00:00,18.07
2017-01-01T02:06:05+00:00,18.57
2017-01-01T02:07:43+00:00,18.87
2017-01-01T02:09:35+00:00,19.05
2017-01-01T02:11:13+00:00,19.05
2017-01-01T02:12:52+00:00,19.12
2017-01-01T02:14:43+00:00,19.09
2017-01-01T02:16:20+00:00,19.16
2017-01-01T02:18:01+00:00,19.16
2017-01-01T02:19:51+00:00,19.1
2017-01-01T02:21:25+00:00,19.13
2017-01-01T02:23:05+00:00,19.11
2017-01-01T02:24:53+00:00,19.16
2017-01-01T02:26:28+00:00,19.14
2017-01-01T02:28:07+00:00,19.1
2017-01-01T02:30:00+00:00,19.04
2017-01-01T02:31:36+00:00,19.1
2017-01-01T02:33:20+00:00,19.14
2017-01-01T02:35:01+00:00,19.07
2017-01-01T02:36:36+00:00,19.15
2017-01-01T02:38:19+00:00,2.94
2017-01-01T02:40:03+00:00,2.97
2017-01-01T02:41:41+00:00,2.97
2017-01-01T02:43:24+00:00,2.99
2017-01-01T02:45:12+00:00,2.96
2017-01-01T02:46:49+00:00,2.99
2017-01-01T02:48:32+00:00,2.99
2017-01-01T02:50:14+00:00,2.98
2017-01-01T02:51:50+00:00,3.83
2017-01-01T02:53:37+00:00,3.0
2017-01-01T02:55:20+00:00,3.01
2017-01-01T02:56:56+00:00,3.02
2017-01-01T02:59:10+00:00,3.0
2017-01-01T03:00:48+00:00,3.01
2017-01-01T03:02:24+00:00,3.02
2017-01-01T03:04:18+00:00,3.01
2017-01-01T03:05:54+00:00,3.02
2017-01-01T03:07:34+00:00,3.02
2017-01-01T03:09:30+00:00,3.01
2017-01-01T03:11:25+00:00,3.01
2017-01-01T03:13:05+00:00,3.04
2017-01-01T03:14:57+00:00,3.01
2017-01-01T03:16:34+00:00,3.02
2017-01-01T03:18:16+00:00,3.02
2017-01-01T03:20:02+00:00,3.04
2017-01-01T03:21:38+00:00,3.02
2017-01-01T03:23:30+00:00,3.04
2017-01-01T03:25:14+00:00,3.03
2017-01-01T03:26:48+00:00,3.03
2017-01-01T03:28:32+00:00,3.02
2017-01-01T03:30:15+00:00,3.03
2017-01-01T03:31:50+00:00,3.01
2017-01-01T03:33:34+00:00,11.28
2017-01-01T03:35:18+00:00,11.65
2017-01-01T03:36:54+00:00,11.81
2017-01-01T03:38:43+00:00,18.05
2017-01-01T03:40:33+00:00,18.48
2017-01-01T03:42:06+00:00,18.74
2017-01-01T03:43:58+00:00,18.97
2017-01-01T03:45:35+00:00,19.0
2017-01-01T03:47:10+00:00,18.98
2017-01-01T03:49:01+00:00,19.03
2017-01-01T03:50:39+00:00,19.02
2017-01-01T03:52:16+00:00,19.0
2017-01-01T03:54:09+00:00,19.07
2017-01-01T03:55:43+00:00,19.02
2017-01-01T03:57:18+00:00,19.05
2017-01-01T03:59:09+00:00,18.97
2017-01-01T04:00:45+00:00,19.04
2017-01-01T04:02:21+00:00,19.0
2017-01-01T04:04:15+00:00,19.03
2017-01-01T04:05:49+00:00,19.0
2017-01-01T04:07:27+00:00,18.93
2017-01-01T04:09:30+00:00,18.95
2017-01-01T04:11:06+00:00,18.97
2017-01-01T04:12:43+00:00,18.97
2017-01-01T04:14:37+00:00,19.02
2017-01-01T04:16:13+00:00,18.96
2017-01-01T04:17:51+00:00,2.92
2017-01-01T04:19:42+00:00,2.94
2017-01-01T04:21:16+00:00,2.95
2017-01-01T04:22:54+00:00,2.98
2017-01-01T04:24:47+00:00,2.95
2017-01-01T04:26:25+00:00,2.96
2017-01-01T04:28:07+00:00,2.98
2017-01-01T04:29:55+00:00,2.98
2017-01-01T04:31:41+00:00,2.98
2017-01-01T04:33:24+00:00,2.98
2017-01-01T04:35:09+00:00,3.0
2017-01-01T04:36:43+00:00,3.02
2017-01-01T04:38:26+00:00,3.01
2017-01-01T04:40:11+00:00,3.02
2017-01-01T04:41:47+00:00,3.01
2017-01-01T04:43:29+00:00,3.01
2017-01-01T04:45:11+00:00,3.01
2017-01-01T04:46:48+00:00,3.03
2017-01-01T04:48:33+00:00,3.02
2017-01-01T04:50:15+00:00,3.03
2017-01-01T04:51:53+00:00,3.01
2017-01-01T04:53:42+00:00,2.99
2017-01-01T04:55:30+00:00,3.01
2017-01-01T04:57:17+00:00,3.01
2017-01-01T04:59:08+00:00,3.01
2017-01-01T05:00:46+00:00,9.73
2017-01-01T05:02:23+00:00,11.13
2017-01-01T05:04:18+00:00,11.57
2017-01-01T05:06:09+00:00,17.31
2017-01-01T05:07:48+00:00,17.76
2017-01-01T05:09:41+00:00,18.25
2017-01-01T05:11:22+00:00,18.44
2017-01-01T05:13:11+00:00,18.63
2017-01-01T05:15:12+00:00,18.61
2017-01-01T05:17:08+00:00,18.63
2017-01-01T05:19:13+00:00,18.67
2017-01-01T05:20:59+00:00,18.73
2017-01-01T05:22:45+00:00,18.67
2017-01-01T05:24:45+00:00,18.73
2017-01-01T05:26:41+00:00,18.7
2017-01-01T05:28:51+00:00,18.66
2017-01-01T06:34:26+00:00,16.75
2017-01-01T06:36:02+00:00,17.47
2017-01-01T06:37:59+00:00,18.08
2017-01-01T06:39:47+00:00,18.37
2017-01-01T06:41:22+00:00,18.5
2017-01-01T06:43:03+00:00,18.46
2017-01-01T06:44:50+00:00,18.52
2017-01-01T06:46:25+00:00,18.54
2017-01-01T06:48:05+00:00,18.52
2017-01-01T06:49:52+00:00,18.57
2017-01-01T06:51:25+00:00,18.54
2017-01-01T06:53:06+00:00,18.53
2017-01-01T06:54:51+00:00,18.56
2017-01-01T06:56:34+00:00,18.6
2017-01-01T06:58:14+00:00,18.61
2017-01-01T06:59:59+00:00,18.61
2017-01-01T07:01:37+00:00,18.59
2017-01-01T07:03:18+00:00,18.6
2017-01-01T07:05:01+00:00,18.6
2017-01-01T07:06:36+00:00,18.58
2017-01-01T07:08:17+00:00,18.6
2017-01-01T07:10:01+00:00,18.58
2017-01-01T07:11:47+00:00,2.91
2017-01-01T07:13:32+00:00,2.9
2017-01-01T07:15:12+00:00,2.94
2017-01-01T07:16:48+00:00,2.92
2017-01-01T07:18:33+00:00,2.94
2017-01-01T07:20:16+00:00,2.96
2017-01-01T07:21:51+00:00,2.98
2017-01-01T07:23:34+00:00,2.97
2017-01-01T07:25:16+00:00,2.97
2017-01-01T07:26:51+00:00,2.97
2017-01-01T07:28:36+00:00,2.99
2017-01-01T07:30:20+00:00,3.0
2017-01-01T07:31:55+00:00,2.99
2017-01-01T07:33:42+00:00,2.98
2017-01-01T07:35:23+00:00,3.01
2017-01-01T07:36:58+00:00,2.98
2017-01-01T07:38:43+00:00,2.98
2017-01-01T07:40:23+00:00,2.97
2017-01-01T07:41:57+00:00,2.99
2017-01-01T07:43:42+00:00,2.99
2017-01-01T07:45:23+00:00,2.98
2017-01-01T07:46:58+00:00,16.52
2017-01-01T07:48:47+00:00,17.54
2017-01-01T07:50:29+00:00,18.04
2017-01-01T07:52:04+00:00,18.31
2017-01-01T07:53:54+00:00,18.49
2017-01-01T07:55:32+00:00,18.52
2017-01-01T07:57:05+00:00,18.52
2017-01-01T07:58:55+00:00,18.52
2017-01-01T08:00:33+00:00,18.55
2017-01-01T08:02:07+00:00,18.54
2017-01-01T08:04:06+00:00,18.57
2017-01-01T08:05:43+00:00,18.58
2017-01-01T08:07:18+00:00,18.54
2017-01-01T08:09:07+00:00,18.51
2017-01-01T08:10:45+00:00,18.55
2017-01-01T08:12:19+00:00,18.53
2017-01-01T08:14:15+00:00,18.6
2017-01-01T08:15:50+00:00,18.55
2017-01-01T08:17:25+00:00,18.57
2017-01-01T08:19:18+00:00,18.58
2017-01-01T08:21:08+00:00,18.62
2017-01-01T08:22:47+00:00,18.6
2017-01-01T08:24:38+00:00,18.57
2017-01-01T08:26:12+00:00,18.56
2017-01-01T08:27:49+00:00,18.58
2017-01-01T08:29:40+00:00,18.55
2017-01-01T08:31:14+00:00,2.9
2017-01-01T08:32:52+00:00,2.91
2017-01-01T08:34:44+00:00,2.92
2017-01-01T08:36:19+00:00,2.94
2017-01-01T08:37:56+00:00,2.95
2017-01-01T08:39:45+00:00,2.96
2017-01-01T08:41:20+00:00,2.96
2017-01-01T08:43:22+00:00,2.96
2017-01-01T08:45:07+00:00,2.98
2017-01-01T08:46:43+00:00,2.97
2017-01-01T08:48:25+00:00,2.97
2017-01-01T08:50:06+00:00,2.99
2017-01-01T08:51:41+00:00,2.98
2017-01-01T08:53:24+00:00,2.99
2017-01-01T08:55:11+00:00,2.98
2017-01-01T08:56:47+00:00,2.98
2017-01-01T08:58:47+00:00,2.99
2017-01-01T09:00:30+00:00,11.19
2017-01-01T09:02:05+00:00,11.16
2017-01-01T09:03:54+00:00,11.47
2017-01-01T09:05:36+00:00,17.14
2017-01-01T09:07:12+00:00,17.53
2017-01-01T09:09:06+00:00,18.01
2017-01-01T09:10:42+00:00,18.25
2017-01-01T09:12:16+00:00,18.34
2017-01-01T09:14:09+00:00,18.39
2017-01-01T09:15:46+00:00,18.35
2017-01-01T09:17:22+00:00,18.38
2017-01-01T09:19:17+00:00,18.38
2017-01-01T09:20:55+00:00,18.39
2017-01-01T09:22:30+00:00,18.41
2017-01-01T09:24:24+00:00,18.39
2017-01-01T09:25:58+00:00,18.39
2017-01-01T09:27:34+00:00,18.39
2017-01-01T09:29:26+00:00,20.02
2017-01-01T09:31:01+00:00,20.0
2017-01-01T09:32:36+00:00,18.4
2017-01-01T09:34:27+00:00,18.4
2017-01-01T09:36:00+00:00,18.42
2017-01-01T09:37:36+00:00,18.41
2017-01-01T09:39:30+00:00,18.35
2017-01-01T09:41:05+00:00,18.38
2017-01-01T09:42:39+00:00,18.37
2017-01-01T09:44:31+00:00,18.4
2017-01-01T09:46:06+00:00,18.4
2017-01-01T09:47:43+00:00,18.36
2017-01-01T09:49:37+00:00,18.35
2017-01-01T09:51:14+00:00,18.39
2017-01-01T09:52:50+00:00,18.38
2017-01-01T09:54:41+00:00,18.39
2017-01-01T09:56:16+00:00,18.36
2017-01-01T09:57:57+00:00,18.39
2017-01-01T09:59:46+00:00,18.4
2017-01-01T10:01:20+00:00,18.39
2017-01-01T10:03:03+00:00,18.38
2017-01-01T10:04:53+00:00,2.89
2017-01-01T10:06:28+00:00,2.9
2017-01-01T10:08:10+00:00,2.91
2017-01-01T10:09:59+00:00,2.92
2017-01-01T10:11:44+00:00,2.93
2017-01-01T10:13:29+00:00,2.94
2017-01-01T10:15:16+00:00,2.93
2017-01-01T10:16:54+00:00,2.96
2017-01-01T10:18:39+00:00,2.95
2017-01-01T10:20:20+00:00,2.97
2017-01-01T10:21:55+00:00,2.97
2017-01-01T10:23:55+00:00,2.96
2017-01-01T10:25:34+00:00,3.0
2017-01-01T10:27:12+00:00,2.98
2017-01-01T10:29:04+00:00,2.98
2017-01-01T10:31:20+00:00,16.25
2017-01-01T10:33:38+00:00,17.32
2017-01-01T10:36:10+00:00,18.01
2017-01-01T10:38:18+00:00,18.22
2017-01-01T10:40:55+00:00,18.31
2017-01-01T10:43:01+00:00,18.3
2017-01-01T10:44:57+00:00,18.33
2017-01-01T10:46:41+00:00,18.3
2017-01-01T10:48:41+00:00,18.34
2017-01-01T10:50:27+00:00,18.35
2017-01-01T10:52:05+00:00,18.3
2017-01-01T10:54:00+00:00,18.32
2017-01-01T10:55:39+00:00,18.35
2017-01-01T10:57:17+00:00,18.33
2017-01-01T10:59:24+00:00,18.33
2017-01-01T11:01:03+00:00,18.33
2017-01-01T11:02:45+00:00,18.35
2017-01-01T11:04:41+00:00,18.36
2017-01-01T11:06:21+00:00,18.34
2017-01-01T11:08:22+00:00,18.37
2017-01-01T11:10:25+00:00,18.35
2017-01-01T11:12:17+00:00,18.32
2017-01-01T11:14:21+00:00,18.36
2017-01-01T11:15:59+00:00,18.33
2017-01-01T11:17:44+00:00,18.33
2017-01-01T11:20:01+00:00,18.31
2017-01-01T11:21:38+00:00,18.31
2017-01-01T11:23:24+00:00,18.31
2017-01-01T11:25:15+00:00,18.29
2017-01-01T11:26:54+00:00,18.27
2017-01-01T11:28:43+00:00,18.3
2017-01-01T11:30:57+00:00,18.33
2017-01-01T11:32:59+00:00,18.32
2017-01-01T11:35:01+00:00,18.31
2017-01-01T11:36:43+00:00,18.3
2017-01-01T11:38:36+00:00,18.29
2017-01-01T11:40:27+00:00,18.31
2017-01-01T11:42:08+00:00,18.28
2017-01-01T11:44:06+00:00,18.27
2017-01-01T11:45:53+00:00,18.24
2017-01-01T11:47:35+00:00,18.29
2017-01-01T11:49:34+00:00,18.25
2017-01-01T11:51:18+00:00,18.28
2017-01-01T11:53:04+00:00,18.25
2017-01-01T11:55:00+00:00,18.25
2017-01-01T11:56:40+00:00,18.29
2017-01-01T11:58:29+00:00,18.26
2017-01-01T12:00:18+00:00,18.22
2017-01-01T12:02:01+00:00,18.23
2017-01-01T12:04:00+00:00,18.21
2017-01-01T12:05:52+00:00,18.15
2017-01-01T12:07:37+00:00,18.15
2017-01-01T12:09:36+00:00,18.18
2017-01-01T12:11:41+00:00,18.23
2017-01-01T12:13:37+00:00,18.23
2017-01-01T12:15:30+00:00,18.22
2017-01-01T12:17:11+00:00,18.31
2017-01-01T12:19:04+00:00,18.32
2017-01-01T12:20:59+00:00,18.36
2017-01-01T12:22:40+00:00,18.35
2017-01-01T12:24:38+00:00,18.34
2017-01-01T12:26:20+00:00,18.37
2017-01-01T12:28:01+00:00,2.92
2017-01-01T12:29:53+00:00,2.93
2017-01-01T12:31:31+00:00,2.93
2017-01-01T12:33:11+00:00,2.94
2017-01-01T12:34:56+00:00,2.95
2017-01-01T12:36:31+00:00,2.95
2017-01-01T12:38:15+00:00,2.94
2017-01-01T12:40:05+00:00,2.96
2017-01-01T12:41:39+00:00,2.96
2017-01-01T12:43:23+00:00,2.96
2017-01-01T12:45:08+00:00,2.96
2017-01-01T12:46:44+00:00,2.97
2017-01-01T12:48:26+00:00,2.98
2017-01-01T12:50:14+00:00,3.0
2017-01-01T12:51:48+00:00,2.97
2017-01-01T12:53:33+00:00,2.99
2017-01-01T12:55:16+00:00,10.71
2017-01-01T12:56:51+00:00,11.16
2017-01-01T12:58:36+00:00,11.41
2017-01-01T13:00:49+00:00,17.1
2017-01-01T13:02:24+00:00,17.64
2017-01-01T13:04:18+00:00,17.94
2017-01-01T13:05:58+00:00,18.15
2017-01-01T13:07:36+00:00,18.15
2017-01-01T13:09:26+00:00,18.12
2017-01-01T13:11:02+00:00,18.14
2017-01-01T13:12:41+00:00,18.12
2017-01-01T13:14:32+00:00,18.15
2017-01-01T13:16:07+00:00,18.15
2017-01-01T13:17:41+00:00,18.14
2017-01-01T13:19:32+00:00,18.12
2017-01-01T13:21:09+00:00,18.14
2017-01-01T13:22:46+00:00,19.78
2017-01-01T13:24:39+00:00,19.78
2017-01-01T13:26:14+00:00,18.14
2017-01-01T13:27:50+00:00,18.15
2017-01-01T13:29:40+00:00,18.18
2017-01-01T13:31:14+00:00,18.16
2017-01-01T13:32:55+00:00,18.16
2017-01-01T13:34:47+00:00,18.12
2017-01-01T13:36:23+00:00,18.12
2017-01-01T13:38:03+00:00,18.1
2017-01-01T13:39:50+00:00,18.13
2017-01-01T13:41:24+00:00,18.11
2017-01-01T13:43:03+00:00,18.12
2017-01-01T13:44:51+00:00,18.08
2017-01-01T13:46:26+00:00,18.11
2017-01-01T13:48:04+00:00,18.1
2017-01-01T13:49:52+00:00,18.08
2017-01-01T13:51:28+00:00,18.05
2017-01-01T13:53:08+00:00,18.09
2017-01-01T13:54:56+00:00,18.09
2017-01-01T13:56:32+00:00,18.06
2017-01-01T13:58:12+00:00,18.05
2017-01-01T13:59:58+00:00,18.07
2017-01-01T14:01:32+00:00,18.05
2017-01-01T14:03:14+00:00,18.01
2017-01-01T14:05:00+00:00,18.03
2017-01-01T14:06:35+00:00,18.0
2017-01-01T14:08:16+00:00,18.01
2017-01-01T14:10:03+00:00,17.97
2017-01-01T14:11:38+00:00,17.99
2017-01-01T14:13:19+00:00,17.95
2017-01-01T14:15:03+00:00,17.95
2017-01-01T14:16:37+00:00,17.95
2017-01-01T14:18:19+00:00,17.94
2017-01-01T14:20:04+00:00,17.93
2017-01-01T14:21:41+00:00,17.89
2017-01-01T14:23:22+00:00,17.87
2017-01-01T14:25:08+00:00,17.84
2017-01-01T14:26:44+00:00,17.79
2017-01-01T14:28:29+00:00,17.76
2017-01-01T14:30:11+00:00,17.68
2017-01-01T14:31:46+00:00,17.63
2017-01-01T14:33:30+00:00,17.52
2017-01-01T14:35:11+00:00,17.41
2017-01-01T14:36:47+00:00,17.28
2017-01-01T14:38:32+00:00,17.15
2017-01-01T14:40:25+00:00,16.92
2017-01-01T14:42:00+00:00,16.77
2017-01-01T14:43:45+00:00,16.6
2017-01-01T14:45:37+00:00,16.48
2017-01-01T14:47:12+00:00,16.36
2017-01-01T14:49:02+00:00,16.23
2017-01-01T14:50:38+00:00,16.17
2017-01-01T14:52:17+00:00,16.12
2017-01-01T14:54:10+00:00,16.04
2017-01-01T14:55:45+00:00,15.98
2017-01-01T14:57:32+00:00,15.99
2017-01-01T14:59:23+00:00,15.97
2017-01-01T15:00:58+00:00,15.94
2017-01-01T15:02:32+00:00,15.94
2017-01-01T15:04:26+00:00,15.92
2017-01-01T15:06:02+00:00,15.9
2017-01-01T15:07:37+00:00,15.88
2017-01-01T15:09:29+00:00,15.88
2017-01-01T15:11:04+00:00,15.87
2017-01-01T15:12:39+00:00,15.85
2017-01-01T15:14:32+00:00,15.81
2017-01-01T15:16:10+00:00,15.78
2017-01-01T15:17:50+00:00,15.78
2017-01-01T15:19:39+00:00,15.77
2017-01-01T15:21:13+00:00,15.78
2017-01-01T15:22:51+00:00,15.75
2017-01-01T15:24:41+00:00,15.73
2017-01-01T15:26:17+00:00,15.71
2017-01-01T15:27:55+00:00,15.71
2017-01-01T15:29:43+00:00,15.69
2017-01-01T15:31:19+00:00,15.7
2017-01-01T15:32:57+00:00,15.68
2017-01-01T15:34:46+00:00,15.67
2017-01-01T15:36:22+00:00,15.67
2017-01-01T15:38:02+00:00,15.67
2017-01-01T15:39:53+00:00,15.65
2017-01-01T15:41:27+00:00,15.71
2017-01-01T15:43:08+00:00,15.72
2017-01-01T15:44:57+00:00,15.7
2017-01-01T15:46:31+00:00,15.7
2017-01-01T15:48:11+00:00,15.71
2017-01-01T15:49:58+00:00,15.69
2017-01-01T15:51:33+00:00,15.69
2017-01-01T15:53:15+00:00,15.68
2017-01-01T15:55:03+00:00,15.7
2017-01-01T15:56:40+00:00,15.65
2017-01-01T15:58:22+00:00,15.67
2017-01-01T16:00:08+00:00,15.64
2017-01-01T16:01:45+00:00,15.64
2017-01-01T16:03:29+00:00,15.63
2017-01-01T16:05:13+00:00,15.6
2017-01-01T16:06:48+00:00,15.61
2017-01-01T16:08:35+00:00,15.65
2017-01-01T16:10:19+00:00,15.66
2017-01-01T16:11:57+00:00,15.68
2017-01-01T16:13:43+00:00,15.67
2017-01-01T16:15:25+00:00,15.66
2017-01-01T16:17:01+00:00,15.67
2017-01-01T16:18:50+00:00,15.68
2017-01-01T16:20:30+00:00,15.66
2017-01-01T16:22:09+00:00,15.68
2017-01-01T16:24:20+00:00,15.68
2017-01-01T16:25:55+00:00,15.68
2017-01-01T16:27:29+00:00,15.69
2017-01-01T16:29:21+00:00,15.7
2017-01-01T16:30:56+00:00,15.69
2017-01-01T16:32:31+00:00,15.68
2017-01-01T16:34:21+00:00,15.72
2017-01-01T16:35:56+00:00,15.69
2017-01-01T16:37:31+00:00,15.69
2017-01-01T16:39:22+00:00,15.74
2017-01-01T16:40:57+00:00,15.76
2017-01-01T16:42:34+00:00,15.71
2017-01-01T16:44:27+00:00,15.74
2017-01-01T16:46:01+00:00,15.74
2017-01-01T16:47:35+00:00,15.76
2017-01-01T16:49:27+00:00,15.78
2017-01-01T16:51:02+00:00,15.8
2017-01-01T16:52:41+00:00,15.77
2017-01-01T16:54:31+00:00,15.77
2017-01-01T16:56:06+00:00,15.76
2017-01-01T16:57:41+00:00,15.77
2017-01-01T16:59:34+00:00,15.78
2017-01-01T17:01:09+00:00,15.77
2017-01-01T17:02:48+00:00,15.84
2017-01-01T17:04:37+00:00,15.82
2017-01-01T17:06:13+00:00,15.81
2017-01-01T17:07:50+00:00,15.78
2017-01-01T17:09:42+00:00,15.71
2017-01-01T17:11:19+00:00,15.77
2017-01-01T17:12:58+00:00,15.77
2017-01-01T17:14:47+00:00,15.8
2017-01-01T17:16:22+00:00,15.78
2017-01-01T17:18:03+00:00,15.8
2017-01-01T17:19:53+00:00,15.83
2017-01-01T17:21:38+00:00,15.81
2017-01-01T17:23:22+00:00,17.48
2017-01-01T17:25:05+00:00,15.77
2017-01-01T17:26:40+00:00,15.76
2017-01-01T17:28:23+00:00,15.79
2017-01-01T17:30:07+00:00,15.8
2017-01-01T17:31:46+00:00,15.79
2017-01-01T17:33:30+00:00,15.82
2017-01-01T17:35:10+00:00,15.82
2017-01-01T17:36:46+00:00,15.84
2017-01-01T17:38:27+00:00,15.8
2017-01-01T17:40:10+00:00,15.76
2017-01-01T17:41:46+00:00,15.78
2017-01-01T17:43:28+00:00,15.72
2017-01-01T17:45:12+00:00,15.77
2017-01-01T17:46:48+00:00,15.8
2017-01-01T17:48:35+00:00,15.78
2017-01-01T17:50:19+00:00,15.74
2017-01-01T17:51:56+00:00,15.82
2017-01-01T17:53:46+00:00,15.81
2017-01-01T17:55:28+00:00,15.83
2017-01-01T17:57:05+00:00,15.83
2017-01-01T17:58:56+00:00,15.87
2017-01-01T18:00:35+00:00,15.84
2017-01-01T18:02:11+00:00,15.84
2017-01-01T18:04:04+00:00,15.79
2017-01-01T18:05:40+00:00,15.85
2017-01-01T18:07:15+00:00,15.73
2017-01-01T18:09:05+00:00,15.75
2017-01-01T18:10:43+00:00,15.77
2017-01-01T18:12:28+00:00,15.83
2017-01-01T18:14:20+00:00,15.7
2017-01-01T18:15:56+00:00,15.63
2017-01-01T18:17:34+00:00,15.61
2017-01-01T18:19:25+00:00,15.56
2017-01-01T18:21:12+00:00,15.67
2017-01-01T18:22:49+00:00,15.67
2017-01-01T18:24:41+00:00,15.64
2017-01-01T18:26:16+00:00,15.71
2017-01-01T18:27:56+00:00,15.72
2017-01-01T18:29:45+00:00,15.75
2017-01-01T18:31:23+00:00,15.71
2017-01-01T18:33:03+00:00,15.78
2017-01-01T18:34:54+00:00,15.83
2017-01-01T18:36:29+00:00,15.74
2017-01-01T18:38:09+00:00,15.73
2017-01-01T18:39:53+00:00,15.85
2017-01-01T18:41:29+00:00,15.74
2017-01-01T18:43:21+00:00,2.88
2017-01-01T18:45:09+00:00,2.87
2017-01-01T18:46:45+00:00,2.89
2017-01-01T18:48:33+00:00,2.91
2017-01-01T18:50:26+00:00,2.91
2017-01-01T18:52:02+00:00,2.92
2017-01-01T18:53:53+00:00,2.91
2017-01-01T18:55:30+00:00,2.93
2017-01-01T18:57:10+00:00,2.92
2017-01-01T18:59:02+00:00,2.96
2017-01-01T19:00:37+00:00,2.93
2017-01-01T19:02:14+00:00,2.96
2017-01-01T19:04:05+00:00,2.94
2017-01-01T19:05:44+00:00,2.96
2017-01-01T19:07:20+00:00,2.96
2017-01-01T19:09:11+00:00,2.95
2017-01-01T19:10:47+00:00,2.94
2017-01-01T19:12:21+00:00,2.94
2017-01-01T19:14:12+00:00,2.96
2017-01-01T19:15:48+00:00,2.97
2017-01-01T19:17:24+00:00,2.96
2017-01-01T19:19:14+00:00,2.94
2017-01-01T19:20:54+00:00,2.95
2017-01-01T19:22:34+00:00,2.94
2017-01-01T19:24:25+00:00,2.95
2017-01-01T19:26:03+00:00,2.97
2017-01-01T19:27:40+00:00,2.97
2017-01-01T19:29:35+00:00,2.96
2017-01-01T19:31:12+00:00,2.94
2017-01-01T19:32:50+00:00,2.99
2017-01-01T19:34:40+00:00,2.96
2017-01-01T19:36:17+00:00,2.96
2017-01-01T19:37:57+00:00,2.98
2017-01-01T19:39:45+00:00,2.97
2017-01-01T19:41:38+00:00,2.96
2017-01-01T19:43:20+00:00,2.95
2017-01-01T19:45:05+00:00,2.96
2017-01-01T19:46:43+00:00,2.98
2017-01-01T19:48:26+00:00,2.96
2017-01-01T19:50:11+00:00,2.96
2017-01-01T19:51:46+00:00,2.94
2017-01-01T19:53:33+00:00,2.95
2017-01-01T19:55:17+00:00,2.98
2017-01-01T19:56:53+00:00,2.98
2017-01-01T19:58:39+00:00,2.98
2017-01-01T20:00:21+00:00,2.96
2017-01-01T20:02:01+00:00,2.95
2017-01-01T20:03:52+00:00,2.95
2017-01-01T20:05:33+00:00,2.97
2017-01-01T20:07:14+00:00,2.98
2017-01-01T20:09:06+00:00,2.98
2017-01-01T20:10:45+00:00,2.98
2017-01-01T20:12:21+00:00,2.97
2017-01-01T20:14:16+00:00,2.96
2017-01-01T20:15:52+00:00,2.97
2017-01-01T20:17:33+00:00,2.97
2017-01-01T20:19:26+00:00,2.96
2017-01-01T20:21:03+00:00,2.97
2017-01-01T20:22:39+00:00,2.96
2017-01-01T20:24:35+00:00,2.98
2017-01-01T20:26:09+00:00,2.99
2017-01-01T20:27:46+00:00,3.02
2017-01-01T20:29:38+00:00,3.0
2017-01-01T20:31:16+00:00,3.01
2017-01-01T20:32:53+00:00,2.99
2017-01-01T20:34:41+00:00,3.02
2017-01-01T20:36:17+00:00,2.99
2017-01-01T20:37:56+00:00,2.99
2017-01-01T20:39:45+00:00,2.98
2017-01-01T20:41:20+00:00,3.0
2017-01-01T20:42:58+00:00,3.0
2017-01-01T20:44:51+00:00,3.0
2017-01-01T20:46:32+00:00,2.99
2017-01-01T20:48:12+00:00,3.01
2017-01-01T20:49:59+00:00,3.01
2017-01-01T20:51:34+00:00,3.0
2017-01-01T20:53:14+00:00,3.01
2017-01-01T20:55:01+00:00,3.01
2017-01-01T20:56:37+00:00,2.99
2017-01-01T20:58:19+00:00,2.98
2017-01-01T21:00:02+00:00,3.02
2017-01-01T21:01:39+00:00,3.0
2017-01-01T21:03:23+00:00,2.99
2017-01-01T21:05:08+00:00,3.02
2017-01-01T21:06:43+00:00,2.98
2017-01-01T21:08:29+00:00,2.99
2017-01-01T21:10:14+00:00,2.97
2017-01-01T21:12:05+00:00,2.99
2017-01-01T21:13:56+00:00,3.01
2017-01-01T21:15:39+00:00,3.0
2017-01-01T21:17:18+00:00,3.01
2017-01-01T21:19:11+00:00,3.01
2017-01-01T21:20:48+00:00,2.98
2017-01-01T21:22:24+00:00,3.0
2017-01-01T21:24:16+00:00,2.97
2017-01-01T21:25:52+00:00,2.98
2017-01-01T21:27:30+00:00,2.97
2017-01-01T21:29:21+00:00,4.63
2017-01-01T21:30:58+00:00,4.63
2017-01-01T21:32:36+00:00,3.01
2017-01-01T21:34:30+00:00,2.98
2017-01-01T21:36:05+00:00,3.0
2017-01-01T21:37:44+00:00,2.99
2017-01-01T21:39:36+00:00,2.98
2017-01-01T21:41:15+00:00,2.98
2017-01-01T21:42:54+00:00,2.99
2017-01-01T21:44:42+00:00,2.98
2017-01-01T21:46:17+00:00,3.0
2017-01-01T21:47:56+00:00,3.01
2017-01-01T21:49:45+00:00,3.01
2017-01-01T21:51:21+00:00,3.0
2017-01-01T21:53:12+00:00,3.0
2017-01-01T21:54:59+00:00,3.02
2017-01-01T21:56:35+00:00,3.0
2017-01-01T21:58:16+00:00,2.98
2017-01-01T22:00:04+00:00,2.98
2017-01-01T22:01:40+00:00,2.99
2017-01-01T22:03:24+00:00,3.01
2017-01-01T22:05:26+00:00,3.02
2017-01-01T22:07:04+00:00,3.01
2017-01-01T22:08:53+00:00,3.02
2017-01-01T22:10:38+00:00,3.0
2017-01-01T22:12:16+00:00,3.03
2017-01-01T22:14:06+00:00,3.03
2017-01-01T22:15:45+00:00,3.03
2017-01-01T22:17:28+00:00,3.03
2017-01-01T22:19:22+00:00,3.04
2017-01-01T22:20:58+00:00,3.03
2017-01-01T22:22:38+00:00,3.0
2017-01-01T22:24:29+00:00,3.01
2017-01-01T22:26:03+00:00,3.0
2017-01-01T22:27:41+00:00,3.01
2017-01-01T22:29:33+00:00,2.99
2017-01-01T22:31:08+00:00,3.02
2017-01-01T22:32:45+00:00,3.0
2017-01-01T22:34:38+00:00,3.0
2017-01-01T22:36:14+00:00,3.0
2017-01-01T22:37:50+00:00,3.0
2017-01-01T22:39:40+00:00,3.02
2017-01-01T22:41:18+00:00,3.02
2017-01-01T22:42:58+00:00,3.02
2017-01-01T22:44:47+00:00,2.99
2017-01-01T22:46:24+00:00,3.02
2017-01-01T22:48:09+00:00,3.01
2017-01-01T22:49:57+00:00,3.0
2017-01-01T22:51:33+00:00,3.03
2017-01-01T22:53:17+00:00,3.03
2017-01-01T22:55:03+00:00,3.0
2017-01-01T22:56:43+00:00,3.01
2017-01-01T22:58:34+00:00,2.99
2017-01-01T23:00:21+00:00,3.03
2017-01-01T23:02:00+00:00,3.01
2017-01-01T23:03:48+00:00,3.01
2017-01-01T23:05:29+00:00,3.0
2017-01-01T23:07:07+00:00,3.0
2017-01-01T23:08:57+00:00,3.0
2017-01-01T23:10:38+00:00,3.0
2017-01-01T23:12:15+00:00,3.02
2017-01-01T23:14:09+00:00,3.01
2017-01-01T23:15:48+00:00,3.01
2017-01-01T23:17:23+00:00,3.02
2017-01-01T23:19:15+00:00,3.01
2017-01-01T23:20:51+00:00,3.02
2017-01-01T23:22:31+00:00,3.02
2017-01-01T23:24:24+00:00,3.02
2017-01-01T23:26:00+00:00,3.03
2017-01-01T23:27:37+00:00,3.02
2017-01-01T23:29:31+00:00,3.0
2017-01-01T23:31:08+00:00,3.0
2017-01-01T23:32:44+00:00,2.99
2017-01-01T23:34:37+00:00,3.02
2017-01-01T23:36:13+00:00,3.01
2017-01-01T23:37:52+00:00,3.01
2017-01-01T23:39:42+00:00,2.98
2017-01-01T23:41:28+00:00,3.01
2017-01-01T23:43:12+00:00,2.99
2017-01-01T23:45:03+00:00,3.01
2017-01-01T23:46:40+00:00,3.01
2017-01-01T23:48:23+00:00,3.02
2017-01-01T23:50:12+00:00,3.01
2017-01-01T23:51:51+00:00,3.02
2017-01-01T23:53:37+00:00,3.0
2017-01-01T23:55:23+00:00,3.0
2017-01-01T23:57:01+00:00,3.01
2017-01-01T23:58:50+00:00,3.03
2017-01-02T00:00:29+00:00,3.03
2017-01-02T00:02:06+00:00,3.01
2017-01-02T00:03:56+00:00,3.0
2017-01-02T00:05:35+00:00,3.01
2017-01-02T00:07:11+00:00,3.01
2017-01-02T00:09:18+00:00,3.01
2017-01-02T00:10:57+00:00,3.01
2017-01-02T00:12:35+00:00,3.02
2017-01-02T00:14:29+00:00,3.02
2017-01-02T00:16:11+00:00,2.99
2017-01-02T00:18:17+00:00,3.01
2017-01-02T00:20:04+00:00,3.0
2017-01-02T00:21:39+00:00,2.99
2017-01-02T00:23:23+00:00,3.02
2017-01-02T00:25:08+00:00,2.99
2017-01-02T00:26:44+00:00,3.01
2017-01-02T00:28:28+00:00,3.0
2017-01-02T00:30:11+00:00,3.01
2017-01-02T00:31:47+00:00,2.98
2017-01-02T00:33:34+00:00,2.99
2017-01-02T00:35:18+00:00,3.01
2017-01-02T00:36:54+00:00,3.0
2017-01-02T00:38:59+00:00,2.99
2017-01-02T00:40:39+00:00,2.99
2017-01-02T00:42:18+00:00,2.97
2017-01-02T00:44:14+00:00,3.0
2017-01-02T00:45:53+00:00,2.97
2017-01-02T00:47:28+00:00,2.98
2017-01-02T00:49:24+00:00,3.0
2017-01-02T00:51:12+00:00,16.17
2017-01-02T00:52:50+00:00,17.26
2017-01-02T00:54:46+00:00,17.87
2017-01-02T00:56:23+00:00,18.17
2017-01-02T00:58:03+00:00,18.37
2017-01-02T00:59:51+00:00,18.43
2017-01-02T01:01:26+00:00,18.43
2017-01-02T01:03:11+00:00,18.47
2017-01-02T01:04:59+00:00,18.45
2017-01-02T01:06:34+00:00,18.4
2017-01-02T01:08:21+00:00,18.44
2017-01-02T01:10:10+00:00,18.43
2017-01-02T01:11:46+00:00,18.45
2017-01-02T01:13:29+00:00,18.4
2017-01-02T01:15:15+00:00,18.44
2017-01-02T01:16:52+00:00,18.43
2017-01-02T01:18:37+00:00,18.4
2017-01-02T01:20:22+00:00,15.98
2017-01-02T01:21:58+00:00,18.26
2017-01-02T01:23:50+00:00,18.39
2017-01-02T01:25:30+00:00,18.46
2017-01-02T01:27:07+00:00,18.47
2017-01-02T01:29:00+00:00,2.92
2017-01-02T01:30:39+00:00,2.94
2017-01-02T01:32:18+00:00,2.92
2017-01-02T01:34:20+00:00,2.97
2017-01-02T01:35:55+00:00,2.98
2017-01-02T01:37:30+00:00,4.57
2017-01-02T01:39:21+00:00,4.58
2017-01-02T01:40:57+00:00,2.96
2017-01-02T01:42:32+00:00,2.99
2017-01-02T01:44:25+00:00,2.99
2017-01-02T01:46:01+00:00,3.03
2017-01-02T01:47:42+00:00,3.03
2017-01-02T01:49:33+00:00,3.01
2017-01-02T01:51:09+00:00,3.02
2017-01-02T01:52:45+00:00,3.01
2017-01-02T01:54:37+00:00,3.01
2017-01-02T01:56:13+00:00,3.01
2017-01-02T01:57:50+00:00,3.03
2017-01-02T01:59:41+00:00,3.01
2017-01-02T02:01:17+00:00,3.01
2017-01-02T02:02:54+00:00,3.02
2017-01-02T02:04:41+00:00,3.0
2017-01-02T02:06:16+00:00,3.0
2017-01-02T02:07:57+00:00,3.01
2017-01-02T02:09:47+00:00,3.02
2017-01-02T02:11:26+00:00,2.99
2017-01-02T02:13:05+00:00,3.01
2017-01-02T02:14:51+00:00,3.03
2017-01-02T02:16:29+00:00,3.03
2017-01-02T02:18:12+00:00,3.01
2017-01-02T02:20:01+00:00,3.02
2017-01-02T02:21:36+00:00,3.03
2017-01-02T02:23:16+00:00,3.01
2017-01-02T02:25:00+00:00,3.03
2017-01-02T02:26:38+00:00,3.02
2017-01-02T02:28:24+00:00,3.02
2017-01-02T02:30:09+00:00,3.01
2017-01-02T02:31:47+00:00,3.0
2017-01-02T02:33:31+00:00,3.02
2017-01-02T02:35:14+00:00,3.02
2017-01-02T02:36:47+00:00,16.72
2017-01-02T02:38:32+00:00,16.91
2017-01-02T02:40:14+00:00,17.56
2017-01-02T02:41:49+00:00,18.01
2017-01-02T02:43:35+00:00,18.27
2017-01-02T02:45:22+00:00,18.36
2017-01-02T02:46:57+00:00,18.46
2017-01-02T02:48:49+00:00,18.45
2017-01-02T02:50:31+00:00,18.44
2017-01-02T02:52:09+00:00,18.45
2017-01-02T02:54:00+00:00,18.47
2017-01-02T02:55:38+00:00,18.48
2017-01-02T02:57:13+00:00,18.47
2017-01-02T02:59:15+00:00,18.49
2017-01-02T03:00:50+00:00,18.44
2017-01-02T03:02:28+00:00,18.5
2017-01-02T03:04:25+00:00,18.5
2017-01-02T03:06:03+00:00,18.47
2017-01-02T03:07:42+00:00,18.46
2017-01-02T03:09:35+00:00,18.52
2017-01-02T03:11:12+00:00,18.53
2017-01-02T03:12:53+00:00,18.5
2017-01-02T03:14:45+00:00,18.55
2017-01-02T03:16:22+00:00,18.54
2017-01-02T03:18:00+00:00,18.57
2017-01-02T03:19:47+00:00,18.57
2017-01-02T03:21:22+00:00,18.6
2017-01-02T03:23:03+00:00,18.58
2017-01-02T03:24:50+00:00,18.55
2017-01-02T03:26:28+00:00,18.58
2017-01-02T03:28:10+00:00,18.6
2017-01-02T03:29:55+00:00,18.56
2017-01-02T03:31:33+00:00,18.65
2017-01-02T03:33:16+00:00,18.65
2017-01-02T03:35:03+00:00,18.6
2017-01-02T03:36:43+00:00,18.61
2017-01-02T03:38:28+00:00,2.94
2017-01-02T03:40:14+00:00,2.95
2017-01-02T03:42:04+00:00,2.95
2017-01-02T03:43:51+00:00,2.97
2017-01-02T03:45:31+00:00,2.99
2017-01-02T03:47:07+00:00,3.0
2017-01-02T03:49:00+00:00,3.01
2017-01-02T03:50:38+00:00,3.01
2017-01-02T03:52:15+00:00,3.01
2017-01-02T03:54:07+00:00,3.01
2017-01-02T03:55:42+00:00,3.01
2017-01-02T03:57:18+00:00,3.03
2017-01-02T03:59:10+00:00,2.98
2017-01-02T04:00:45+00:00,2.99
2017-01-02T04:02:20+00:00,3.0
2017-01-02T04:04:15+00:00,2.99
2017-01-02T04:05:56+00:00,2.98
2017-01-02T04:07:34+00:00,3.0
2017-01-02T04:09:25+00:00,3.01
2017-01-02T04:11:00+00:00,3.02
2017-01-02T04:12:37+00:00,3.01
2017-01-02T04:14:30+00:00,3.02
2017-01-02T04:16:06+00:00,2.99
2017-01-02T04:17:44+00:00,3.01
2017-01-02T04:19:34+00:00,3.0
2017-01-02T04:21:18+00:00,3.0
2017-01-02T04:23:02+00:00,16.5
2017-01-02T04:24:51+00:00,17.01
2017-01-02T04:26:28+00:00,17.58
2017-01-02T04:28:10+00:00,18.0
2017-01-02T04:29:58+00:00,18.33
2017-01-02T04:31:35+00:00,18.42
2017-01-02T04:33:15+00:00,18.46
2017-01-02T04:35:01+00:00,18.49
2017-01-02T04:36:36+00:00,18.49
2017-01-02T04:38:18+00:00,18.45
2017-01-02T04:40:04+00:00,18.49
2017-01-02T04:41:40+00:00,18.5
2017-01-02T04:43:26+00:00,18.52
2017-01-02T04:45:15+00:00,18.5
2017-01-02T04:46:51+00:00,18.54
2017-01-02T04:48:34+00:00,18.57
2017-01-02T04:50:20+00:00,18.53
2017-01-02T04:51:58+00:00,18.57
2017-01-02T04:53:46+00:00,18.55
2017-01-02T04:55:25+00:00,18.6
2017-01-02T04:57:10+00:00,18.57
2017-01-02T04:59:49+00:00,18.61
2017-01-02T05:07:23+00:00,18.6
2017-01-02T05:09:20+00:00,18.65
2017-01-02T05:11:11+00:00,18.65
2017-01-02T05:13:15+00:00,18.67
2017-01-02T05:24:54+00:00,2.97
2017-01-02T05:26:46+00:00,3.0
2017-01-02T05:28:54+00:00,2.98
2017-01-02T05:31:16+00:00,2.98
2017-01-02T05:45:14+00:00,3.01
2017-01-02T05:47:47+00:00,4.66
2017-01-02T05:50:32+00:00,3.03
2017-01-02T05:53:06+00:00,3.01
2017-01-02T09:06:45+00:00,3.01
2017-01-02T09:08:29+00:00,3.0
2017-01-02T09:10:13+00:00,2.99
2017-01-02T09:11:56+00:00,3.01
2017-01-02T09:13:40+00:00,3.01
2017-01-02T09:15:23+00:00,16.5
2017-01-02T09:16:57+00:00,17.22
2017-01-02T09:18:42+00:00,17.75
2017-01-02T09:20:23+00:00,18.19
2017-01-02T09:21:56+00:00,18.4
2017-01-02T09:23:41+00:00,18.53
2017-01-02T09:25:20+00:00,18.52
2017-01-02T09:26:54+00:00,18.56
2017-01-02T09:28:39+00:00,18.53
2017-01-02T09:30:21+00:00,18.54
2017-01-02T09:31:56+00:00,18.53
2017-01-02T09:33:40+00:00,18.61
2017-01-02T09:35:21+00:00,18.62
2017-01-02T09:36:55+00:00,18.57
2017-01-02T09:38:40+00:00,18.58
2017-01-02T09:40:21+00:00,18.58
2017-01-02T09:41:54+00:00,18.6
2017-01-02T09:43:38+00:00,18.63
2017-01-02T09:45:20+00:00,18.61
2017-01-02T09:46:54+00:00,18.61
2017-01-02T09:48:38+00:00,18.63
2017-01-02T09:50:23+00:00,20.3
2017-01-02T09:51:58+00:00,20.27
2017-01-02T09:53:44+00:00,18.67
2017-01-02T09:55:24+00:00,18.68
2017-01-02T09:56:59+00:00,18.66
2017-01-02T09:58:44+00:00,18.7
2017-01-02T10:00:24+00:00,18.66
2017-01-02T10:02:02+00:00,18.71
2017-01-02T10:03:49+00:00,18.68
2017-01-02T10:05:31+00:00,18.67
2017-01-02T10:07:07+00:00,18.7
2017-01-02T10:08:56+00:00,18.71
2017-01-02T10:10:39+00:00,18.72
2017-01-02T10:12:15+00:00,18.73
2017-01-02T10:14:06+00:00,18.72
2017-01-02T10:15:45+00:00,18.73
2017-01-02T10:17:21+00:00,2.92
2017-01-02T10:19:14+00:00,2.96
2017-01-02T10:20:49+00:00,2.93
2017-01-02T10:22:25+00:00,2.96
2017-01-02T10:24:16+00:00,2.96
2017-01-02T10:25:51+00:00,2.98
2017-01-02T10:27:27+00:00,2.99
2017-01-02T10:29:16+00:00,3.0
2017-01-02T10:31:46+00:00,3.0
2017-01-02T10:34:05+00:00,3.0
2017-01-02T10:36:32+00:00,3.01
2017-01-02T10:38:43+00:00,2.97
2017-01-02T10:41:12+00:00,2.98
2017-01-02T10:43:26+00:00,2.96
2017-01-02T10:45:17+00:00,2.97
2017-01-02T10:46:57+00:00,2.98
2017-01-02T10:48:46+00:00,2.98
2017-01-02T10:50:29+00:00,2.97
2017-01-02T10:52:06+00:00,3.01
2017-01-02T10:53:57+00:00,3.0
2017-01-02T10:55:38+00:00,2.97
2017-01-02T10:57:25+00:00,10.77
2017-01-02T10:59:20+00:00,11.33
2017-01-02T11:00:57+00:00,11.57
2017-01-02T11:02:40+00:00,17.36
2017-01-02T11:04:36+00:00,18.1
2017-01-02T11:06:23+00:00,18.35
2017-01-02T11:08:05+00:00,18.5
2017-01-02T11:09:58+00:00,18.45
2017-01-02T11:11:38+00:00,18.53
2017-01-02T11:13:29+00:00,18.54
2017-01-02T11:15:27+00:00,18.51
2017-01-02T11:17:06+00:00,18.57
2017-01-02T11:19:01+00:00,18.52
2017-01-02T11:20:41+00:00,18.52
2017-01-02T11:22:18+00:00,18.49
2017-01-02T11:24:13+00:00,18.58
2017-01-02T11:25:49+00:00,18.61
2017-01-02T11:27:25+00:00,18.61
2017-01-02T11:29:19+00:00,18.61
2017-01-02T11:30:58+00:00,18.59
2017-01-02T11:32:49+00:00,18.65
2017-01-02T11:35:25+00:00,18.64
2017-01-02T11:37:08+00:00,18.65
2017-01-02T11:38:58+00:00,18.62
2017-01-02T11:40:44+00:00,18.65
2017-01-02T11:42:25+00:00,18.69
2017-01-02T11:44:21+00:00,18.63
2017-01-02T11:46:04+00:00,18.63
2017-01-02T11:47:45+00:00,18.65
2017-01-02T11:49:42+00:00,2.9
2017-01-02T11:51:22+00:00,2.91
2017-01-02T11:53:06+00:00,2.95
2017-01-02T11:54:57+00:00,2.95
2017-01-02T11:56:35+00:00,2.94
2017-01-02T11:58:18+00:00,2.94
2017-01-02T12:00:11+00:00,2.95
2017-01-02T12:01:52+00:00,2.94
2017-01-02T12:03:55+00:00,2.97
2017-01-02T12:05:43+00:00,2.94
2017-01-02T12:07:30+00:00,2.98
2017-01-02T12:09:28+00:00,2.96
2017-01-02T12:11:34+00:00,2.95
2017-01-02T12:13:30+00:00,2.96
2017-01-02T12:15:24+00:00,2.96
2017-01-02T12:17:04+00:00,2.96
2017-01-02T12:18:54+00:00,2.96
2017-01-02T12:20:46+00:00,2.96
2017-01-02T12:22:26+00:00,2.97
2017-01-02T12:24:19+00:00,2.99
2017-01-02T12:26:03+00:00,10.99
2017-01-02T12:27:58+00:00,11.39
2017-01-02T12:29:48+00:00,17.32
2017-01-02T12:31:24+00:00,17.64
2017-01-02T12:33:04+00:00,18.14
2017-01-02T12:35:04+00:00,18.4
2017-01-02T12:36:39+00:00,18.57
2017-01-02T12:38:23+00:00,18.6
2017-01-02T12:40:08+00:00,18.61
2017-01-02T12:41:43+00:00,18.56
2017-01-02T12:43:26+00:00,18.61
2017-01-02T12:45:12+00:00,18.58
2017-01-02T12:46:49+00:00,18.61
2017-01-02T12:48:34+00:00,18.57
2017-01-02T12:50:15+00:00,18.65
2017-01-02T12:51:51+00:00,18.62
2017-01-02T12:53:37+00:00,18.63
2017-01-02T12:55:20+00:00,18.63
2017-01-02T12:57:04+00:00,18.62
2017-01-02T12:58:51+00:00,18.59
2017-01-02T13:01:11+00:00,18.65
2017-01-02T13:02:47+00:00,18.64
2017-01-02T13:04:40+00:00,18.63
2017-01-02T13:06:15+00:00,18.66
2017-01-02T13:07:54+00:00,18.67
2017-01-02T13:09:44+00:00,18.65
2017-01-02T13:11:18+00:00,18.66
2017-01-02T13:12:55+00:00,18.65
2017-01-02T13:14:47+00:00,18.67
2017-01-02T13:16:21+00:00,18.69
2017-01-02T13:17:58+00:00,18.71
2017-01-02T13:19:45+00:00,18.71
2017-01-02T13:21:19+00:00,18.69
2017-01-02T13:22:56+00:00,2.9
2017-01-02T13:24:55+00:00,2.9
2017-01-02T13:26:30+00:00,2.93
2017-01-02T13:28:13+00:00,2.93
2017-01-02T13:30:00+00:00,2.93
2017-01-02T13:31:40+00:00,2.94
2017-01-02T13:33:21+00:00,2.95
2017-01-02T13:35:06+00:00,2.95
2017-01-02T13:36:46+00:00,2.96
2017-01-02T13:38:28+00:00,2.96
2017-01-02T13:40:12+00:00,2.96
2017-01-02T13:41:45+00:00,2.98
2017-01-02T13:43:26+00:00,2.95
2017-01-02T13:45:09+00:00,2.97
2017-01-02T13:46:41+00:00,2.97
2017-01-02T13:48:23+00:00,2.96
2017-01-02T13:50:06+00:00,2.97
2017-01-02T13:51:40+00:00,4.59
2017-01-02T13:53:22+00:00,4.59
2017-01-02T13:55:04+00:00,2.96
2017-01-02T13:56:38+00:00,16.79
2017-01-02T13:58:20+00:00,17.52
2017-01-02T14:00:02+00:00,18.06
2017-01-02T14:01:37+00:00,18.28
2017-01-02T14:03:16+00:00,18.47
2017-01-02T14:05:03+00:00,18.47
2017-01-02T14:06:36+00:00,18.52
2017-01-02T14:08:16+00:00,18.57
2017-01-02T14:10:03+00:00,18.54
2017-01-02T14:11:37+00:00,18.53
2017-01-02T14:13:15+00:00,18.58
2017-01-02T14:15:01+00:00,18.57
2017-01-02T14:16:35+00:00,18.58
2017-01-02T14:18:27+00:00,18.57
2017-01-02T14:20:11+00:00,18.57
2017-01-02T14:21:47+00:00,18.58
2017-01-02T14:23:29+00:00,18.57
2017-01-02T14:25:12+00:00,18.58
2017-01-02T14:26:46+00:00,18.59
2017-01-02T14:28:29+00:00,18.56
2017-01-02T14:30:10+00:00,18.58
2017-01-02T14:31:54+00:00,18.55
2017-01-02T14:33:37+00:00,18.61
2017-01-02T14:35:19+00:00,18.61
2017-01-02T14:37:02+00:00,18.63
2017-01-02T14:38:47+00:00,18.6
2017-01-02T14:40:25+00:00,18.6
2017-01-02T14:41:59+00:00,18.59
2017-01-02T14:43:42+00:00,18.6
2017-01-02T14:45:24+00:00,18.63
2017-01-02T14:46:57+00:00,18.63
2017-01-02T14:48:40+00:00,18.66
2017-01-02T14:50:23+00:00,2.93
2017-01-02T14:51:57+00:00,2.93
2017-01-02T14:53:44+00:00,2.95
2017-01-02T14:55:25+00:00,2.95
2017-01-02T14:56:59+00:00,2.94
2017-01-02T14:58:45+00:00,2.97
2017-01-02T15:00:24+00:00,2.95
2017-01-02T15:01:59+00:00,2.97
2017-01-02T15:03:42+00:00,2.99
2017-01-02T15:05:25+00:00,2.97
2017-01-02T15:06:59+00:00,2.97
2017-01-02T15:08:45+00:00,2.98
2017-01-02T15:10:26+00:00,2.99
2017-01-02T15:12:01+00:00,2.98
2017-01-02T15:13:47+00:00,2.98
2017-01-02T15:15:28+00:00,3.0
2017-01-02T15:17:02+00:00,2.98
2017-01-02T15:18:47+00:00,2.99
2017-01-02T15:20:26+00:00,3.01
2017-01-02T15:21:58+00:00,3.01
2017-01-02T15:23:54+00:00,2.99
2017-01-02T15:25:29+00:00,11.0
2017-01-02T15:27:03+00:00,11.37
2017-01-02T15:28:49+00:00,11.62
2017-01-02T15:30:28+00:00,17.37
2017-01-02T15:32:02+00:00,17.91
2017-01-02T15:33:51+00:00,18.3
2017-01-02T15:35:28+00:00,18.47
2017-01-02T15:37:01+00:00,18.49
2017-01-02T15:38:48+00:00,18.55
2017-01-02T15:40:27+00:00,18.54
2017-01-02T15:42:01+00:00,18.55
2017-01-02T15:43:47+00:00,18.57
2017-01-02T15:45:27+00:00,18.59
2017-01-02T15:47:00+00:00,18.63
2017-01-02T15:48:45+00:00,18.58
2017-01-02T15:50:24+00:00,18.64
2017-01-02T15:51:58+00:00,18.64
2017-01-02T15:53:41+00:00,18.63
2017-01-02T15:55:23+00:00,18.66
2017-01-02T15:56:57+00:00,18.64
2017-01-02T15:58:41+00:00,18.63
2017-01-02T16:00:25+00:00,18.64
2017-01-02T16:02:02+00:00,18.68
2017-01-02T16:03:48+00:00,18.68
2017-01-02T16:05:29+00:00,18.7
2017-01-02T16:07:03+00:00,18.74
2017-01-02T16:08:50+00:00,18.76
2017-01-02T16:10:30+00:00,18.7
2017-01-02T16:12:05+00:00,18.69
2017-01-02T16:13:54+00:00,18.72
2017-01-02T16:15:34+00:00,18.65
2017-01-02T16:17:09+00:00,18.75
2017-01-02T16:19:19+00:00,2.91
2017-01-02T16:20:54+00:00,2.91
2017-01-02T16:22:28+00:00,2.91
2017-01-02T16:24:18+00:00,2.94
2017-01-02T16:25:53+00:00,2.94
2017-01-02T16:27:29+00:00,2.93
2017-01-02T16:29:20+00:00,2.95
2017-01-02T16:30:53+00:00,2.95
2017-01-02T16:32:29+00:00,2.94
2017-01-02T16:34:22+00:00,2.94
2017-01-02T16:35:56+00:00,2.95
2017-01-02T16:37:33+00:00,2.95
2017-01-02T16:39:27+00:00,2.96
2017-01-02T16:41:02+00:00,2.98
2017-01-02T16:42:39+00:00,2.97
2017-01-02T16:44:38+00:00,3.0
2017-01-02T16:46:26+00:00,2.97
2017-01-02T16:48:09+00:00,2.97
2017-01-02T16:49:54+00:00,2.99
2017-01-02T16:51:29+00:00,2.98
2017-01-02T16:53:10+00:00,2.98
2017-01-02T16:54:57+00:00,11.01
2017-01-02T16:56:31+00:00,11.44
2017-01-02T16:58:12+00:00,11.67
2017-01-02T16:59:59+00:00,17.57
2017-01-02T17:01:34+00:00,18.19
2017-01-02T17:03:16+00:00,18.39
2017-01-02T17:05:04+00:00,18.7
2017-01-02T17:06:40+00:00,18.81
2017-01-02T17:08:34+00:00,18.73
2017-01-02T17:10:17+00:00,18.84
2017-01-02T17:11:53+00:00,18.88
2017-01-02T17:13:39+00:00,18.86
2017-01-02T17:15:23+00:00,18.81
2017-01-02T17:16:58+00:00,18.85
2017-01-02T17:18:41+00:00,18.9
2017-01-02T17:20:26+00:00,18.74
2017-01-02T17:22:00+00:00,18.79
2017-01-02T17:23:45+00:00,18.79
2017-01-02T17:25:27+00:00,18.99
2017-01-02T17:27:02+00:00,18.95
2017-01-02T17:28:50+00:00,19.0
2017-01-02T17:30:31+00:00,19.02
2017-01-02T17:32:06+00:00,19.0
2017-01-02T17:33:52+00:00,18.89
2017-01-02T17:35:31+00:00,18.94
2017-01-02T17:37:07+00:00,18.96
2017-01-02T17:39:01+00:00,19.03
2017-01-02T17:40:40+00:00,19.02
2017-01-02T17:42:15+00:00,2.92
2017-01-02T17:44:11+00:00,2.93
2017-01-02T17:45:46+00:00,2.94
2017-01-02T17:47:22+00:00,2.96
2017-01-02T17:49:14+00:00,2.96
2017-01-02T17:50:48+00:00,2.96
2017-01-02T17:52:25+00:00,2.97
2017-01-02T17:54:19+00:00,2.97
2017-01-02T17:55:55+00:00,2.97
2017-01-02T17:57:33+00:00,2.97
2017-01-02T17:59:27+00:00,2.98
2017-01-02T18:01:02+00:00,2.98
2017-01-02T18:02:38+00:00,2.97
2017-01-02T18:04:30+00:00,4.63
2017-01-02T18:06:07+00:00,4.63
2017-01-02T18:08:05+00:00,2.98
2017-01-02T18:09:56+00:00,3.0
2017-01-02T18:11:31+00:00,2.99
2017-01-02T18:13:14+00:00,3.01
2017-01-02T18:15:03+00:00,2.99
2017-01-02T18:16:39+00:00,3.0
2017-01-02T18:18:23+00:00,3.0
2017-01-02T18:20:08+00:00,3.0
2017-01-02T18:21:42+00:00,3.02
2017-01-02T18:23:26+00:00,3.02
2017-01-02T18:25:13+00:00,11.03
2017-01-02T18:26:48+00:00,11.51
2017-01-02T18:28:56+00:00,11.71
2017-01-02T18:30:36+00:00,17.89
2017-01-02T18:32:11+00:00,18.24
2017-01-02T18:34:14+00:00,18.62
2017-01-02T18:35:50+00:00,18.73
2017-01-02T18:37:25+00:00,18.86
2017-01-02T18:39:18+00:00,18.9
2017-01-02T18:40:53+00:00,18.88
2017-01-02T18:42:28+00:00,18.9
2017-01-02T18:44:20+00:00,18.94
2017-01-02T18:45:54+00:00,18.91
2017-01-02T18:47:31+00:00,18.82
2017-01-02T18:49:24+00:00,18.92
2017-01-02T18:50:59+00:00,18.94
2017-01-02T18:52:36+00:00,18.92
2017-01-02T18:54:28+00:00,18.93
2017-01-02T18:56:02+00:00,18.77
2017-01-02T18:57:39+00:00,18.72
2017-01-02T18:59:41+00:00,18.97
2017-01-02T19:01:17+00:00,18.93
2017-01-02T19:02:54+00:00,18.85
2017-01-02T19:04:51+00:00,2.93
2017-01-02T19:06:26+00:00,2.94
2017-01-02T19:08:06+00:00,2.94
2017-01-02T19:09:56+00:00,2.96
2017-01-02T19:11:32+00:00,2.97
2017-01-02T19:13:15+00:00,2.96
2017-01-02T19:15:02+00:00,2.98
2017-01-02T19:16:45+00:00,2.98
2017-01-02T19:18:30+00:00,3.0
2017-01-02T19:20:12+00:00,2.99
2017-01-02T19:21:47+00:00,2.99
2017-01-02T19:23:34+00:00,2.97
2017-01-02T19:25:17+00:00,3.01
2017-01-02T19:26:52+00:00,3.01
2017-01-02T19:28:36+00:00,2.98
2017-01-02T19:30:28+00:00,3.0
2017-01-02T19:32:03+00:00,3.01
2017-01-02T19:33:52+00:00,3.0
2017-01-02T19:35:32+00:00,3.0
2017-01-02T19:37:06+00:00,3.0
2017-01-02T19:38:55+00:00,3.01
2017-01-02T19:40:31+00:00,2.98
2017-01-02T19:42:06+00:00,3.0
2017-01-02T19:43:54+00:00,3.0
2017-01-02T19:45:36+00:00,2.99
2017-01-02T19:47:31+00:00,3.0
2017-01-02T19:49:20+00:00,2.99
2017-01-02T19:51:06+00:00,2.98
2017-01-02T19:52:42+00:00,3.01
2017-01-02T19:54:33+00:00,3.01
2017-01-02T19:56:07+00:00,3.01
2017-01-02T19:57:43+00:00,3.02
2017-01-02T19:59:36+00:00,3.0
2017-01-02T20:01:11+00:00,3.02
2017-01-02T20:02:47+00:00,2.98
2017-01-02T20:04:39+00:00,2.99
2017-01-02T20:06:16+00:00,3.01
2017-01-02T20:07:53+00:00,3.01
2017-01-02T20:09:46+00:00,3.0
2017-01-02T20:11:21+00:00,11.0
2017-01-02T20:12:59+00:00,11.51
2017-01-02T20:14:49+00:00,11.77
2017-01-02T20:16:25+00:00,17.78
2017-01-02T20:18:06+00:00,18.38
2017-01-02T20:19:53+00:00,18.63
2017-01-02T20:21:27+00:00,18.82
2017-01-02T20:23:10+00:00,18.88
2017-01-02T20:24:57+00:00,18.88
2017-01-02T20:26:33+00:00,18.96
2017-01-02T20:28:13+00:00,18.89
2017-01-02T20:30:00+00:00,18.91
2017-01-02T20:31:35+00:00,18.98
2017-01-02T20:33:18+00:00,18.97
2017-01-02T20:35:02+00:00,19.02
2017-01-02T20:36:37+00:00,19.0
2017-01-02T20:38:17+00:00,18.96
2017-01-02T20:40:01+00:00,18.99
2017-01-02T20:41:36+00:00,19.01
2017-01-02T20:43:20+00:00,19.04
2017-01-02T20:45:07+00:00,19.02
2017-01-02T20:46:43+00:00,19.02
2017-01-02T20:48:26+00:00,2.95
2017-01-02T20:50:13+00:00,2.97
2017-01-02T20:51:48+00:00,2.97
2017-01-02T20:53:34+00:00,2.99
2017-01-02T20:55:16+00:00,2.98
2017-01-02T20:57:01+00:00,2.98
2017-01-02T20:58:48+00:00,2.99
2017-01-02T21:00:28+00:00,2.99
2017-01-02T21:02:04+00:00,2.99
2017-01-02T21:03:50+00:00,2.98
2017-01-02T21:05:30+00:00,2.99
2017-01-02T21:07:06+00:00,2.99
2017-01-02T21:08:56+00:00,2.99
2017-01-02T21:10:45+00:00,3.0
2017-01-02T21:12:41+00:00,2.99
2017-01-02T21:14:31+00:00,2.99
2017-01-02T21:16:05+00:00,3.0
2017-01-02T21:17:42+00:00,3.01
2017-01-02T21:19:35+00:00,3.03
2017-01-02T21:21:09+00:00,3.02
2017-01-02T21:22:46+00:00,3.02
2017-01-02T21:24:36+00:00,3.01
2017-01-02T21:26:11+00:00,3.03
2017-01-02T21:27:47+00:00,3.02
2017-01-02T21:29:38+00:00,3.01
2017-01-02T21:31:19+00:00,3.0
2017-01-02T21:32:57+00:00,3.03
2017-01-02T21:34:47+00:00,3.02
2017-01-02T21:36:24+00:00,3.03
2017-01-02T21:38:03+00:00,3.02
2017-01-02T21:39:53+00:00,3.03
2017-01-02T21:41:27+00:00,3.03
2017-01-02T21:43:08+00:00,3.01
2017-01-02T21:44:56+00:00,3.04
2017-01-02T21:46:32+00:00,3.03
2017-01-02T21:48:37+00:00,3.0
2017-01-02T21:50:21+00:00,3.01
2017-01-02T21:51:56+00:00,3.0
2017-01-02T21:53:43+00:00,3.01
2017-01-02T21:55:24+00:00,2.99
2017-01-02T21:56:59+00:00,3.01
2017-01-02T21:58:58+00:00,3.01
2017-01-02T22:00:34+00:00,2.99
2017-01-02T22:02:09+00:00,3.0
2017-01-02T22:04:06+00:00,2.99
2017-01-02T22:05:42+00:00,3.0
2017-01-02T22:07:17+00:00,3.0
2017-01-02T22:09:09+00:00,4.64
2017-01-02T22:10:44+00:00,4.65
2017-01-02T22:12:19+00:00,3.02
2017-01-02T22:14:12+00:00,2.99
2017-01-02T22:15:50+00:00,2.98
2017-01-02T22:17:26+00:00,2.97
2017-01-02T22:19:17+00:00,2.98
2017-01-02T22:20:51+00:00,2.99
2017-01-02T22:22:26+00:00,2.97
2017-01-02T22:24:16+00:00,2.98
2017-01-02T22:25:51+00:00,2.98
2017-01-02T22:27:26+00:00,11.22
2017-01-02T22:29:19+00:00,11.6
2017-01-02T22:30:53+00:00,11.8
2017-01-02T22:32:41+00:00,17.79
2017-01-02T22:34:35+00:00,18.45
2017-01-02T22:36:09+00:00,18.69
2017-01-02T22:37:45+00:00,18.83
2017-01-02T22:39:37+00:00,18.92
2017-01-02T22:41:13+00:00,18.92
2017-01-02T22:42:51+00:00,18.95
2017-01-02T22:44:42+00:00,18.84
2017-01-02T22:46:17+00:00,18.98
2017-01-02T22:48:30+00:00,18.96
2017-01-02T22:50:12+00:00,18.9
2017-01-02T22:51:46+00:00,19.0
2017-01-02T22:53:40+00:00,19.02
2017-01-02T22:55:21+00:00,18.89
2017-01-02T22:56:56+00:00,19.01
2017-01-02T22:58:44+00:00,19.0
2017-01-02T23:00:24+00:00,2.92
2017-01-02T23:02:00+00:00,2.92
2017-01-02T23:03:45+00:00,2.94
2017-01-02T23:05:26+00:00,2.95
2017-01-02T23:07:01+00:00,2.95
2017-01-02T23:08:47+00:00,2.95
2017-01-02T23:10:28+00:00,2.96
2017-01-02T23:12:03+00:00,2.98
2017-01-02T23:13:52+00:00,2.98
2017-01-02T23:15:30+00:00,2.98
2017-01-02T23:17:05+00:00,2.98
2017-01-02T23:18:52+00:00,2.97
2017-01-02T23:20:31+00:00,2.98
2017-01-02T23:22:04+00:00,2.96
2017-01-02T23:23:51+00:00,3.0
2017-01-02T23:25:31+00:00,2.98
2017-01-02T23:27:06+00:00,2.96
2017-01-02T23:28:50+00:00,2.97
2017-01-02T23:30:31+00:00,2.99
2017-01-02T23:32:05+00:00,2.97
2017-01-02T23:33:56+00:00,2.98
2017-01-02T23:35:33+00:00,2.99
2017-01-02T23:37:08+00:00,2.97
2017-01-02T23:38:54+00:00,2.98
2017-01-02T23:40:33+00:00,2.97
2017-01-02T23:42:10+00:00,2.96
2017-01-02T23:44:02+00:00,2.97
2017-01-02T23:45:39+00:00,2.99
2017-01-02T23:47:14+00:00,2.96
2017-01-02T23:49:04+00:00,2.99
2017-01-02T23:50:41+00:00,2.99
2017-01-02T23:52:19+00:00,2.98
2017-01-02T23:54:18+00:00,2.98
2017-01-02T23:55:52+00:00,2.97
2017-01-02T23:57:27+00:00,2.99
2017-01-02T23:59:17+00:00,2.99
2017-01-03T00:00:52+00:00,2.99
2017-01-03T00:02:26+00:00,3.0
2017-01-03T00:04:17+00:00,3.02
2017-01-03T00:05:52+00:00,3.01
2017-01-03T00:07:29+00:00,3.0
2017-01-03T00:09:23+00:00,3.01
2017-01-03T00:10:57+00:00,3.02
2017-01-03T00:12:33+00:00,3.0
2017-01-03T00:14:24+00:00,3.0
2017-01-03T00:16:00+00:00,3.01
2017-01-03T00:18:09+00:00,2.99
2017-01-03T00:19:58+00:00,3.01
2017-01-03T00:21:33+00:00,3.01
2017-01-03T00:23:13+00:00,3.01
2017-01-03T00:25:01+00:00,2.99
2017-01-03T00:26:36+00:00,3.01
2017-01-03T00:28:16+00:00,3.0
2017-01-03T00:30:05+00:00,2.98
2017-01-03T00:31:40+00:00,3.0
2017-01-03T00:33:27+00:00,2.97
2017-01-03T00:35:12+00:00,3.0
2017-01-03T00:36:47+00:00,2.99
2017-01-03T00:38:35+00:00,3.0
2017-01-03T00:40:17+00:00,2.99
2017-01-03T00:41:51+00:00,2.99
2017-01-03T00:43:37+00:00,3.02
2017-01-03T00:45:20+00:00,3.0
2017-01-03T00:46:57+00:00,3.0
2017-01-03T00:48:42+00:00,3.03
2017-01-03T00:50:23+00:00,2.98
2017-01-03T00:51:59+00:00,3.01
2017-01-03T00:53:45+00:00,3.0
2017-01-03T00:55:34+00:00,3.01
2017-01-03T00:57:10+00:00,2.99
2017-01-03T00:59:01+00:00,3.01
2017-01-03T01:00:38+00:00,3.02
2017-01-03T01:02:13+00:00,3.03
2017-01-03T01:04:07+00:00,3.02
2017-01-03T01:05:43+00:00,3.02
2017-01-03T01:07:20+00:00,3.01
2017-01-03T01:09:13+00:00,3.02
2017-01-03T01:10:51+00:00,3.13
2017-01-03T01:12:27+00:00,3.04
2017-01-03T01:14:19+00:00,3.03
2017-01-03T01:15:56+00:00,3.04
2017-01-03T01:17:34+00:00,3.03
2017-01-03T01:19:27+00:00,16.94
2017-01-03T01:21:02+00:00,17.78
2017-01-03T01:22:37+00:00,18.23
2017-01-03T01:24:30+00:00,18.63
2017-01-03T01:26:05+00:00,18.92
2017-01-03T01:27:40+00:00,18.9
2017-01-03T01:29:35+00:00,18.9
2017-01-03T01:31:10+00:00,18.95
2017-01-03T01:32:46+00:00,18.98
2017-01-03T01:34:38+00:00,18.96
2017-01-03T01:36:11+00:00,18.98
2017-01-03T01:37:48+00:00,18.92
2017-01-03T01:39:38+00:00,18.95
2017-01-03T01:41:14+00:00,18.98
2017-01-03T01:42:54+00:00,18.97
2017-01-03T01:44:44+00:00,18.94
2017-01-03T01:46:18+00:00,18.99
2017-01-03T01:47:54+00:00,18.96
2017-01-03T01:49:43+00:00,18.99
2017-01-03T01:51:27+00:00,19.01
2017-01-03T01:53:09+00:00,18.98
2017-01-03T01:54:56+00:00,18.94
2017-01-03T01:56:32+00:00,2.95
2017-01-03T01:58:12+00:00,2.97
2017-01-03T02:00:01+00:00,2.97
2017-01-03T02:01:39+00:00,3.0
2017-01-03T02:03:21+00:00,3.0
2017-01-03T02:05:06+00:00,3.02
2017-01-03T02:06:41+00:00,3.0
2017-01-03T02:08:26+00:00,2.99
2017-01-03T02:10:12+00:00,2.98
2017-01-03T02:11:48+00:00,4.67
2017-01-03T02:13:31+00:00,4.67
2017-01-03T02:15:19+00:00,3.04
2017-01-03T02:16:54+00:00,3.0
2017-01-03T02:18:41+00:00,3.02
2017-01-03T02:20:28+00:00,3.01
2017-01-03T02:22:10+00:00,3.03
2017-01-03T02:23:58+00:00,3.03
2017-01-03T02:25:36+00:00,3.01
2017-01-03T02:27:13+00:00,3.0
2017-01-03T02:29:17+00:00,3.05
2017-01-03T02:30:51+00:00,3.01
2017-01-03T02:32:26+00:00,3.01
2017-01-03T02:34:18+00:00,3.05
2017-01-03T02:35:54+00:00,3.05
2017-01-03T02:37:29+00:00,3.02
2017-01-03T02:39:19+00:00,3.03
2017-01-03T02:40:54+00:00,2.94
2017-01-03T02:42:31+00:00,3.02
2017-01-03T02:44:23+00:00,3.0
2017-01-03T02:45:57+00:00,2.97
2017-01-03T02:47:32+00:00,2.99
2017-01-03T02:49:23+00:00,3.0
2017-01-03T02:50:58+00:00,3.0
2017-01-03T02:52:34+00:00,2.99
2017-01-03T02:54:25+00:00,3.0
2017-01-03T02:56:00+00:00,2.99
2017-01-03T02:57:34+00:00,2.99
2017-01-03T02:59:28+00:00,3.01
2017-01-03T03:01:04+00:00,2.99
2017-01-03T03:02:40+00:00,3.02
2017-01-03T03:04:43+00:00,3.0
2017-01-03T03:06:18+00:00,3.0
2017-01-03T03:07:56+00:00,2.99
2017-01-03T03:09:48+00:00,3.0
2017-01-03T03:11:32+00:00,3.02
2017-01-03T03:13:12+00:00,3.0
2017-01-03T03:15:00+00:00,3.01
2017-01-03T03:16:35+00:00,16.71
2017-01-03T03:18:16+00:00,17.63
2017-01-03T03:20:04+00:00,18.17
2017-01-03T03:21:38+00:00,18.58
2017-01-03T03:23:19+00:00,18.84
2017-01-03T03:25:08+00:00,18.83
2017-01-03T03:26:42+00:00,18.79
2017-01-03T03:28:24+00:00,18.85
2017-01-03T03:30:26+00:00,18.88
2017-01-03T03:32:01+00:00,18.85
2017-01-03T03:33:48+00:00,18.91
2017-01-03T03:35:28+00:00,18.9
2017-01-03T03:37:03+00:00,18.88
2017-01-03T03:38:50+00:00,18.9
2017-01-03T03:40:29+00:00,18.92
2017-01-03T03:42:04+00:00,18.92
2017-01-03T03:43:51+00:00,18.81
2017-01-03T03:45:29+00:00,18.83
2017-01-03T03:47:05+00:00,18.83
2017-01-03T03:48:52+00:00,18.85
2017-01-03T03:50:32+00:00,18.87
2017-01-03T03:52:08+00:00,18.81
2017-01-03T03:53:55+00:00,18.75
2017-01-03T03:55:39+00:00,2.92
2017-01-03T03:57:15+00:00,2.94
2017-01-03T03:59:07+00:00,2.95
2017-01-03T04:00:44+00:00,2.97
2017-01-03T04:02:19+00:00,2.96
2017-01-03T04:04:09+00:00,2.99
2017-01-03T04:05:47+00:00,2.98
2017-01-03T04:07:28+00:00,2.95
2017-01-03T04:09:19+00:00,3.01
2017-01-03T04:10:53+00:00,3.01
2017-01-03T04:12:28+00:00,2.98
2017-01-03T04:14:21+00:00,2.99
2017-01-03T04:15:56+00:00,2.99
2017-01-03T04:17:31+00:00,3.0
2017-01-03T04:19:22+00:00,3.0
2017-01-03T04:20:55+00:00,2.99
2017-01-03T04:22:32+00:00,3.01
2017-01-03T04:24:23+00:00,3.04
2017-01-03T04:25:59+00:00,3.01
2017-01-03T04:27:34+00:00,3.04
2017-01-03T04:29:28+00:00,3.02
2017-01-03T04:31:02+00:00,3.0
2017-01-03T04:32:37+00:00,3.03
2017-01-03T04:34:27+00:00,3.04
2017-01-03T04:36:01+00:00,3.01
2017-01-03T04:37:38+00:00,3.01
2017-01-03T04:39:40+00:00,2.99
2017-01-03T04:41:14+00:00,10.87
2017-01-03T04:42:49+00:00,11.17
2017-01-03T04:44:48+00:00,11.55
2017-01-03T04:46:22+00:00,17.21
2017-01-03T04:48:01+00:00,17.92
2017-01-03T04:49:49+00:00,18.36
2017-01-03T04:51:24+00:00,18.57
2017-01-03T04:53:01+00:00,18.71
2017-01-03T04:54:51+00:00,18.77
2017-01-03T04:56:26+00:00,18.75
2017-01-03T04:58:07+00:00,18.8
2017-01-03T04:59:57+00:00,18.73
2017-01-03T05:01:46+00:00,18.77
2017-01-03T05:03:54+00:00,18.82
2017-01-03T05:09:06+00:00,18.84
2017-01-03T05:10:48+00:00,18.83
2017-01-03T05:12:23+00:00,18.82
2017-01-03T05:14:18+00:00,18.83
2017-01-03T05:15:54+00:00,18.89
2017-01-03T05:17:34+00:00,18.84
2017-01-03T05:19:28+00:00,18.8
2017-01-03T05:21:05+00:00,18.87
2017-01-03T05:22:48+00:00,18.82
2017-01-03T05:24:48+00:00,18.84
2017-01-03T05:26:34+00:00,2.95
2017-01-03T05:28:20+00:00,2.94
2017-01-03T05:30:11+00:00,2.95
2017-01-03T05:31:57+00:00,2.98
2017-01-03T05:34:02+00:00,2.97
2017-01-03T05:36:01+00:00,2.98
2017-01-03T13:09:11+00:00,2.94
2017-01-03T13:11:07+00:00,2.91
2017-01-03T13:12:46+00:00,2.93
2017-01-03T13:14:39+00:00,2.95
2017-01-03T13:16:15+00:00,2.95
2017-01-03T13:17:52+00:00,2.94
2017-01-03T13:19:47+00:00,2.97
2017-01-03T13:21:23+00:00,2.95
2017-01-03T13:23:11+00:00,2.97
2017-01-03T13:25:07+00:00,2.99
2017-01-03T13:26:48+00:00,3.0
2017-01-03T13:28:29+00:00,3.0
2017-01-03T13:30:20+00:00,3.0
2017-01-03T13:32:00+00:00,2.99
2017-01-03T13:33:45+00:00,2.98
2017-01-03T13:35:32+00:00,3.0
2017-01-03T13:37:07+00:00,16.27
2017-01-03T13:38:50+00:00,17.31
2017-01-03T13:40:33+00:00,17.82
2017-01-03T13:42:08+00:00,18.13
2017-01-03T13:43:53+00:00,18.33
2017-01-03T13:45:35+00:00,18.44
2017-01-03T13:47:09+00:00,18.42
2017-01-03T13:48:54+00:00,18.44
2017-01-03T13:50:36+00:00,18.45
2017-01-03T13:52:21+00:00,18.53
2017-01-03T13:54:07+00:00,18.55
2017-01-03T13:55:46+00:00,18.59
2017-01-03T13:57:20+00:00,18.57
2017-01-03T13:59:08+00:00,18.57
2017-01-03T14:00:58+00:00,18.55
2017-01-03T14:02:33+00:00,18.47
2017-01-03T14:04:23+00:00,18.51
2017-01-03T14:06:01+00:00,18.5
2017-01-03T14:07:36+00:00,18.49
2017-01-03T14:09:27+00:00,18.49
2017-01-03T14:11:05+00:00,18.52
2017-01-03T14:12:39+00:00,18.5
2017-01-03T14:14:31+00:00,18.55
2017-01-03T14:16:39+00:00,18.51
2017-01-03T14:18:18+00:00,20.19
2017-01-03T14:20:06+00:00,20.28
2017-01-03T14:21:40+00:00,18.67
2017-01-03T14:23:19+00:00,18.64
2017-01-03T14:25:07+00:00,18.66
2017-01-03T14:26:42+00:00,18.66
2017-01-03T14:28:19+00:00,18.65
2017-01-03T14:30:10+00:00,18.62
2017-01-03T14:31:45+00:00,18.61
2017-01-03T14:33:22+00:00,18.61
2017-01-03T14:35:13+00:00,18.59
2017-01-03T14:36:48+00:00,18.63
2017-01-03T14:38:28+00:00,18.61
2017-01-03T14:40:14+00:00,18.63
2017-01-03T14:41:48+00:00,18.65
2017-01-03T14:43:29+00:00,18.62
2017-01-03T14:45:16+00:00,18.63
2017-01-03T14:46:52+00:00,2.9
2017-01-03T14:48:31+00:00,2.91
2017-01-03T14:50:17+00:00,2.93
2017-01-03T14:51:52+00:00,2.94
2017-01-03T14:53:33+00:00,2.93
2017-01-03T14:55:18+00:00,2.96
2017-01-03T14:56:53+00:00,2.96
2017-01-03T14:58:34+00:00,2.98
2017-01-03T15:00:33+00:00,2.97
2017-01-03T15:02:09+00:00,2.97
2017-01-03T15:03:53+00:00,2.98
2017-01-03T15:05:37+00:00,2.97
2017-01-03T15:07:13+00:00,2.98
2017-01-03T15:08:57+00:00,2.99
2017-01-03T15:10:38+00:00,3.01
2017-01-03T15:12:12+00:00,2.99
2017-01-03T15:14:01+00:00,3.01
2017-01-03T15:15:42+00:00,10.78
2017-01-03T15:17:17+00:00,11.29
2017-01-03T15:19:02+00:00,11.61
2017-01-03T15:20:44+00:00,17.26
2017-01-03T15:22:18+00:00,17.95
2017-01-03T15:24:06+00:00,18.31
2017-01-03T15:25:46+00:00,18.53
2017-01-03T15:27:22+00:00,18.66
2017-01-03T15:29:10+00:00,18.62
2017-01-03T15:30:51+00:00,18.66
2017-01-03T15:32:26+00:00,18.6
2017-01-03T15:34:15+00:00,18.66
2017-01-03T15:36:06+00:00,18.73
2017-01-03T15:37:41+00:00,18.69
2017-01-03T15:39:34+00:00,18.71
2017-01-03T15:41:19+00:00,18.71
2017-01-03T15:42:54+00:00,18.71
2017-01-03T15:44:45+00:00,18.73
2017-01-03T15:46:22+00:00,18.72
2017-01-03T15:47:57+00:00,18.72
2017-01-03T15:49:46+00:00,18.74
2017-01-03T15:51:21+00:00,18.76
2017-01-03T15:52:57+00:00,18.76
2017-01-03T15:54:46+00:00,18.75
2017-01-03T15:56:21+00:00,18.78
2017-01-03T15:57:57+00:00,18.8
2017-01-03T15:59:58+00:00,18.78
2017-01-03T16:01:33+00:00,18.77
2017-01-03T16:03:10+00:00,18.81
2017-01-03T16:05:00+00:00,18.82
2017-01-03T16:06:36+00:00,18.82
2017-01-03T16:08:14+00:00,18.79
2017-01-03T16:10:04+00:00,18.82
2017-01-03T16:11:40+00:00,18.85
2017-01-03T16:13:18+00:00,2.92
2017-01-03T16:15:07+00:00,2.94
2017-01-03T16:16:42+00:00,2.95
2017-01-03T16:18:20+00:00,2.94
2017-01-03T16:20:09+00:00,2.99
2017-01-03T16:21:53+00:00,2.98
2017-01-03T16:23:34+00:00,2.97
2017-01-03T16:25:21+00:00,3.01
2017-01-03T16:26:55+00:00,2.97
2017-01-03T16:28:37+00:00,2.99
2017-01-03T16:30:25+00:00,2.99
2017-01-03T16:32:00+00:00,3.01
2017-01-03T16:33:43+00:00,3.01
2017-01-03T16:35:30+00:00,3.0
2017-01-03T16:37:04+00:00,3.0
2017-01-03T16:38:47+00:00,3.02
2017-01-03T16:40:32+00:00,3.0
2017-01-03T16:42:07+00:00,3.0
2017-01-03T16:43:49+00:00,3.01
2017-01-03T16:45:34+00:00,3.01
2017-01-03T16:47:08+00:00,17.17
2017-01-03T16:48:50+00:00,17.94
2017-01-03T16:50:36+00:00,18.46
2017-01-03T16:52:11+00:00,18.62
2017-01-03T16:53:54+00:00,18.75
2017-01-03T16:55:38+00:00,18.79
2017-01-03T16:57:14+00:00,18.85
2017-01-03T16:58:56+00:00,18.88
2017-01-03T17:00:40+00:00,18.87
2017-01-03T17:02:14+00:00,18.91
2017-01-03T17:03:59+00:00,18.89
2017-01-03T17:05:41+00:00,18.94
2017-01-03T17:07:15+00:00,18.91
2017-01-03T17:09:01+00:00,18.98
2017-01-03T17:10:42+00:00,18.91
2017-01-03T17:12:17+00:00,18.94
2017-01-03T17:14:03+00:00,18.93
2017-01-03T17:15:48+00:00,18.89
2017-01-03T17:17:23+00:00,18.9
2017-01-03T17:19:10+00:00,18.98
2017-01-03T17:20:51+00:00,19.0
2017-01-03T17:22:25+00:00,18.97
2017-01-03T17:24:13+00:00,19.0
2017-01-03T17:25:52+00:00,18.97
2017-01-03T17:27:27+00:00,18.95
2017-01-03T17:29:15+00:00,18.92
2017-01-03T17:30:54+00:00,2.91
2017-01-03T17:32:29+00:00,2.93
2017-01-03T17:34:18+00:00,2.97
2017-01-03T17:35:57+00:00,2.95
2017-01-03T17:37:32+00:00,2.98
2017-01-03T17:39:20+00:00,2.98
2017-01-03T17:40:58+00:00,2.99
2017-01-03T17:42:33+00:00,2.99
2017-01-03T17:44:24+00:00,2.98
2017-01-03T17:46:00+00:00,2.98
2017-01-03T17:47:34+00:00,19.54
2017-01-03T17:49:25+00:00,20.66
2017-01-03T17:51:02+00:00,21.62
2017-01-03T17:52:37+00:00,21.58
2017-01-03T17:54:29+00:00,3.01
2017-01-03T17:56:05+00:00,3.02
2017-01-03T17:57:40+00:00,3.01
2017-01-03T17:59:30+00:00,3.04
2017-01-03T18:01:15+00:00,3.01
2017-01-03T18:03:00+00:00,3.03
2017-01-03T18:04:53+00:00,3.02
2017-01-03T18:06:28+00:00,3.03
2017-01-03T18:08:04+00:00,3.04
2017-01-03T18:09:54+00:00,3.03
2017-01-03T18:11:30+00:00,3.02
2017-01-03T18:13:07+00:00,3.02
2017-01-03T18:14:57+00:00,3.03
2017-01-03T18:16:32+00:00,3.01
2017-01-03T18:18:09+00:00,3.02
2017-01-03T18:20:01+00:00,3.02
2017-01-03T18:21:36+00:00,3.03
2017-01-03T18:23:14+00:00,11.74
2017-01-03T18:25:04+00:00,11.61
2017-01-03T18:26:39+00:00,11.8
2017-01-03T18:28:26+00:00,19.5
2017-01-03T18:30:12+00:00,19.94
2017-01-03T18:31:48+00:00,18.6
2017-01-03T18:33:27+00:00,18.85
2017-01-03T18:35:15+00:00,18.93
2017-01-03T18:36:51+00:00,18.9
2017-01-03T18:38:32+00:00,19.02
2017-01-03T18:40:18+00:00,18.94
2017-01-03T18:41:51+00:00,18.8
2017-01-03T18:43:33+00:00,18.9
2017-01-03T18:45:19+00:00,18.97
2017-01-03T18:46:54+00:00,19.05
2017-01-03T18:48:34+00:00,19.09
2017-01-03T18:50:22+00:00,18.98
2017-01-03T18:52:06+00:00,19.02
2017-01-03T18:53:48+00:00,19.08
2017-01-03T18:55:32+00:00,19.11
2017-01-03T18:57:07+00:00,19.08
2017-01-03T18:58:52+00:00,2.95
2017-01-03T19:00:35+00:00,2.96
2017-01-03T19:02:09+00:00,2.99
2017-01-03T19:03:53+00:00,3.0
2017-01-03T19:05:37+00:00,3.0
2017-01-03T19:07:13+00:00,3.01
2017-01-03T19:08:57+00:00,3.0
2017-01-03T19:10:40+00:00,3.01
2017-01-03T19:12:14+00:00,3.0
2017-01-03T19:14:00+00:00,3.01
2017-01-03T19:15:41+00:00,3.01
2017-01-03T19:17:18+00:00,3.01
2017-01-03T19:19:02+00:00,3.01
2017-01-03T19:20:54+00:00,2.99
2017-01-03T19:22:29+00:00,3.01
2017-01-03T19:24:15+00:00,2.99
2017-01-03T19:25:53+00:00,2.99
2017-01-03T19:27:27+00:00,3.02
2017-01-03T19:29:16+00:00,3.01
2017-01-03T19:30:56+00:00,3.03
2017-01-03T19:32:43+00:00,3.01
2017-01-03T19:34:35+00:00,3.01
2017-01-03T19:36:09+00:00,3.01
2017-01-03T19:38:05+00:00,3.03
2017-01-03T19:39:57+00:00,3.04
2017-01-03T19:41:30+00:00,3.02
2017-01-03T19:43:07+00:00,3.03
2017-01-03T19:44:57+00:00,3.03
2017-01-03T19:46:31+00:00,3.03
2017-01-03T19:48:07+00:00,3.03
2017-01-03T19:50:00+00:00,3.01
2017-01-03T19:51:35+00:00,3.01
2017-01-03T19:53:14+00:00,3.03
2017-01-03T19:55:06+00:00,3.02
2017-01-03T19:56:43+00:00,3.04
2017-01-03T19:58:20+00:00,3.05
2017-01-03T20:00:11+00:00,3.04
2017-01-03T20:01:45+00:00,11.28
2017-01-03T20:03:24+00:00,11.58
2017-01-03T20:05:14+00:00,11.96
2017-01-03T20:06:50+00:00,18.07
2017-01-03T20:08:32+00:00,18.51
2017-01-03T20:10:33+00:00,18.91
2017-01-03T20:12:10+00:00,19.08
2017-01-03T20:13:53+00:00,19.09
2017-01-03T20:15:38+00:00,19.07
2017-01-03T20:17:19+00:00,19.07
2017-01-03T20:19:07+00:00,19.0
2017-01-03T20:20:49+00:00,18.97
2017-01-03T20:22:25+00:00,19.01
2017-01-03T20:24:14+00:00,19.02
2017-01-03T20:25:56+00:00,19.02
2017-01-03T20:27:32+00:00,19.14
2017-01-03T20:29:24+00:00,18.99
2017-01-03T20:31:04+00:00,19.03
2017-01-03T20:32:40+00:00,2.97
2017-01-03T20:34:35+00:00,2.97
2017-01-03T20:36:12+00:00,2.99
2017-01-03T20:37:49+00:00,2.98
2017-01-03T20:39:43+00:00,3.0
2017-01-03T20:41:19+00:00,3.0
2017-01-03T20:42:56+00:00,3.0
2017-01-03T20:44:47+00:00,3.02
2017-01-03T20:46:23+00:00,3.02
2017-01-03T20:47:59+00:00,3.03
2017-01-03T20:49:52+00:00,2.99
2017-01-03T20:51:28+00:00,2.99
2017-01-03T20:53:07+00:00,3.01
2017-01-03T20:54:56+00:00,2.99
2017-01-03T20:56:31+00:00,3.01
2017-01-03T20:58:08+00:00,3.0
2017-01-03T20:59:57+00:00,3.03
2017-01-03T21:01:33+00:00,3.04
2017-01-03T21:03:22+00:00,3.03
2017-01-03T21:05:12+00:00,3.01
2017-01-03T21:06:48+00:00,3.01
2017-01-03T21:08:30+00:00,2.99
2017-01-03T21:10:19+00:00,3.0
2017-01-03T21:11:56+00:00,3.0
2017-01-03T21:13:39+00:00,3.01
2017-01-03T21:15:28+00:00,3.01
2017-01-03T21:17:07+00:00,3.01
2017-01-03T21:18:49+00:00,3.02
2017-01-03T21:20:37+00:00,3.02
2017-01-03T21:22:13+00:00,3.0
2017-01-03T21:23:58+00:00,2.99
2017-01-03T21:25:43+00:00,3.02
2017-01-03T21:27:20+00:00,3.04
2017-01-03T21:29:07+00:00,3.02
2017-01-03T21:30:47+00:00,3.0
2017-01-03T21:32:24+00:00,3.02
2017-01-03T21:34:11+00:00,3.0
2017-01-03T21:35:53+00:00,3.0
2017-01-03T21:37:32+00:00,3.0
2017-01-03T21:39:24+00:00,3.0
2017-01-03T21:41:02+00:00,3.02
2017-01-03T21:42:38+00:00,3.0
2017-01-03T21:44:28+00:00,3.0
2017-01-03T21:46:05+00:00,3.0
2017-01-03T21:47:41+00:00,3.02
2017-01-03T21:49:35+00:00,3.0
2017-01-03T21:51:11+00:00,3.01
2017-01-03T21:52:48+00:00,3.0
2017-01-03T21:54:43+00:00,3.01
2017-01-03T21:56:18+00:00,3.02
2017-01-03T21:57:53+00:00,3.03
2017-01-03T21:59:43+00:00,3.0
2017-01-03T22:01:20+00:00,3.02
2017-01-03T22:02:57+00:00,3.02
2017-01-03T22:04:52+00:00,3.04
2017-01-03T22:06:27+00:00,3.02
2017-01-03T22:08:06+00:00,3.02
2017-01-03T22:10:07+00:00,3.01
2017-01-03T22:11:44+00:00,3.02
2017-01-03T22:13:21+00:00,3.02
2017-01-03T22:15:14+00:00,3.04
2017-01-03T22:16:51+00:00,3.02
2017-01-03T22:18:35+00:00,3.03
2017-01-03T22:20:25+00:00,3.01
2017-01-03T22:21:59+00:00,3.02
2017-01-03T22:23:40+00:00,3.05
2017-01-03T22:25:27+00:00,3.02
2017-01-03T22:27:02+00:00,3.03
2017-01-03T22:28:44+00:00,3.01
2017-01-03T22:30:26+00:00,3.01
2017-01-03T22:32:12+00:00,3.0
2017-01-03T22:33:53+00:00,2.99
2017-01-03T22:35:38+00:00,3.01
2017-01-03T22:37:12+00:00,3.01
2017-01-03T22:38:54+00:00,3.03
2017-01-03T22:40:39+00:00,3.01
2017-01-03T22:42:16+00:00,2.99
2017-01-03T22:44:00+00:00,4.63
2017-01-03T22:45:55+00:00,4.69
2017-01-03T22:47:29+00:00,3.01
2017-01-03T22:49:17+00:00,3.02
2017-01-03T22:50:57+00:00,3.01
2017-01-03T22:52:33+00:00,3.05
2017-01-03T22:54:20+00:00,3.04
2017-01-03T22:55:58+00:00,3.02
2017-01-03T22:57:34+00:00,3.02
2017-01-03T22:59:24+00:00,3.02
2017-01-03T23:01:05+00:00,3.04
2017-01-03T23:02:38+00:00,3.03
2017-01-03T23:04:28+00:00,3.05
2017-01-03T23:06:05+00:00,3.02
2017-01-03T23:07:40+00:00,3.04
2017-01-03T23:09:43+00:00,3.05
2017-01-03T23:11:19+00:00,3.06
2017-01-03T23:12:55+00:00,3.04
2017-01-03T23:14:48+00:00,3.03
2017-01-03T23:16:25+00:00,3.01
2017-01-03T23:18:02+00:00,3.02
2017-01-03T23:19:54+00:00,3.02
2017-01-03T23:21:40+00:00,3.0
2017-01-03T23:23:16+00:00,2.99
2017-01-03T23:25:08+00:00,3.01
2017-01-03T23:26:41+00:00,3.0
2017-01-03T23:28:20+00:00,3.0
2017-01-03T23:30:09+00:00,3.02
2017-01-03T23:31:45+00:00,3.0
2017-01-03T23:33:23+00:00,3.01
2017-01-03T23:35:15+00:00,2.99
2017-01-03T23:36:51+00:00,3.0
2017-01-03T23:38:43+00:00,3.03
2017-01-03T23:40:28+00:00,3.0
2017-01-03T23:42:03+00:00,3.01
2017-01-03T23:43:48+00:00,3.01
2017-01-03T23:45:34+00:00,3.01
2017-01-03T23:47:09+00:00,3.02
2017-01-03T23:49:06+00:00,2.99
2017-01-03T23:50:45+00:00,3.02
2017-01-03T23:52:23+00:00,3.02
2017-01-03T23:54:08+00:00,3.05
2017-01-03T23:55:48+00:00,3.0
2017-01-03T23:57:23+00:00,3.03
2017-01-03T23:59:11+00:00,3.03
2017-01-04T00:00:52+00:00,3.02
2017-01-04T00:02:27+00:00,3.0
2017-01-04T00:04:13+00:00,3.03
2017-01-04T00:05:52+00:00,3.03
2017-01-04T00:07:29+00:00,3.02
2017-01-04T00:09:19+00:00,3.01
2017-01-04T00:10:58+00:00,3.02
2017-01-04T00:12:33+00:00,3.0
2017-01-04T00:14:23+00:00,2.99
2017-01-04T00:16:01+00:00,3.0
2017-01-04T00:17:39+00:00,2.99
2017-01-04T00:19:30+00:00,3.01
2017-01-04T00:21:06+00:00,3.03
2017-01-04T00:22:42+00:00,3.02
2017-01-04T00:24:36+00:00,3.03
2017-01-04T00:26:11+00:00,3.03
2017-01-04T00:27:47+00:00,3.03
2017-01-04T00:29:39+00:00,3.01
2017-01-04T00:31:14+00:00,3.03
2017-01-04T00:32:50+00:00,3.04
2017-01-04T00:34:42+00:00,5.62
2017-01-04T00:36:17+00:00,5.61
2017-01-04T00:37:54+00:00,10.38
2017-01-04T00:39:56+00:00,17.35
2017-01-04T00:41:34+00:00,17.96
2017-01-04T00:43:09+00:00,18.34
2017-01-04T00:45:00+00:00,18.73
2017-01-04T00:46:36+00:00,18.74
2017-01-04T00:48:13+00:00,18.75
2017-01-04T00:50:05+00:00,18.84
2017-01-04T00:51:54+00:00,18.9
2017-01-04T00:53:37+00:00,18.9
2017-01-04T00:55:24+00:00,18.83
2017-01-04T00:57:00+00:00,18.89
2017-01-04T00:58:44+00:00,18.92
2017-01-04T01:00:28+00:00,18.92
2017-01-04T01:02:05+00:00,18.91
2017-01-04T01:03:58+00:00,18.85
2017-01-04T01:05:40+00:00,18.85
2017-01-04T01:07:15+00:00,18.9
2017-01-04T01:09:01+00:00,18.96
2017-01-04T01:10:43+00:00,18.94
2017-01-04T01:12:18+00:00,18.85
2017-01-04T01:14:02+00:00,18.9
2017-01-04T01:15:47+00:00,18.9
2017-01-04T01:17:22+00:00,18.96
2017-01-04T01:19:08+00:00,2.92
2017-01-04T01:20:49+00:00,2.93
2017-01-04T01:22:24+00:00,2.95
2017-01-04T01:24:11+00:00,2.95
2017-01-04T01:25:51+00:00,2.97
2017-01-04T01:27:27+00:00,2.97
2017-01-04T01:29:16+00:00,2.98
2017-01-04T01:30:54+00:00,2.97
2017-01-04T01:32:30+00:00,2.99
2017-01-04T01:34:20+00:00,3.0
2017-01-04T01:36:00+00:00,2.99
2017-01-04T01:37:34+00:00,3.0
2017-01-04T01:39:24+00:00,2.98
2017-01-04T01:41:01+00:00,2.98
2017-01-04T01:42:37+00:00,2.98
2017-01-04T01:44:31+00:00,3.0
2017-01-04T01:46:09+00:00,3.01
2017-01-04T01:47:46+00:00,2.99
2017-01-04T01:49:37+00:00,2.97
2017-01-04T01:51:11+00:00,2.99
2017-01-04T01:52:46+00:00,2.99
2017-01-04T01:54:38+00:00,2.98
2017-01-04T01:56:14+00:00,3.0
2017-01-04T01:57:51+00:00,2.98
2017-01-04T01:59:44+00:00,3.0
2017-01-04T02:01:23+00:00,2.99
2017-01-04T02:02:58+00:00,3.01
2017-01-04T02:04:52+00:00,3.02
2017-01-04T02:06:27+00:00,3.02
2017-01-04T02:08:04+00:00,3.01
2017-01-04T02:09:54+00:00,3.02
2017-01-04T02:11:29+00:00,3.02
2017-01-04T02:13:05+00:00,3.03
2017-01-04T02:14:56+00:00,3.04
2017-01-04T02:16:30+00:00,3.04
2017-01-04T02:18:08+00:00,3.01
2017-01-04T02:20:02+00:00,3.01
2017-01-04T02:21:45+00:00,3.01
2017-01-04T02:23:23+00:00,3.02
2017-01-04T02:25:12+00:00,3.03
2017-01-04T02:26:48+00:00,3.03
2017-01-04T02:28:27+00:00,3.01
2017-01-04T02:30:27+00:00,3.03
2017-01-04T02:32:14+00:00,3.02
2017-01-04T02:34:02+00:00,3.04
2017-01-04T02:35:47+00:00,3.01
2017-01-04T02:37:22+00:00,3.0
2017-01-04T02:39:13+00:00,3.02
2017-01-04T02:40:56+00:00,3.05
2017-01-04T02:42:39+00:00,16.17
2017-01-04T02:44:37+00:00,17.34
2017-01-04T02:46:13+00:00,18.04
2017-01-04T02:47:49+00:00,18.43
2017-01-04T02:49:50+00:00,18.83
2017-01-04T02:51:28+00:00,18.9
2017-01-04T02:53:04+00:00,18.94
2017-01-04T02:54:53+00:00,20.61
2017-01-04T02:56:28+00:00,20.61
2017-01-04T02:58:04+00:00,18.96
2017-01-04T02:59:57+00:00,18.93
2017-01-04T03:01:32+00:00,18.99
2017-01-04T03:03:10+00:00,18.95
2017-01-04T03:05:02+00:00,18.96
2017-01-04T03:06:38+00:00,18.99
2017-01-04T03:08:13+00:00,18.97
2017-01-04T03:10:05+00:00,18.98
2017-01-04T03:11:41+00:00,19.0
2017-01-04T03:13:20+00:00,18.99
2017-01-04T03:15:10+00:00,18.98
2017-01-04T03:16:46+00:00,18.96
2017-01-04T03:18:25+00:00,18.98
2017-01-04T03:20:17+00:00,19.02
2017-01-04T03:21:52+00:00,2.96
2017-01-04T03:23:31+00:00,2.95
2017-01-04T03:25:27+00:00,2.99
2017-01-04T03:27:02+00:00,2.98
2017-01-04T03:28:41+00:00,3.01
2017-01-04T03:30:28+00:00,3.01
2017-01-04T03:32:04+00:00,3.03
2017-01-04T03:33:46+00:00,3.02
2017-01-04T03:35:31+00:00,3.04
2017-01-04T03:37:06+00:00,3.0
2017-01-04T03:38:48+00:00,3.03
2017-01-04T03:40:32+00:00,3.03
2017-01-04T03:42:10+00:00,3.0
2017-01-04T03:43:50+00:00,3.03
2017-01-04T03:45:33+00:00,3.01
2017-01-04T03:47:07+00:00,3.02
2017-01-04T03:48:49+00:00,3.01
2017-01-04T03:50:35+00:00,3.05
2017-01-04T03:52:10+00:00,3.05
2017-01-04T03:53:54+00:00,3.03
2017-01-04T03:55:38+00:00,3.02
2017-01-04T03:57:12+00:00,3.02
2017-01-04T03:58:57+00:00,3.02
2017-01-04T04:00:43+00:00,2.98
2017-01-04T04:02:20+00:00,2.99
2017-01-04T04:04:05+00:00,3.02
2017-01-04T04:05:48+00:00,3.02
2017-01-04T04:07:25+00:00,3.01
2017-01-04T04:09:17+00:00,3.0
2017-01-04T04:11:18+00:00,3.02
2017-01-04T04:17:12+00:00,10.95
2017-01-04T04:19:03+00:00,11.47
2017-01-04T04:20:55+00:00,11.7
2017-01-04T04:22:49+00:00,17.79
2017-01-04T04:34:07+00:00,18.99
2017-01-04T04:36:02+00:00,18.95
2017-01-04T04:37:52+00:00,19.01
2017-01-04T04:40:12+00:00,18.97
2017-01-04T04:51:41+00:00,18.93
2017-01-04T04:54:00+00:00,18.92
2017-01-04T04:56:09+00:00,18.9
2017-01-04T04:58:18+00:00,2.93
2017-01-04T05:00:39+00:00,2.95
2017-01-04T06:02:51+00:00,18.86
2017-01-04T06:04:30+00:00,18.89
2017-01-04T06:06:34+00:00,18.88
2017-01-04T06:08:11+00:00,18.87
2017-01-04T06:09:49+00:00,18.88
2017-01-04T06:11:40+00:00,18.91
2017-01-04T06:13:16+00:00,18.88
2017-01-04T06:14:55+00:00,18.87
2017-01-04T06:17:04+00:00,18.92
2017-01-04T06:18:41+00:00,18.88
2017-01-04T06:20:36+00:00,18.91
2017-01-04T06:22:20+00:00,18.91
2017-01-04T06:24:05+00:00,18.9
2017-01-04T06:25:53+00:00,18.9
2017-01-04T06:27:43+00:00,2.95
2017-01-04T06:29:18+00:00,2.97
2017-01-04T06:31:09+00:00,2.96
2017-01-04T06:32:45+00:00,2.95
2017-01-04T06:34:29+00:00,2.95
2017-01-04T06:36:22+00:00,2.98
2017-01-04T06:37:57+00:00,2.97
2017-01-04T06:39:31+00:00,2.96
2017-01-04T06:41:22+00:00,2.98
2017-01-04T06:42:57+00:00,2.98
2017-01-04T06:44:32+00:00,3.0
2017-01-04T06:46:26+00:00,3.01
2017-01-04T06:48:01+00:00,2.99
2017-01-04T06:49:37+00:00,3.0
2017-01-04T06:51:31+00:00,3.02
2017-01-04T06:53:06+00:00,3.01
2017-01-04T06:54:44+00:00,3.01
2017-01-04T06:56:36+00:00,3.01
2017-01-04T06:58:10+00:00,3.0
2017-01-04T06:59:47+00:00,4.66
2017-01-04T07:01:41+00:00,4.66
2017-01-04T07:03:17+00:00,16.33
2017-01-04T07:04:54+00:00,17.46
2017-01-04T07:06:46+00:00,18.02
2017-01-04T07:08:22+00:00,18.36
2017-01-04T07:10:13+00:00,18.66
2017-01-04T07:12:03+00:00,18.72
2017-01-04T07:13:36+00:00,18.67
2017-01-04T07:15:18+00:00,18.72
2017-01-04T07:17:06+00:00,18.71
2017-01-04T07:18:41+00:00,18.75
2017-01-04T07:20:24+00:00,18.73
2017-01-04T07:22:12+00:00,18.77
2017-01-04T07:23:47+00:00,18.79
2017-01-04T07:25:30+00:00,18.78
2017-01-04T07:27:15+00:00,18.79
2017-01-04T07:28:51+00:00,18.75
2017-01-04T07:30:35+00:00,18.79
2017-01-04T07:32:19+00:00,18.75
2017-01-04T07:33:54+00:00,18.78
2017-01-04T07:35:39+00:00,18.78
2017-01-04T07:37:23+00:00,18.79
2017-01-04T07:38:59+00:00,18.78
2017-01-04T07:40:47+00:00,18.78
2017-01-04T07:42:29+00:00,2.94
2017-01-04T07:44:05+00:00,2.92
2017-01-04T07:45:55+00:00,2.94
2017-01-04T07:47:36+00:00,2.95
2017-01-04T07:49:13+00:00,2.94
2017-01-04T07:51:07+00:00,2.96
2017-01-04T07:52:42+00:00,2.97
2017-01-04T07:54:41+00:00,2.97
2017-01-04T07:56:38+00:00,2.96
2017-01-04T07:58:13+00:00,2.99
2017-01-04T07:59:53+00:00,2.97
2017-01-04T08:01:48+00:00,2.97
2017-01-04T08:03:25+00:00,2.97
2017-01-04T08:05:06+00:00,2.96
2017-01-04T08:06:57+00:00,2.99
2017-01-04T08:08:36+00:00,2.99
2017-01-04T08:10:19+00:00,3.0
2017-01-04T08:12:08+00:00,2.99
2017-01-04T08:13:45+00:00,3.01
2017-01-04T08:15:31+00:00,3.01
2017-01-04T08:17:15+00:00,16.66
2017-01-04T08:18:52+00:00,17.39
2017-01-04T08:20:38+00:00,17.9
2017-01-04T08:22:19+00:00,18.27
2017-01-04T08:23:55+00:00,18.43
2017-01-04T08:25:39+00:00,18.5
2017-01-04T08:27:22+00:00,18.53
2017-01-04T08:28:57+00:00,18.53
2017-01-04T08:30:46+00:00,18.59
2017-01-04T08:32:30+00:00,18.56
2017-01-04T08:34:05+00:00,18.6
2017-01-04T08:35:53+00:00,18.58
2017-01-04T08:37:33+00:00,18.54
2017-01-04T08:39:07+00:00,18.59
2017-01-04T08:40:57+00:00,18.56
2017-01-04T08:42:37+00:00,18.59
2017-01-04T08:44:13+00:00,18.64
2017-01-04T08:46:04+00:00,18.59
2017-01-04T08:47:42+00:00,18.52
2017-01-04T08:49:18+00:00,18.56
2017-01-04T08:51:16+00:00,18.57
2017-01-04T08:52:51+00:00,18.59
2017-01-04T08:54:26+00:00,18.6
2017-01-04T08:56:20+00:00,18.58
2017-01-04T08:57:54+00:00,18.62
2017-01-04T08:59:32+00:00,18.63
2017-01-04T09:01:32+00:00,18.56
2017-01-04T09:03:09+00:00,18.6
2017-01-04T09:04:48+00:00,18.57
2017-01-04T09:06:40+00:00,18.55
2017-01-04T09:08:16+00:00,18.58
2017-01-04T09:09:53+00:00,18.56
2017-01-04T09:11:48+00:00,18.53
2017-01-04T09:13:23+00:00,18.52
2017-01-04T09:15:05+00:00,18.56
2017-01-04T09:16:55+00:00,18.58
2017-01-04T09:18:29+00:00,18.56
2017-01-04T09:20:09+00:00,18.56
2017-01-04T09:21:59+00:00,2.89
2017-01-04T09:23:36+00:00,2.92
2017-01-04T09:25:17+00:00,2.94
2017-01-04T09:27:16+00:00,2.94
2017-01-04T09:28:51+00:00,2.97
2017-01-04T09:30:34+00:00,2.96
2017-01-04T09:32:21+00:00,2.96
2017-01-04T09:33:56+00:00,2.97
2017-01-04T09:35:42+00:00,2.97
2017-01-04T09:37:25+00:00,2.99
2017-01-04T09:39:01+00:00,2.98
2017-01-04T09:40:46+00:00,3.0
2017-01-04T09:42:31+00:00,3.0
2017-01-04T09:44:06+00:00,3.0
2017-01-04T09:45:54+00:00,3.01
2017-01-04T09:47:35+00:00,11.0
2017-01-04T09:49:10+00:00,11.11
2017-01-04T09:50:57+00:00,11.44
2017-01-04T09:52:39+00:00,17.02
2017-01-04T09:54:13+00:00,17.58
2017-01-04T09:56:04+00:00,17.96
2017-01-04T09:57:41+00:00,18.12
2017-01-04T09:59:18+00:00,18.3
2017-01-04T10:01:11+00:00,18.27
2017-01-04T10:02:49+00:00,18.25
2017-01-04T10:04:26+00:00,18.24
2017-01-04T10:06:20+00:00,18.3
2017-01-04T10:07:59+00:00,18.31
2017-01-04T10:09:37+00:00,18.3
2017-01-04T10:11:31+00:00,18.3
2017-01-04T10:13:09+00:00,18.32
2017-01-04T10:14:50+00:00,18.34
2017-01-04T10:16:44+00:00,18.33
2017-01-04T10:18:21+00:00,18.31
2017-01-04T10:20:00+00:00,18.34
2017-01-04T10:21:49+00:00,18.37
2017-01-04T10:23:27+00:00,18.36
2017-01-04T10:25:07+00:00,18.37
2017-01-04T10:26:58+00:00,18.41
2017-01-04T10:28:35+00:00,18.4
2017-01-04T10:31:18+00:00,18.39
2017-01-04T10:33:56+00:00,18.4
2017-01-04T10:36:38+00:00,18.41
2017-01-04T10:38:57+00:00,18.44
2017-01-04T10:41:12+00:00,18.41
2017-01-04T10:43:27+00:00,18.37
2017-01-04T10:45:17+00:00,18.41
2017-01-04T10:47:22+00:00,18.38
2017-01-04T10:49:05+00:00,18.39
2017-01-04T10:51:03+00:00,18.39
2017-01-04T10:52:47+00:00,18.37
2017-01-04T10:54:25+00:00,18.4
2017-01-04T10:56:20+00:00,18.43
2017-01-04T10:58:08+00:00,18.44
2017-01-04T10:59:48+00:00,18.47
2017-01-04T11:01:43+00:00,18.43
2017-01-04T11:03:25+00:00,18.42
2017-01-04T11:05:15+00:00,18.42
2017-01-04T11:07:08+00:00,18.38
2017-01-04T11:08:51+00:00,18.34
2017-01-04T11:10:44+00:00,18.35
2017-01-04T11:12:35+00:00,18.35
2017-01-04T11:14:18+00:00,18.33
2017-01-04T11:16:14+00:00,19.98
2017-01-04T11:17:55+00:00,19.97
2017-01-04T11:19:34+00:00,4.55
2017-01-04T11:21:31+00:00,2.92
2017-01-04T11:23:08+00:00,2.93
2017-01-04T11:24:47+00:00,2.93
2017-01-04T11:26:43+00:00,2.94
2017-01-04T11:28:23+00:00,2.97
2017-01-04T11:30:08+00:00,2.97
2017-01-04T11:32:33+00:00,2.95
2017-01-04T11:34:38+00:00,2.95
2017-01-04T11:36:37+00:00,2.98
2017-01-04T11:38:18+00:00,2.97
2017-01-04T11:40:00+00:00,2.96
2017-01-04T11:41:54+00:00,2.99
2017-01-04T11:43:33+00:00,16.16
2017-01-04T11:45:20+00:00,17.08
2017-01-04T11:47:13+00:00,17.66
2017-01-04T11:48:53+00:00,17.93
2017-01-04T11:50:43+00:00,18.13
2017-01-04T11:52:35+00:00,18.21
2017-01-04T11:54:15+00:00,18.24
2017-01-04T11:56:08+00:00,18.26
2017-01-04T11:57:53+00:00,18.26
2017-01-04T11:59:38+00:00,18.27
2017-01-04T12:01:29+00:00,18.32
2017-01-04T12:03:53+00:00,18.28
2017-01-04T12:05:40+00:00,18.31
2017-01-04T12:07:36+00:00,18.32
2017-01-04T12:09:24+00:00,18.3
2017-01-04T12:11:22+00:00,18.32
2017-01-04T12:13:24+00:00,18.33
2017-01-04T12:15:10+00:00,18.36
2017-01-04T12:17:08+00:00,18.33
2017-01-04T12:18:49+00:00,18.35
2017-01-04T12:20:39+00:00,18.3
2017-01-04T12:22:37+00:00,18.33
2017-01-04T12:24:20+00:00,18.31
2017-01-04T12:26:09+00:00,18.33
2017-01-04T12:27:57+00:00,18.34
2017-01-04T12:29:37+00:00,18.34
2017-01-04T12:31:40+00:00,18.37
2017-01-04T12:33:17+00:00,18.34
2017-01-04T12:34:55+00:00,18.36
2017-01-04T12:36:49+00:00,18.36
2017-01-04T12:38:26+00:00,18.33
2017-01-04T12:40:06+00:00,18.33
2017-01-04T12:41:56+00:00,18.34
2017-01-04T12:43:29+00:00,18.32
2017-01-04T12:45:11+00:00,18.3
2017-01-04T12:47:00+00:00,18.35
2017-01-04T12:48:37+00:00,18.34
2017-01-04T12:50:21+00:00,18.33
2017-01-04T12:52:09+00:00,18.33
2017-01-04T12:53:48+00:00,18.33
2017-01-04T12:55:32+00:00,18.35
2017-01-04T12:57:30+00:00,18.3
2017-01-04T12:59:09+00:00,18.3
2017-01-04T13:01:49+00:00,18.29
2017-01-04T13:03:23+00:00,18.29
2017-01-04T13:05:04+00:00,18.3
2017-01-04T13:06:56+00:00,18.35
2017-01-04T13:08:33+00:00,18.32
2017-01-04T13:10:11+00:00,18.32
2017-01-04T13:11:59+00:00,18.33
2017-01-04T13:13:34+00:00,18.37
2017-01-04T13:15:13+00:00,18.37
2017-01-04T13:17:01+00:00,18.37
2017-01-04T13:18:36+00:00,18.37
2017-01-04T13:20:18+00:00,18.28
2017-01-04T13:22:05+00:00,18.31
2017-01-04T13:23:39+00:00,18.31
2017-01-04T13:25:32+00:00,18.33
2017-01-04T13:27:18+00:00,18.3
2017-01-04T13:28:53+00:00,18.26
2017-01-04T13:30:36+00:00,18.33
2017-01-04T13:32:20+00:00,18.29
2017-01-04T13:33:55+00:00,18.26
2017-01-04T13:35:52+00:00,18.27
2017-01-04T13:37:33+00:00,18.2
2017-01-04T13:39:09+00:00,18.24
2017-01-04T13:40:56+00:00,18.3
2017-01-04T13:42:55+00:00,18.25
2017-01-04T13:44:30+00:00,18.26
2017-01-04T13:46:21+00:00,18.29
2017-01-04T13:47:55+00:00,18.24
2017-01-04T13:49:31+00:00,18.23
2017-01-04T13:51:32+00:00,18.3
2017-01-04T13:53:07+00:00,18.22
2017-01-04T13:54:43+00:00,18.24
2017-01-04T13:56:55+00:00,18.28
2017-01-04T13:58:28+00:00,18.31
2017-01-04T14:00:09+00:00,18.27
2017-01-04T14:01:59+00:00,18.23
2017-01-04T14:03:34+00:00,18.26
2017-01-04T14:05:13+00:00,18.21
2017-01-04T14:07:03+00:00,18.22
2017-01-04T14:08:37+00:00,18.27
2017-01-04T14:10:18+00:00,18.27
2017-01-04T14:12:03+00:00,18.3
2017-01-04T14:13:37+00:00,18.25
2017-01-04T14:15:18+00:00,18.27
2017-01-04T14:17:05+00:00,18.25
2017-01-04T14:18:39+00:00,2.91
2017-01-04T14:20:19+00:00,2.9
2017-01-04T14:22:06+00:00,2.91
2017-01-04T14:23:39+00:00,2.91
2017-01-04T14:25:20+00:00,2.94
2017-01-04T14:27:07+00:00,2.95
2017-01-04T14:28:41+00:00,2.94
2017-01-04T14:30:32+00:00,2.97
2017-01-04T14:32:15+00:00,2.97
2017-01-04T14:33:51+00:00,2.97
2017-01-04T14:35:34+00:00,2.98
2017-01-04T14:37:17+00:00,2.98
2017-01-04T14:38:51+00:00,2.96
2017-01-04T14:40:45+00:00,2.99
2017-01-04T14:42:26+00:00,16.87
2017-01-04T14:44:02+00:00,16.78
2017-01-04T14:45:47+00:00,17.51
2017-01-04T14:47:30+00:00,17.83
2017-01-04T14:49:05+00:00,18.12
2017-01-04T14:50:53+00:00,18.2
2017-01-04T14:52:32+00:00,18.25
2017-01-04T14:54:06+00:00,18.24
2017-01-04T14:55:52+00:00,21.41
2017-01-04T14:57:32+00:00,21.62
2017-01-04T14:59:07+00:00,21.66
2017-01-04T15:00:56+00:00,21.66
2017-01-04T15:02:36+00:00,21.73
2017-01-04T15:04:11+00:00,21.8
2017-01-04T15:06:00+00:00,21.86
2017-01-04T15:07:40+00:00,21.93
2017-01-04T15:09:16+00:00,21.96
2017-01-04T15:11:06+00:00,21.9
2017-01-04T15:12:43+00:00,21.9
2017-01-04T15:14:21+00:00,21.99
2017-01-04T15:16:14+00:00,23.66
2017-01-04T15:17:52+00:00,23.7
2017-01-04T15:19:29+00:00,22.02
2017-01-04T15:21:20+00:00,22.01
2017-01-04T15:22:56+00:00,21.99
2017-01-04T15:24:41+00:00,22.01
2017-01-04T15:26:33+00:00,22.05
2017-01-04T15:28:08+00:00,22.07
2017-01-04T15:29:54+00:00,22.08
2017-01-04T15:31:46+00:00,22.05
2017-01-04T15:33:21+00:00,22.02
2017-01-04T15:34:59+00:00,22.03
2017-01-04T15:36:50+00:00,22.07
2017-01-04T15:38:26+00:00,22.06
2017-01-04T15:40:06+00:00,22.12
2017-01-04T15:41:55+00:00,22.11
2017-01-04T15:43:30+00:00,22.08
2017-01-04T15:45:13+00:00,22.14
2017-01-04T15:47:03+00:00,22.14
2017-01-04T15:48:38+00:00,22.13
2017-01-04T15:50:19+00:00,22.1
2017-01-04T15:52:08+00:00,22.17
2017-01-04T15:53:44+00:00,22.19
2017-01-04T15:55:26+00:00,22.19
2017-01-04T15:57:11+00:00,22.19
2017-01-04T15:58:47+00:00,22.23
2017-01-04T16:00:31+00:00,22.28
2017-01-04T16:02:19+00:00,22.27
2017-01-04T16:03:56+00:00,35.56
2017-01-04T16:05:44+00:00,36.52
2017-01-04T16:07:26+00:00,37.15
2017-01-04T16:09:02+00:00,37.49
2017-01-04T16:10:49+00:00,37.74
2017-01-04T16:12:33+00:00,22.11
2017-01-04T16:14:13+00:00,22.26
2017-01-04T16:16:03+00:00,22.25
2017-01-04T16:17:43+00:00,22.27
2017-01-04T16:19:22+00:00,22.31
2017-01-04T16:21:16+00:00,22.32
2017-01-04T16:22:53+00:00,22.29
2017-01-04T16:24:39+00:00,22.29
2017-01-04T16:26:33+00:00,22.29
2017-01-04T16:28:20+00:00,22.3
2017-01-04T16:30:00+00:00,22.3
2017-01-04T16:31:52+00:00,22.29
2017-01-04T16:33:27+00:00,22.28
2017-01-04T16:35:07+00:00,22.29
2017-01-04T16:36:57+00:00,22.27
2017-01-04T16:38:33+00:00,22.28
2017-01-04T16:40:17+00:00,22.28
2017-01-04T16:42:05+00:00,22.26
2017-01-04T16:43:41+00:00,22.29
2017-01-04T16:45:25+00:00,22.29
2017-01-04T16:47:12+00:00,22.28
2017-01-04T16:48:52+00:00,22.27
2017-01-04T16:50:39+00:00,22.27
2017-01-04T16:52:23+00:00,22.28
2017-01-04T16:53:59+00:00,22.27
2017-01-04T16:55:45+00:00,22.26
2017-01-04T16:57:27+00:00,22.27
2017-01-04T16:59:04+00:00,22.27
2017-01-04T17:00:52+00:00,22.24
2017-01-04T17:02:36+00:00,22.25
2017-01-04T17:04:13+00:00,22.26
2017-01-04T17:06:01+00:00,22.25
2017-01-04T17:07:42+00:00,22.25
2017-01-04T17:09:18+00:00,30.49
2017-01-04T17:11:08+00:00,30.99
2017-01-04T17:12:47+00:00,31.23
2017-01-04T17:14:26+00:00,36.9
2017-01-04T17:16:19+00:00,37.63
2017-01-04T17:18:01+00:00,37.92
2017-01-04T17:19:37+00:00,38.44
2017-01-04T17:21:30+00:00,38.53
2017-01-04T17:23:08+00:00,38.62
2017-01-04T17:24:45+00:00,38.76
2017-01-04T17:26:36+00:00,38.7
2017-01-04T17:28:13+00:00,38.56
2017-01-04T17:29:51+00:00,38.53
2017-01-04T17:31:43+00:00,38.54
2017-01-04T17:33:20+00:00,38.7
2017-01-04T17:34:57+00:00,38.66
2017-01-04T17:36:51+00:00,22.57
2017-01-04T17:38:27+00:00,22.57
2017-01-04T17:40:07+00:00,22.58
2017-01-04T17:41:59+00:00,22.56
2017-01-04T17:43:35+00:00,22.55
2017-01-04T17:45:15+00:00,22.6
2017-01-04T17:47:05+00:00,22.6
2017-01-04T17:48:42+00:00,22.56
2017-01-04T17:50:31+00:00,22.57
2017-01-04T17:52:18+00:00,22.57
2017-01-04T17:53:53+00:00,22.55
2017-01-04T17:55:41+00:00,22.57
2017-01-04T17:57:24+00:00,22.56
2017-01-04T17:59:00+00:00,22.57
2017-01-04T18:00:47+00:00,22.57
2017-01-04T18:02:32+00:00,22.57
2017-01-04T18:04:08+00:00,22.55
2017-01-04T18:05:55+00:00,22.58
2017-01-04T18:07:50+00:00,22.6
2017-01-04T18:09:28+00:00,22.55
2017-01-04T18:11:21+00:00,22.56
2017-01-04T18:12:58+00:00,22.55
2017-01-04T18:14:36+00:00,22.55
2017-01-04T18:16:31+00:00,22.53
2017-01-04T18:18:08+00:00,22.55
2017-01-04T18:19:45+00:00,22.54
2017-01-04T18:21:39+00:00,22.56
2017-01-04T18:23:16+00:00,22.54
2017-01-04T18:24:52+00:00,22.56
2017-01-04T18:26:45+00:00,22.53
2017-01-04T18:28:21+00:00,22.53
2017-01-04T18:30:01+00:00,22.55
2017-01-04T18:31:50+00:00,22.54
2017-01-04T18:33:27+00:00,22.52
2017-01-04T18:35:07+00:00,22.56
2017-01-04T18:36:58+00:00,22.53
2017-01-04T18:38:33+00:00,22.56
2017-01-04T18:40:38+00:00,22.55
2017-01-04T18:42:24+00:00,22.55
2017-01-04T18:44:02+00:00,22.55
2017-01-04T18:45:49+00:00,22.53
2017-01-04T18:47:59+00:00,22.54
2017-01-04T18:49:35+00:00,22.55
2017-01-04T18:51:31+00:00,22.55
2017-01-04T18:53:09+00:00,22.54
2017-01-04T18:54:47+00:00,22.54
2017-01-04T18:56:40+00:00,22.54
2017-01-04T18:58:16+00:00,22.55
2017-01-04T18:59:55+00:00,22.55
2017-01-04T19:01:46+00:00,22.55
2017-01-04T19:03:34+00:00,22.52
2017-01-04T19:05:16+00:00,22.55
2017-01-04T19:07:32+00:00,22.52
2017-01-04T19:09:27+00:00,22.55
2017-01-04T19:11:19+00:00,22.54
2017-01-04T19:12:58+00:00,22.56
2017-01-04T19:14:33+00:00,22.53
2017-01-04T19:16:28+00:00,22.53
2017-01-04T19:18:04+00:00,24.19
2017-01-04T19:19:42+00:00,24.16
2017-01-04T19:21:36+00:00,22.51
2017-01-04T19:23:13+00:00,22.54
2017-01-04T19:24:51+00:00,22.55
2017-01-04T19:26:42+00:00,22.53
2017-01-04T19:28:18+00:00,22.52
2017-01-04T19:29:58+00:00,22.55
2017-01-04T19:31:49+00:00,22.54
2017-01-04T19:33:24+00:00,22.53
2017-01-04T19:35:04+00:00,22.53
2017-01-04T19:36:54+00:00,22.54
2017-01-04T19:38:30+00:00,22.53
2017-01-04T19:40:13+00:00,22.55
2017-01-04T19:42:04+00:00,22.52
2017-01-04T19:43:40+00:00,22.53
2017-01-04T19:45:24+00:00,22.55
2017-01-04T19:47:12+00:00,22.54
2017-01-04T19:48:49+00:00,22.55
2017-01-04T19:50:43+00:00,22.52
2017-01-04T19:52:29+00:00,22.55
2017-01-04T19:54:03+00:00,22.56
2017-01-04T19:55:48+00:00,22.52
2017-01-04T19:57:32+00:00,22.56
2017-01-04T19:59:07+00:00,22.56
2017-01-04T20:01:02+00:00,22.57
2017-01-04T20:02:42+00:00,22.55
2017-01-04T20:04:20+00:00,22.54
2017-01-04T20:06:13+00:00,22.52
2017-01-04T20:07:49+00:00,22.58
2017-01-04T20:09:25+00:00,22.56
2017-01-04T20:11:17+00:00,22.57
2017-01-04T20:12:55+00:00,22.56
2017-01-04T20:14:31+00:00,22.55
2017-01-04T20:16:26+00:00,22.54
2017-01-04T20:18:03+00:00,22.55
2017-01-04T20:19:40+00:00,22.54
2017-01-04T20:21:34+00:00,22.54
2017-01-04T20:23:20+00:00,22.54
2017-01-04T20:24:59+00:00,22.55
2017-01-04T20:26:50+00:00,22.55
2017-01-04T20:28:25+00:00,22.54
2017-01-04T20:30:07+00:00,22.53
2017-01-04T20:31:58+00:00,22.54
2017-01-04T20:33:35+00:00,22.55
2017-01-04T20:35:16+00:00,22.55
2017-01-04T20:37:02+00:00,22.57
2017-01-04T20:38:39+00:00,22.54
2017-01-04T20:40:23+00:00,22.56
2017-01-04T20:42:10+00:00,22.53
2017-01-04T20:43:47+00:00,22.56
2017-01-04T20:45:30+00:00,22.55
2017-01-04T20:47:16+00:00,22.57
2017-01-04T20:48:53+00:00,22.55
2017-01-04T20:50:37+00:00,22.55
2017-01-04T20:52:24+00:00,22.56
2017-01-04T20:54:11+00:00,22.58
2017-01-04T20:56:06+00:00,22.57
2017-01-04T20:57:43+00:00,22.56
2017-01-04T20:59:20+00:00,22.55
2017-01-04T21:01:14+00:00,22.56
2017-01-04T21:02:52+00:00,22.56
2017-01-04T21:04:28+00:00,22.53
2017-01-04T21:06:21+00:00,22.54
2017-01-04T21:07:56+00:00,22.56
2017-01-04T21:09:34+00:00,22.56
2017-01-04T21:11:28+00:00,22.56
2017-01-04T21:13:04+00:00,22.54
2017-01-04T21:14:42+00:00,22.56
2017-01-04T21:16:38+00:00,22.56
2017-01-04T21:18:13+00:00,22.58
2017-01-04T21:19:52+00:00,22.56
2017-01-04T21:21:46+00:00,22.55
2017-01-04T21:23:23+00:00,22.54
2017-01-04T21:25:02+00:00,22.54
2017-01-04T21:27:03+00:00,22.57
2017-01-04T21:28:42+00:00,22.55
2017-01-04T21:30:28+00:00,22.55
2017-01-04T21:32:26+00:00,22.58
2017-01-04T21:34:12+00:00,22.55
2017-01-04T21:36:06+00:00,22.56
2017-01-04T21:37:45+00:00,22.55
2017-01-04T21:39:22+00:00,22.58
2017-01-04T21:41:15+00:00,22.55
2017-01-04T21:42:55+00:00,22.55
2017-01-04T21:44:32+00:00,22.55
2017-01-04T21:46:28+00:00,22.56
2017-01-04T21:48:04+00:00,22.55
2017-01-04T21:49:39+00:00,22.57
2017-01-04T21:51:31+00:00,22.55
2017-01-04T21:53:16+00:00,22.56
2017-01-04T21:54:54+00:00,22.55
2017-01-04T21:56:48+00:00,22.56
2017-01-04T21:58:33+00:00,22.54
2017-01-04T22:00:15+00:00,22.57
2017-01-04T22:02:05+00:00,22.57
2017-01-04T22:03:42+00:00,22.57
2017-01-04T22:05:24+00:00,22.55
2017-01-04T22:07:11+00:00,22.55
2017-01-04T22:08:47+00:00,22.54
2017-01-04T22:10:31+00:00,22.56
2017-01-04T22:12:17+00:00,22.57
2017-01-04T22:13:54+00:00,22.55
2017-01-04T22:15:42+00:00,22.55
2017-01-04T22:17:27+00:00,22.57
2017-01-04T22:19:03+00:00,22.55
2017-01-04T22:20:52+00:00,22.58
2017-01-04T22:22:34+00:00,22.57
2017-01-04T22:24:20+00:00,22.55
2017-01-04T22:26:12+00:00,22.56
2017-01-04T22:27:49+00:00,22.53
2017-01-04T22:29:29+00:00,22.56
2017-01-04T22:31:22+00:00,22.57
2017-01-04T22:32:57+00:00,22.58
2017-01-04T22:34:34+00:00,22.56
2017-01-04T22:36:27+00:00,3.0
2017-01-04T22:38:05+00:00,3.02
2017-01-04T22:39:42+00:00,3.02
2017-01-04T22:41:36+00:00,3.03
2017-01-04T22:43:13+00:00,3.0
2017-01-04T22:44:53+00:00,3.02
2017-01-04T22:47:06+00:00,3.03
2017-01-04T22:48:42+00:00,3.02
2017-01-04T22:50:26+00:00,3.02
2017-01-04T22:52:14+00:00,3.02
2017-01-04T22:53:52+00:00,3.03
2017-01-04T22:55:36+00:00,3.02
2017-01-04T22:57:23+00:00,3.03
2017-01-04T22:58:58+00:00,2.98
2017-01-04T23:00:46+00:00,3.01
2017-01-04T23:02:28+00:00,3.0
2017-01-04T23:04:05+00:00,3.02
2017-01-04T23:05:53+00:00,3.0
2017-01-04T23:07:35+00:00,3.01
2017-01-04T23:09:13+00:00,3.0
2017-01-04T23:11:06+00:00,3.01
2017-01-04T23:12:42+00:00,3.03
2017-01-04T23:14:18+00:00,3.02
2017-01-04T23:16:06+00:00,3.02
2017-01-04T23:17:45+00:00,2.99
2017-01-04T23:19:21+00:00,3.03
2017-01-04T23:21:10+00:00,3.03
2017-01-04T23:22:47+00:00,3.02
2017-01-04T23:24:57+00:00,3.01
2017-01-04T23:26:48+00:00,3.01
2017-01-04T23:28:23+00:00,2.97
2017-01-04T23:30:03+00:00,3.01
2017-01-04T23:31:53+00:00,2.98
2017-01-04T23:33:40+00:00,3.01
2017-01-04T23:35:32+00:00,2.99
2017-01-04T23:37:17+00:00,3.02
2017-01-04T23:38:53+00:00,4.66
2017-01-04T23:40:35+00:00,4.65
2017-01-04T23:42:23+00:00,3.01
2017-01-04T23:44:00+00:00,3.01
2017-01-04T23:45:44+00:00,3.0
2017-01-04T23:47:27+00:00,3.02
2017-01-04T23:49:04+00:00,3.02
2017-01-04T23:50:49+00:00,3.02
2017-01-04T23:52:31+00:00,2.98
2017-01-04T23:54:07+00:00,3.02
2017-01-04T23:55:56+00:00,3.03
2017-01-04T23:57:36+00:00,3.02
2017-01-04T23:59:11+00:00,3.02
2017-01-05T00:01:00+00:00,3.04
2017-01-05T00:02:43+00:00,3.01
2017-01-05T00:04:17+00:00,3.01
2017-01-05T00:06:11+00:00,3.03
2017-01-05T00:08:00+00:00,3.04
2017-01-05T00:09:45+00:00,3.02
2017-01-05T00:11:38+00:00,3.03
2017-01-05T00:13:13+00:00,3.01
2017-01-05T00:14:51+00:00,3.01
2017-01-05T00:16:46+00:00,3.04
2017-01-05T00:18:22+00:00,3.0
2017-01-05T00:20:01+00:00,3.01
2017-01-05T00:21:53+00:00,3.04
2017-01-05T00:23:28+00:00,3.65
2017-01-05T00:25:09+00:00,3.65
2017-01-05T00:26:58+00:00,3.69
2017-01-05T00:28:44+00:00,3.68
2017-01-05T00:30:25+00:00,3.68
2017-01-05T00:32:12+00:00,3.68
2017-01-05T00:33:47+00:00,3.68
2017-01-05T00:35:31+00:00,3.71
2017-01-05T00:37:21+00:00,3.7
2017-01-05T00:38:56+00:00,3.68
2017-01-05T00:40:40+00:00,3.7
2017-01-05T00:42:24+00:00,3.04
2017-01-05T00:44:07+00:00,3.01
2017-01-05T00:45:53+00:00,3.01
2017-01-05T00:47:34+00:00,3.03
2017-01-05T00:49:09+00:00,3.02
2017-01-05T00:51:00+00:00,3.0
2017-01-05T00:52:43+00:00,3.01
2017-01-05T00:54:19+00:00,3.01
2017-01-05T00:56:11+00:00,3.01
2017-01-05T00:57:58+00:00,2.98
2017-01-05T00:59:44+00:00,3.02
2017-01-05T01:01:34+00:00,3.01
2017-01-05T01:03:12+00:00,2.99
2017-01-05T01:04:51+00:00,3.01
2017-01-05T01:06:40+00:00,2.98
2017-01-05T01:08:15+00:00,3.01
2017-01-05T01:09:52+00:00,2.99
2017-01-05T01:11:42+00:00,3.03
2017-01-05T01:13:20+00:00,3.03
2017-01-05T01:15:01+00:00,3.04
2017-01-05T01:16:49+00:00,3.03
2017-01-05T01:18:25+00:00,3.03
2017-01-05T01:20:03+00:00,3.02
2017-01-05T01:21:52+00:00,3.0
2017-01-05T01:23:28+00:00,3.01
2017-01-05T01:25:05+00:00,3.01
2017-01-05T01:26:55+00:00,2.99
2017-01-05T01:28:32+00:00,3.02
2017-01-05T01:30:12+00:00,3.0
2017-01-05T01:32:00+00:00,3.01
2017-01-05T01:33:35+00:00,3.01
2017-01-05T01:35:16+00:00,3.01
2017-01-05T01:37:01+00:00,3.01
2017-01-05T01:38:35+00:00,3.01
2017-01-05T01:40:13+00:00,3.0
2017-01-05T01:42:00+00:00,3.01
2017-01-05T01:43:35+00:00,3.01
2017-01-05T01:45:18+00:00,3.0
2017-01-05T01:47:06+00:00,3.02
2017-01-05T01:48:42+00:00,2.99
2017-01-05T01:50:29+00:00,3.0
2017-01-05T01:52:13+00:00,3.0
2017-01-05T01:53:46+00:00,3.01
2017-01-05T01:55:29+00:00,3.03
2017-01-05T01:57:11+00:00,3.01
